time,tavg,tmin,tmax,prcp,wspd,pres,review_count,lag1,lag2,lag3,lag7,lag14,lag30,rolling_mean_7,rolling_std_7,rolling_max_7,rolling_mean_14,rolling_std_14,rolling_max_14,rolling_mean_30,rolling_std_30,rolling_max_30
2021-01-31,15.9,9.0,23.0,0.0,11.4,1024.5,0.0,0.0,0.0,0.0,0.0,0.0,0.0,0.0,0.0,0.0,0.0,0.0,0.0,0.06666666666666667,0.2537081317024624,1.0
2021-02-01,15.6,9.8,22.0,0.0,11.1,1025.7,0.0,0.0,0.0,0.0,0.0,0.0,0.0,0.0,0.0,0.0,0.0,0.0,0.0,0.06666666666666667,0.2537081317024624,1.0
2021-02-02,16.3,9.2,24.0,0.0,8.7,1026.8,0.0,0.0,0.0,0.0,0.0,0.0,0.0,0.0,0.0,0.0,0.0,0.0,0.0,0.06666666666666667,0.2537081317024624,1.0
2021-02-03,17.0,11.0,25.0,0.1,7.5,1025.8,0.0,0.0,0.0,0.0,0.0,0.0,0.0,0.0,0.0,0.0,0.0,0.0,0.0,0.06666666666666667,0.2537081317024624,1.0
2021-02-04,16.9,11.5,23.4,0.0,9.4,1024.2,0.0,0.0,0.0,0.0,0.0,0.0,0.0,0.0,0.0,0.0,0.0,0.0,0.0,0.06666666666666667,0.2537081317024624,1.0
2021-02-05,16.4,13.0,22.0,0.0,18.6,1022.0,0.0,0.0,0.0,0.0,0.0,0.0,0.0,0.0,0.0,0.0,0.0,0.0,0.0,0.06666666666666667,0.2537081317024624,1.0
2021-02-06,12.1,9.0,17.0,1.1,18.1,1022.2,0.0,0.0,0.0,0.0,0.0,0.0,0.0,0.0,0.0,0.0,0.0,0.0,0.0,0.06666666666666667,0.2537081317024624,1.0
2021-02-07,13.0,7.0,19.0,0.0,8.3,1023.1,0.0,0.0,0.0,0.0,0.0,0.0,0.0,0.0,0.0,0.0,0.0,0.0,0.0,0.06666666666666667,0.2537081317024624,1.0
2021-02-08,10.5,8.5,14.0,6.7,14.3,1026.0,0.0,0.0,0.0,0.0,0.0,0.0,0.0,0.0,0.0,0.0,0.0,0.0,0.0,0.06666666666666667,0.2537081317024624,1.0
2021-02-09,11.2,7.0,17.5,0.9,8.8,1026.7,0.0,0.0,0.0,0.0,0.0,0.0,1.0,0.0,0.0,0.0,0.0,0.0,0.0,0.03333333333333333,0.18257418583505533,1.0
2021-02-10,13.1,6.0,20.0,0.0,4.8,1025.3,0.0,0.0,0.0,0.0,0.0,0.0,0.0,0.0,0.0,0.0,0.0,0.0,0.0,0.03333333333333333,0.18257418583505533,1.0
2021-02-11,14.1,8.0,21.0,0.0,4.3,1023.7,1.0,0.0,0.0,0.0,0.0,0.0,0.0,0.14285714285714285,0.37796447300922725,1.0,0.07142857142857142,0.2672612419124244,1.0,0.06666666666666667,0.2537081317024624,1.0
2021-02-12,15.1,9.0,21.0,0.0,8.7,1022.7,0.0,1.0,0.0,0.0,0.0,0.0,0.0,0.14285714285714285,0.37796447300922725,1.0,0.07142857142857142,0.2672612419124244,1.0,0.06666666666666667,0.2537081317024624,1.0
2021-02-13,17.3,9.0,21.3,0.0,9.4,1023.2,0.0,0.0,1.0,0.0,0.0,0.0,0.0,0.14285714285714285,0.37796447300922725,1.0,0.07142857142857142,0.2672612419124244,1.0,0.06666666666666667,0.2537081317024624,1.0
2021-02-14,16.3,10.5,22.4,0.0,9.6,1024.1,0.0,0.0,0.0,1.0,0.0,0.0,0.0,0.14285714285714285,0.37796447300922725,1.0,0.07142857142857142,0.2672612419124244,1.0,0.06666666666666667,0.2537081317024624,1.0
2021-02-15,17.4,11.6,22.4,0.0,11.1,1023.5,0.0,0.0,0.0,0.0,0.0,0.0,1.0,0.14285714285714285,0.37796447300922725,1.0,0.07142857142857142,0.2672612419124244,1.0,0.03333333333333333,0.18257418583505533,1.0
2021-02-16,17.8,10.5,24.0,0.0,10.5,1021.6,1.0,0.0,0.0,0.0,0.0,0.0,0.0,0.2857142857142857,0.48795003647426666,1.0,0.14285714285714285,0.36313651960128146,1.0,0.06666666666666667,0.2537081317024624,1.0
2021-02-17,18.7,14.7,24.5,0.0,17.9,1021.8,0.0,1.0,0.0,0.0,0.0,0.0,0.0,0.2857142857142857,0.48795003647426666,1.0,0.14285714285714285,0.36313651960128146,1.0,0.06666666666666667,0.2537081317024624,1.0
2021-02-18,15.4,13.0,19.5,2.4,9.5,1024.1,0.0,0.0,1.0,0.0,1.0,0.0,0.0,0.14285714285714285,0.37796447300922725,1.0,0.14285714285714285,0.36313651960128146,1.0,0.06666666666666667,0.2537081317024624,1.0
2021-02-19,14.6,12.0,20.0,13.1,11.2,1024.6,0.0,0.0,0.0,1.0,0.0,0.0,0.0,0.14285714285714285,0.37796447300922725,1.0,0.14285714285714285,0.36313651960128146,1.0,0.06666666666666667,0.2537081317024624,1.0
2021-02-20,13.8,12.0,18.0,0.0,17.2,1023.8,0.0,0.0,0.0,0.0,0.0,0.0,0.0,0.14285714285714285,0.37796447300922725,1.0,0.14285714285714285,0.36313651960128146,1.0,0.06666666666666667,0.2537081317024624,1.0
2021-02-21,13.9,12.0,18.0,0.2,18.6,1023.8,0.0,0.0,0.0,0.0,0.0,0.0,0.0,0.14285714285714285,0.37796447300922725,1.0,0.14285714285714285,0.36313651960128146,1.0,0.06666666666666667,0.2537081317024624,1.0
2021-02-22,15.4,12.0,20.0,0.4,13.4,1024.2,0.0,0.0,0.0,0.0,0.0,0.0,0.0,0.14285714285714285,0.37796447300922725,1.0,0.14285714285714285,0.36313651960128146,1.0,0.06666666666666667,0.2537081317024624,1.0
2021-02-23,16.1,13.0,21.0,0.1,15.9,1024.8,0.0,0.0,0.0,0.0,1.0,0.0,0.0,0.0,0.0,0.0,0.14285714285714285,0.36313651960128146,1.0,0.06666666666666667,0.2537081317024624,1.0
2021-02-24,15.4,11.9,19.0,0.0,19.8,1023.2,0.0,0.0,0.0,0.0,0.0,0.0,0.0,0.0,0.0,0.0,0.14285714285714285,0.36313651960128146,1.0,0.06666666666666667,0.2537081317024624,1.0
2021-02-25,15.0,12.5,19.0,0.0,19.5,1023.0,0.0,0.0,0.0,0.0,0.0,1.0,0.0,0.0,0.0,0.0,0.07142857142857142,0.2672612419124244,1.0,0.06666666666666667,0.2537081317024624,1.0
2021-02-26,15.4,9.0,22.0,0.0,13.5,1022.6,0.0,0.0,0.0,0.0,0.0,0.0,0.0,0.0,0.0,0.0,0.07142857142857142,0.2672612419124244,1.0,0.06666666666666667,0.2537081317024624,1.0
2021-02-27,16.0,12.0,21.0,0.0,18.9,1021.8,0.0,0.0,0.0,0.0,0.0,0.0,0.0,0.0,0.0,0.0,0.07142857142857142,0.2672612419124244,1.0,0.06666666666666667,0.2537081317024624,1.0
2021-02-28,16.1,12.6,21.0,0.0,17.7,1022.8,0.0,0.0,0.0,0.0,0.0,0.0,0.0,0.0,0.0,0.0,0.07142857142857142,0.2672612419124244,1.0,0.06666666666666667,0.2537081317024624,1.0
2021-03-01,15.6,12.0,20.0,0.0,16.6,1023.4,0.0,0.0,0.0,0.0,0.0,0.0,0.0,0.0,0.0,0.0,0.07142857142857142,0.2672612419124244,1.0,0.06666666666666667,0.2537081317024624,1.0
2021-03-02,16.3,9.0,22.0,0.0,14.1,1024.8,0.0,0.0,0.0,0.0,0.0,1.0,0.0,0.0,0.0,0.0,0.0,0.0,0.0,0.06666666666666667,0.2537081317024624,1.0
2021-03-03,16.9,11.0,23.5,0.0,10.9,1024.7,0.0,0.0,0.0,0.0,0.0,0.0,0.0,0.0,0.0,0.0,0.0,0.0,0.0,0.06666666666666667,0.2537081317024624,1.0
2021-03-04,16.9,12.8,22.2,0.0,15.3,1024.1,0.0,0.0,0.0,0.0,0.0,0.0,0.0,0.0,0.0,0.0,0.0,0.0,0.0,0.06666666666666667,0.2537081317024624,1.0
2021-03-05,17.2,10.7,23.0,0.0,10.5,1025.5,0.0,0.0,0.0,0.0,0.0,0.0,0.0,0.0,0.0,0.0,0.0,0.0,0.0,0.06666666666666667,0.2537081317024624,1.0
2021-03-06,18.6,12.3,26.0,0.0,8.5,1025.7,0.0,0.0,0.0,0.0,0.0,0.0,0.0,0.0,0.0,0.0,0.0,0.0,0.0,0.06666666666666667,0.2537081317024624,1.0
2021-03-07,17.3,11.0,24.0,0.0,9.7,1024.2,0.0,0.0,0.0,0.0,0.0,0.0,0.0,0.0,0.0,0.0,0.0,0.0,0.0,0.06666666666666667,0.2537081317024624,1.0
2021-03-08,17.3,10.0,23.3,0.0,8.1,1022.8,0.0,0.0,0.0,0.0,0.0,0.0,0.0,0.0,0.0,0.0,0.0,0.0,0.0,0.06666666666666667,0.2537081317024624,1.0
2021-03-09,18.4,10.8,25.0,0.0,9.8,1023.5,0.0,0.0,0.0,0.0,0.0,0.0,0.0,0.0,0.0,0.0,0.0,0.0,0.0,0.06666666666666667,0.2537081317024624,1.0
2021-03-10,18.7,12.4,25.0,0.0,9.8,1024.0,0.0,0.0,0.0,0.0,0.0,0.0,0.0,0.0,0.0,0.0,0.0,0.0,0.0,0.06666666666666667,0.2537081317024624,1.0
2021-03-11,19.2,14.0,26.0,0.0,11.3,1023.3,0.0,0.0,0.0,0.0,0.0,0.0,0.0,0.0,0.0,0.0,0.0,0.0,0.0,0.06666666666666667,0.2537081317024624,1.0
2021-03-12,19.0,12.3,26.0,0.0,10.8,1022.7,0.0,0.0,0.0,0.0,0.0,0.0,0.0,0.0,0.0,0.0,0.0,0.0,0.0,0.06666666666666667,0.2537081317024624,1.0
2021-03-13,19.8,13.0,27.4,0.0,6.3,1023.2,0.0,0.0,0.0,0.0,0.0,0.0,1.0,0.0,0.0,0.0,0.0,0.0,0.0,0.03333333333333333,0.18257418583505533,1.0
2021-03-14,19.6,13.9,25.0,0.0,9.8,1022.7,0.0,0.0,0.0,0.0,0.0,0.0,0.0,0.0,0.0,0.0,0.0,0.0,0.0,0.03333333333333333,0.18257418583505533,1.0
2021-03-15,19.2,13.0,25.2,0.0,8.6,1021.9,0.0,0.0,0.0,0.0,0.0,0.0,0.0,0.0,0.0,0.0,0.0,0.0,0.0,0.03333333333333333,0.18257418583505533,1.0
2021-03-16,19.5,13.9,27.0,0.0,11.5,1021.9,0.0,0.0,0.0,0.0,0.0,0.0,0.0,0.0,0.0,0.0,0.0,0.0,0.0,0.03333333333333333,0.18257418583505533,1.0
2021-03-17,19.4,12.1,27.0,0.1,7.6,1021.9,0.0,0.0,0.0,0.0,0.0,0.0,0.0,0.0,0.0,0.0,0.0,0.0,0.0,0.03333333333333333,0.18257418583505533,1.0
2021-03-18,19.2,12.0,26.0,0.0,8.0,1021.8,0.0,0.0,0.0,0.0,0.0,0.0,1.0,0.0,0.0,0.0,0.0,0.0,0.0,0.0,0.0,0.0
2021-03-19,19.1,12.0,26.4,0.0,8.1,1021.0,0.0,0.0,0.0,0.0,0.0,0.0,0.0,0.0,0.0,0.0,0.0,0.0,0.0,0.0,0.0,0.0
2021-03-20,19.8,11.7,28.0,0.0,6.3,1020.4,0.0,0.0,0.0,0.0,0.0,0.0,0.0,0.0,0.0,0.0,0.0,0.0,0.0,0.0,0.0,0.0
2021-03-21,19.7,12.2,27.5,0.1,8.6,1022.9,0.0,0.0,0.0,0.0,0.0,0.0,0.0,0.0,0.0,0.0,0.0,0.0,0.0,0.0,0.0,0.0
2021-03-22,19.4,11.6,27.0,0.0,8.6,1023.3,0.0,0.0,0.0,0.0,0.0,0.0,0.0,0.0,0.0,0.0,0.0,0.0,0.0,0.0,0.0,0.0
2021-03-23,19.9,12.2,27.0,0.0,6.5,1023.8,0.0,0.0,0.0,0.0,0.0,0.0,0.0,0.0,0.0,0.0,0.0,0.0,0.0,0.0,0.0,0.0
2021-03-24,19.9,13.6,27.0,0.0,8.8,1021.6,0.0,0.0,0.0,0.0,0.0,0.0,0.0,0.0,0.0,0.0,0.0,0.0,0.0,0.0,0.0,0.0
2021-03-25,20.5,14.0,28.0,0.0,10.7,1020.4,0.0,0.0,0.0,0.0,0.0,0.0,0.0,0.0,0.0,0.0,0.0,0.0,0.0,0.0,0.0,0.0
2021-03-26,19.8,13.7,27.4,0.0,11.5,1021.4,0.0,0.0,0.0,0.0,0.0,0.0,0.0,0.0,0.0,0.0,0.0,0.0,0.0,0.0,0.0,0.0
2021-03-27,19.3,12.2,26.0,0.0,9.2,1021.9,0.0,0.0,0.0,0.0,0.0,0.0,0.0,0.0,0.0,0.0,0.0,0.0,0.0,0.0,0.0,0.0
2021-03-28,18.1,11.0,25.0,0.0,9.6,1019.8,0.0,0.0,0.0,0.0,0.0,0.0,0.0,0.0,0.0,0.0,0.0,0.0,0.0,0.0,0.0,0.0
2021-03-29,18.9,14.0,25.0,0.0,10.9,1017.1,0.0,0.0,0.0,0.0,0.0,0.0,0.0,0.0,0.0,0.0,0.0,0.0,0.0,0.0,0.0,0.0
2021-03-30,19.2,12.8,25.0,0.0,10.4,1015.7,0.0,0.0,0.0,0.0,0.0,0.0,0.0,0.0,0.0,0.0,0.0,0.0,0.0,0.0,0.0,0.0
2021-03-31,20.1,12.6,27.0,0.0,10.2,1015.9,0.0,0.0,0.0,0.0,0.0,0.0,0.0,0.0,0.0,0.0,0.0,0.0,0.0,0.0,0.0,0.0
2021-04-01,20.2,13.4,27.4,0.0,12.3,1016.0,0.0,0.0,0.0,0.0,0.0,0.0,0.0,0.0,0.0,0.0,0.0,0.0,0.0,0.0,0.0,0.0
2021-04-02,19.9,12.6,27.2,0.0,8.2,1016.6,0.0,0.0,0.0,0.0,0.0,0.0,0.0,0.0,0.0,0.0,0.0,0.0,0.0,0.0,0.0,0.0
2021-04-03,20.4,14.0,27.0,0.0,12.5,1015.8,0.0,0.0,0.0,0.0,0.0,0.0,0.0,0.0,0.0,0.0,0.0,0.0,0.0,0.0,0.0,0.0
2021-04-04,20.3,13.9,27.0,0.0,11.2,1016.0,0.0,0.0,0.0,0.0,0.0,0.0,0.0,0.0,0.0,0.0,0.0,0.0,0.0,0.0,0.0,0.0
2021-04-05,20.4,14.7,27.0,0.0,10.3,1016.3,0.0,0.0,0.0,0.0,0.0,0.0,0.0,0.0,0.0,0.0,0.0,0.0,0.0,0.0,0.0,0.0
2021-04-06,20.5,14.7,27.0,0.0,8.4,1016.9,0.0,0.0,0.0,0.0,0.0,0.0,0.0,0.0,0.0,0.0,0.0,0.0,0.0,0.0,0.0,0.0
2021-04-07,20.8,15.0,27.6,0.0,10.0,1020.3,0.0,0.0,0.0,0.0,0.0,0.0,0.0,0.0,0.0,0.0,0.0,0.0,0.0,0.0,0.0,0.0
2021-04-08,20.6,14.3,27.3,0.0,8.2,1024.0,0.0,0.0,0.0,0.0,0.0,0.0,0.0,0.0,0.0,0.0,0.0,0.0,0.0,0.0,0.0,0.0
2021-04-09,20.8,15.0,27.2,0.0,13.4,1021.4,0.0,0.0,0.0,0.0,0.0,0.0,0.0,0.0,0.0,0.0,0.0,0.0,0.0,0.0,0.0,0.0
2021-04-10,20.4,16.0,27.0,0.0,11.9,1021.7,0.0,0.0,0.0,0.0,0.0,0.0,0.0,0.0,0.0,0.0,0.0,0.0,0.0,0.0,0.0,0.0
2021-04-11,19.3,15.0,24.2,0.0,14.4,1023.0,0.0,0.0,0.0,0.0,0.0,0.0,0.0,0.0,0.0,0.0,0.0,0.0,0.0,0.0,0.0,0.0
2021-04-12,19.4,15.4,23.5,0.0,9.6,1024.2,0.0,0.0,0.0,0.0,0.0,0.0,0.0,0.0,0.0,0.0,0.0,0.0,0.0,0.0,0.0,0.0
2021-04-13,19.4,15.0,25.0,0.0,16.6,1024.2,0.0,0.0,0.0,0.0,0.0,0.0,0.0,0.0,0.0,0.0,0.0,0.0,0.0,0.0,0.0,0.0
2021-04-14,19.8,14.0,25.6,0.0,8.5,1023.7,0.0,0.0,0.0,0.0,0.0,0.0,0.0,0.0,0.0,0.0,0.0,0.0,0.0,0.0,0.0,0.0
2021-04-15,20.7,15.7,26.0,1.9,11.8,1023.4,0.0,0.0,0.0,0.0,0.0,0.0,0.0,0.0,0.0,0.0,0.0,0.0,0.0,0.0,0.0,0.0
2021-04-16,19.9,14.5,25.1,2.2,11.7,1024.0,0.0,0.0,0.0,0.0,0.0,0.0,0.0,0.0,0.0,0.0,0.0,0.0,0.0,0.0,0.0,0.0
2021-04-17,19.0,15.0,26.1,0.7,9.4,1024.8,0.0,0.0,0.0,0.0,0.0,0.0,0.0,0.0,0.0,0.0,0.0,0.0,0.0,0.0,0.0,0.0
2021-04-18,18.4,11.0,26.0,1.2,11.7,1026.6,0.0,0.0,0.0,0.0,0.0,0.0,0.0,0.0,0.0,0.0,0.0,0.0,0.0,0.0,0.0,0.0
2021-04-19,19.4,15.0,27.0,0.1,12.9,1026.1,0.0,0.0,0.0,0.0,0.0,0.0,0.0,0.0,0.0,0.0,0.0,0.0,0.0,0.0,0.0,0.0
2021-04-20,19.3,12.0,26.1,0.7,7.7,1024.6,0.0,0.0,0.0,0.0,0.0,0.0,0.0,0.0,0.0,0.0,0.0,0.0,0.0,0.0,0.0,0.0
2021-04-21,19.9,12.4,27.2,0.2,7.8,1024.2,0.0,0.0,0.0,0.0,0.0,0.0,0.0,0.0,0.0,0.0,0.0,0.0,0.0,0.0,0.0,0.0
2021-04-22,20.3,14.0,27.0,0.0,6.9,1024.4,0.0,0.0,0.0,0.0,0.0,0.0,0.0,0.0,0.0,0.0,0.0,0.0,0.0,0.0,0.0,0.0
2021-04-23,19.7,12.5,26.1,0.1,8.9,1023.6,1.0,0.0,0.0,0.0,0.0,0.0,0.0,0.14285714285714285,0.37796447300922725,1.0,0.07142857142857142,0.2672612419124244,1.0,0.03333333333333333,0.18257418583505533,1.0
2021-04-24,19.3,14.0,26.0,0.0,11.2,1023.0,0.0,1.0,0.0,0.0,0.0,0.0,0.0,0.14285714285714285,0.37796447300922725,1.0,0.07142857142857142,0.2672612419124244,1.0,0.03333333333333333,0.18257418583505533,1.0
2021-04-25,18.8,14.0,26.0,1.1,7.9,1023.0,0.0,0.0,1.0,0.0,0.0,0.0,0.0,0.14285714285714285,0.37796447300922725,1.0,0.07142857142857142,0.2672612419124244,1.0,0.03333333333333333,0.18257418583505533,1.0
2021-04-26,17.4,14.0,24.7,2.4,6.4,1023.2,0.0,0.0,0.0,1.0,0.0,0.0,0.0,0.14285714285714285,0.37796447300922725,1.0,0.07142857142857142,0.2672612419124244,1.0,0.03333333333333333,0.18257418583505533,1.0
2021-04-27,15.6,12.0,21.1,21.1,5.9,1022.7,0.0,0.0,0.0,0.0,0.0,0.0,0.0,0.14285714285714285,0.37796447300922725,1.0,0.07142857142857142,0.2672612419124244,1.0,0.03333333333333333,0.18257418583505533,1.0
2021-04-28,16.3,14.0,21.3,3.8,7.1,1023.1,0.0,0.0,0.0,0.0,0.0,0.0,0.0,0.14285714285714285,0.37796447300922725,1.0,0.07142857142857142,0.2672612419124244,1.0,0.03333333333333333,0.18257418583505533,1.0
2021-04-29,17.2,13.8,23.2,0.6,8.8,1023.6,0.0,0.0,0.0,0.0,0.0,0.0,0.0,0.14285714285714285,0.37796447300922725,1.0,0.07142857142857142,0.2672612419124244,1.0,0.03333333333333333,0.18257418583505533,1.0
2021-04-30,19.3,14.6,24.0,1.3,14.1,1023.5,0.0,0.0,0.0,0.0,1.0,0.0,0.0,0.0,0.0,0.0,0.07142857142857142,0.2672612419124244,1.0,0.03333333333333333,0.18257418583505533,1.0
2021-05-01,20.1,15.3,25.0,0.0,8.1,1023.2,0.0,0.0,0.0,0.0,0.0,0.0,0.0,0.0,0.0,0.0,0.07142857142857142,0.2672612419124244,1.0,0.03333333333333333,0.18257418583505533,1.0
2021-05-02,18.4,16.0,23.5,0.3,6.1,1022.1,0.0,0.0,0.0,0.0,0.0,0.0,0.0,0.0,0.0,0.0,0.07142857142857142,0.2672612419124244,1.0,0.03333333333333333,0.18257418583505533,1.0
2021-05-03,18.3,14.0,24.3,0.1,10.9,1022.0,0.0,0.0,0.0,0.0,0.0,0.0,0.0,0.0,0.0,0.0,0.07142857142857142,0.2672612419124244,1.0,0.03333333333333333,0.18257418583505533,1.0
2021-05-04,19.7,13.1,26.2,0.4,8.7,1021.6,0.0,0.0,0.0,0.0,0.0,0.0,0.0,0.0,0.0,0.0,0.07142857142857142,0.2672612419124244,1.0,0.03333333333333333,0.18257418583505533,1.0
2021-05-05,20.7,15.8,26.1,0.1,6.0,1022.8,0.0,0.0,0.0,0.0,0.0,0.0,0.0,0.0,0.0,0.0,0.07142857142857142,0.2672612419124244,1.0,0.03333333333333333,0.18257418583505533,1.0
2021-05-06,21.1,16.5,27.0,1.3,3.7,1024.0,0.0,0.0,0.0,0.0,0.0,0.0,0.0,0.0,0.0,0.0,0.07142857142857142,0.2672612419124244,1.0,0.03333333333333333,0.18257418583505533,1.0
2021-05-07,21.3,15.2,27.3,0.0,8.3,1025.0,0.0,0.0,0.0,0.0,0.0,1.0,0.0,0.0,0.0,0.0,0.0,0.0,0.0,0.03333333333333333,0.18257418583505533,1.0
2021-05-08,22.1,17.5,28.0,0.1,7.7,1024.3,0.0,0.0,0.0,0.0,0.0,0.0,0.0,0.0,0.0,0.0,0.0,0.0,0.0,0.03333333333333333,0.18257418583505533,1.0
2021-05-09,22.1,17.0,28.0,0.1,10.7,1023.3,0.0,0.0,0.0,0.0,0.0,0.0,0.0,0.0,0.0,0.0,0.0,0.0,0.0,0.03333333333333333,0.18257418583505533,1.0
2021-05-10,21.1,11.2,27.4,0.0,10.4,1024.1,0.0,0.0,0.0,0.0,0.0,0.0,0.0,0.0,0.0,0.0,0.0,0.0,0.0,0.03333333333333333,0.18257418583505533,1.0
2021-05-11,21.4,17.0,27.8,0.0,5.1,1024.2,0.0,0.0,0.0,0.0,0.0,0.0,0.0,0.0,0.0,0.0,0.0,0.0,0.0,0.03333333333333333,0.18257418583505533,1.0
2021-05-12,22.4,18.8,28.0,0.1,7.0,1023.3,0.0,0.0,0.0,0.0,0.0,0.0,0.0,0.0,0.0,0.0,0.0,0.0,0.0,0.03333333333333333,0.18257418583505533,1.0
2021-05-13,23.8,19.3,28.2,0.0,5.9,1022.7,0.0,0.0,0.0,0.0,0.0,0.0,0.0,0.0,0.0,0.0,0.0,0.0,0.0,0.03333333333333333,0.18257418583505533,1.0
2021-05-14,21.9,18.0,29.1,0.0,9.9,1022.7,0.0,0.0,0.0,0.0,0.0,0.0,0.0,0.0,0.0,0.0,0.0,0.0,0.0,0.03333333333333333,0.18257418583505533,1.0
2021-05-15,22.6,16.5,28.1,0.1,6.9,1021.8,0.0,0.0,0.0,0.0,0.0,0.0,0.0,0.0,0.0,0.0,0.0,0.0,0.0,0.03333333333333333,0.18257418583505533,1.0
2021-05-16,23.2,17.6,29.0,0.0,7.3,1021.8,0.0,0.0,0.0,0.0,0.0,0.0,0.0,0.0,0.0,0.0,0.0,0.0,0.0,0.03333333333333333,0.18257418583505533,1.0
2021-05-17,23.8,17.0,29.0,0.0,5.8,1022.5,0.0,0.0,0.0,0.0,0.0,0.0,0.0,0.0,0.0,0.0,0.0,0.0,0.0,0.03333333333333333,0.18257418583505533,1.0
2021-05-18,23.7,17.0,30.0,0.0,6.8,1022.7,0.0,0.0,0.0,0.0,0.0,0.0,0.0,0.0,0.0,0.0,0.0,0.0,0.0,0.03333333333333333,0.18257418583505533,1.0
2021-05-19,24.5,17.4,30.0,0.1,9.4,1022.9,0.0,0.0,0.0,0.0,0.0,0.0,0.0,0.0,0.0,0.0,0.0,0.0,0.0,0.03333333333333333,0.18257418583505533,1.0
2021-05-20,25.2,19.0,32.0,0.0,7.2,1023.3,0.0,0.0,0.0,0.0,0.0,0.0,0.0,0.0,0.0,0.0,0.0,0.0,0.0,0.03333333333333333,0.18257418583505533,1.0
2021-05-21,24.4,18.3,31.3,0.0,8.5,1023.8,0.0,0.0,0.0,0.0,0.0,0.0,0.0,0.0,0.0,0.0,0.0,0.0,0.0,0.03333333333333333,0.18257418583505533,1.0
2021-05-22,23.1,17.1,29.2,0.0,9.8,1023.0,0.0,0.0,0.0,0.0,0.0,0.0,0.0,0.0,0.0,0.0,0.0,0.0,0.0,0.03333333333333333,0.18257418583505533,1.0
2021-05-23,23.0,18.0,28.2,0.0,10.9,1022.1,0.0,0.0,0.0,0.0,0.0,0.0,1.0,0.0,0.0,0.0,0.0,0.0,0.0,0.0,0.0,0.0
2021-05-24,23.3,18.0,29.0,0.0,13.0,1023.9,0.0,0.0,0.0,0.0,0.0,0.0,0.0,0.0,0.0,0.0,0.0,0.0,0.0,0.0,0.0,0.0
2021-05-25,23.3,17.7,30.2,0.0,9.2,1023.8,0.0,0.0,0.0,0.0,0.0,0.0,0.0,0.0,0.0,0.0,0.0,0.0,0.0,0.0,0.0,0.0
2021-05-26,23.9,18.0,31.0,0.0,8.4,1023.2,0.0,0.0,0.0,0.0,0.0,0.0,0.0,0.0,0.0,0.0,0.0,0.0,0.0,0.0,0.0,0.0
2021-05-27,25.2,18.5,32.1,0.0,12.1,1023.7,0.0,0.0,0.0,0.0,0.0,0.0,0.0,0.0,0.0,0.0,0.0,0.0,0.0,0.0,0.0,0.0
2021-05-28,24.1,17.9,30.7,0.0,9.4,1024.6,0.0,0.0,0.0,0.0,0.0,0.0,0.0,0.0,0.0,0.0,0.0,0.0,0.0,0.0,0.0,0.0
2021-05-29,23.4,17.0,29.0,0.1,8.5,1024.5,0.0,0.0,0.0,0.0,0.0,0.0,0.0,0.0,0.0,0.0,0.0,0.0,0.0,0.0,0.0,0.0
2021-05-30,24.5,17.6,30.0,0.0,6.8,1024.3,1.0,0.0,0.0,0.0,0.0,0.0,0.0,0.14285714285714285,0.37796447300922725,1.0,0.07142857142857142,0.2672612419124244,1.0,0.03333333333333333,0.18257418583505533,1.0
2021-05-31,26.1,18.0,33.0,0.0,15.9,1023.2,0.0,1.0,0.0,0.0,0.0,0.0,0.0,0.14285714285714285,0.37796447300922725,1.0,0.07142857142857142,0.2672612419124244,1.0,0.03333333333333333,0.18257418583505533,1.0
2021-06-01,26.5,19.9,31.8,0.0,23.5,1021.4,1.0,0.0,1.0,0.0,0.0,0.0,0.0,0.2857142857142857,0.48795003647426666,1.0,0.14285714285714285,0.36313651960128146,1.0,0.06666666666666667,0.2537081317024624,1.0
2021-06-02,26.0,19.0,32.0,0.0,14.8,1023.0,1.0,1.0,0.0,1.0,0.0,0.0,0.0,0.42857142857142855,0.5345224838248489,1.0,0.21428571428571427,0.4258153136263201,1.0,0.1,0.30512857662936466,1.0
2021-06-03,26.6,19.7,32.0,0.0,18.3,1023.9,0.0,1.0,1.0,0.0,0.0,0.0,0.0,0.42857142857142855,0.5345224838248489,1.0,0.21428571428571427,0.4258153136263201,1.0,0.1,0.30512857662936466,1.0
2021-06-04,25.7,17.9,32.2,0.0,13.3,1024.0,0.0,0.0,1.0,1.0,0.0,0.0,0.0,0.42857142857142855,0.5345224838248489,1.0,0.21428571428571427,0.4258153136263201,1.0,0.1,0.30512857662936466,1.0
2021-06-05,24.3,17.0,31.0,0.0,9.3,1023.0,0.0,0.0,0.0,1.0,0.0,0.0,0.0,0.42857142857142855,0.5345224838248489,1.0,0.21428571428571427,0.4258153136263201,1.0,0.1,0.30512857662936466,1.0
2021-06-06,24.7,20.0,30.1,0.0,10.0,1023.6,1.0,0.0,0.0,0.0,1.0,0.0,0.0,0.42857142857142855,0.5345224838248489,1.0,0.2857142857142857,0.46880723093849547,1.0,0.13333333333333333,0.3457459036417604,1.0
2021-06-07,25.9,17.8,34.0,0.2,7.2,1023.5,0.0,1.0,0.0,0.0,0.0,0.0,0.0,0.42857142857142855,0.5345224838248489,1.0,0.2857142857142857,0.46880723093849547,1.0,0.13333333333333333,0.3457459036417604,1.0
2021-06-08,27.3,21.0,33.0,0.0,16.1,1023.0,0.0,0.0,1.0,0.0,1.0,0.0,0.0,0.2857142857142857,0.48795003647426666,1.0,0.2857142857142857,0.46880723093849547,1.0,0.13333333333333333,0.3457459036417604,1.0
2021-06-09,26.0,20.0,32.5,0.0,10.3,1022.8,0.0,0.0,0.0,1.0,1.0,0.0,0.0,0.14285714285714285,0.37796447300922725,1.0,0.2857142857142857,0.46880723093849547,1.0,0.13333333333333333,0.3457459036417604,1.0
2021-06-10,25.2,19.5,32.1,0.0,7.4,1021.6,0.0,0.0,0.0,0.0,0.0,0.0,0.0,0.14285714285714285,0.37796447300922725,1.0,0.2857142857142857,0.46880723093849547,1.0,0.13333333333333333,0.3457459036417604,1.0
2021-06-11,25.7,20.0,32.0,0.0,8.1,1021.0,0.0,0.0,0.0,0.0,0.0,0.0,0.0,0.14285714285714285,0.37796447300922725,1.0,0.2857142857142857,0.46880723093849547,1.0,0.13333333333333333,0.3457459036417604,1.0
2021-06-12,26.6,20.0,32.0,0.1,11.2,1021.9,0.0,0.0,0.0,0.0,0.0,0.0,0.0,0.14285714285714285,0.37796447300922725,1.0,0.2857142857142857,0.46880723093849547,1.0,0.13333333333333333,0.3457459036417604,1.0
2021-06-13,25.3,19.6,30.2,0.0,15.1,1022.9,0.0,0.0,0.0,0.0,1.0,1.0,0.0,0.0,0.0,0.0,0.21428571428571427,0.42581531362632014,1.0,0.13333333333333333,0.3457459036417604,1.0
2021-06-14,25.1,20.0,30.0,0.0,14.9,1022.5,0.0,0.0,0.0,0.0,0.0,0.0,0.0,0.0,0.0,0.0,0.21428571428571427,0.42581531362632014,1.0,0.13333333333333333,0.3457459036417604,1.0
2021-06-15,24.6,18.0,31.0,0.0,9.6,1022.3,0.0,0.0,0.0,0.0,0.0,1.0,0.0,0.0,0.0,0.0,0.14285714285714285,0.3631365196012815,1.0,0.13333333333333333,0.3457459036417604,1.0
2021-06-16,24.8,19.7,31.8,0.1,8.9,1022.2,0.0,0.0,0.0,0.0,0.0,1.0,0.0,0.0,0.0,0.0,0.07142857142857142,0.26726124191242445,1.0,0.13333333333333333,0.3457459036417604,1.0
2021-06-17,24.2,17.4,31.0,0.0,7.4,1022.9,0.0,0.0,0.0,0.0,0.0,0.0,0.0,0.0,0.0,0.0,0.07142857142857142,0.26726124191242445,1.0,0.13333333333333333,0.3457459036417604,1.0
2021-06-18,24.6,18.0,32.0,0.1,10.3,1023.1,0.0,0.0,0.0,0.0,0.0,0.0,0.0,0.0,0.0,0.0,0.07142857142857142,0.26726124191242445,1.0,0.13333333333333333,0.3457459036417604,1.0
2021-06-19,24.8,18.5,32.2,0.1,10.9,1023.0,0.0,0.0,0.0,0.0,0.0,0.0,0.0,0.0,0.0,0.0,0.07142857142857142,0.26726124191242445,1.0,0.13333333333333333,0.3457459036417604,1.0
2021-06-20,25.5,17.0,33.0,0.0,9.9,1022.4,0.0,0.0,0.0,0.0,0.0,1.0,0.0,0.0,0.0,0.0,0.0,0.0,0.0,0.13333333333333333,0.3457459036417604,1.0
2021-06-21,25.4,17.1,33.0,0.0,13.2,1022.0,0.0,0.0,0.0,0.0,0.0,0.0,0.0,0.0,0.0,0.0,0.0,0.0,0.0,0.13333333333333333,0.3457459036417604,1.0
2021-06-22,25.7,18.0,32.0,0.0,16.0,1021.8,0.0,0.0,0.0,0.0,0.0,0.0,0.0,0.0,0.0,0.0,0.0,0.0,0.0,0.13333333333333333,0.3457459036417604,1.0
2021-06-23,26.6,18.0,33.2,0.0,13.8,1022.2,0.0,0.0,0.0,0.0,0.0,0.0,0.0,0.0,0.0,0.0,0.0,0.0,0.0,0.13333333333333333,0.3457459036417604,1.0
2021-06-24,26.7,20.5,32.0,0.0,14.7,1022.4,0.0,0.0,0.0,0.0,0.0,0.0,0.0,0.0,0.0,0.0,0.0,0.0,0.0,0.13333333333333333,0.3457459036417604,1.0
2021-06-25,26.0,19.2,33.0,0.0,12.3,1021.7,0.0,0.0,0.0,0.0,0.0,0.0,0.0,0.0,0.0,0.0,0.0,0.0,0.0,0.13333333333333333,0.3457459036417604,1.0
2021-06-26,26.0,18.7,32.0,0.0,15.5,1019.4,0.0,0.0,0.0,0.0,0.0,0.0,0.0,0.0,0.0,0.0,0.0,0.0,0.0,0.13333333333333333,0.3457459036417604,1.0
2021-06-27,23.9,17.4,33.1,0.2,11.0,1020.2,1.0,0.0,0.0,0.0,0.0,0.0,0.0,0.14285714285714285,0.37796447300922725,1.0,0.07142857142857142,0.26726124191242445,1.0,0.16666666666666666,0.3790490217894517,1.0
2021-06-28,23.9,21.0,29.4,0.7,8.8,1022.0,1.0,1.0,0.0,0.0,0.0,0.0,0.0,0.2857142857142857,0.48795003647426666,1.0,0.14285714285714285,0.3631365196012815,1.0,0.2,0.40683810217248617,1.0
2021-06-29,24.9,17.5,33.0,0.0,9.8,1021.0,0.0,1.0,1.0,0.0,0.0,0.0,1.0,0.2857142857142857,0.48795003647426666,1.0,0.14285714285714285,0.3631365196012815,1.0,0.16666666666666666,0.3790490217894517,1.0
2021-06-30,24.8,19.5,32.0,0.0,9.0,1022.2,0.0,0.0,1.0,1.0,0.0,0.0,0.0,0.2857142857142857,0.48795003647426666,1.0,0.14285714285714285,0.3631365196012815,1.0,0.16666666666666666,0.3790490217894517,1.0
2021-07-01,25.0,16.7,33.0,0.0,11.7,1022.4,0.0,0.0,0.0,1.0,0.0,0.0,1.0,0.2857142857142857,0.48795003647426666,1.0,0.14285714285714285,0.3631365196012815,1.0,0.13333333333333333,0.3457459036417604,1.0
2021-07-02,25.3,18.0,33.6,0.5,9.7,1020.9,0.0,0.0,0.0,0.0,0.0,0.0,1.0,0.2857142857142857,0.48795003647426666,1.0,0.14285714285714285,0.3631365196012815,1.0,0.1,0.30512857662936466,1.0
2021-07-03,26.9,18.6,34.0,0.0,10.0,1020.2,0.0,0.0,0.0,0.0,0.0,0.0,0.0,0.2857142857142857,0.48795003647426666,1.0,0.14285714285714285,0.3631365196012815,1.0,0.1,0.30512857662936466,1.0
2021-07-04,25.7,19.9,34.2,0.2,7.5,1020.4,0.0,0.0,0.0,0.0,1.0,0.0,0.0,0.14285714285714285,0.37796447300922725,1.0,0.14285714285714285,0.3631365196012815,1.0,0.1,0.30512857662936466,1.0
2021-07-05,25.7,19.0,31.0,0.5,8.4,1019.8,0.0,0.0,0.0,0.0,1.0,0.0,0.0,0.0,0.0,0.0,0.14285714285714285,0.3631365196012815,1.0,0.1,0.30512857662936466,1.0
2021-07-06,25.4,20.0,32.4,0.0,9.6,1019.1,0.0,0.0,0.0,0.0,0.0,0.0,1.0,0.0,0.0,0.0,0.14285714285714285,0.3631365196012815,1.0,0.06666666666666667,0.2537081317024624,1.0
2021-07-07,24.6,18.1,33.0,0.0,10.1,1018.8,1.0,0.0,0.0,0.0,0.0,0.0,0.0,0.14285714285714285,0.37796447300922725,1.0,0.21428571428571427,0.42581531362632014,1.0,0.1,0.30512857662936466,1.0
2021-07-08,23.9,17.2,31.4,0.3,7.8,1020.8,0.0,1.0,0.0,0.0,0.0,0.0,0.0,0.14285714285714285,0.37796447300922725,1.0,0.21428571428571427,0.42581531362632014,1.0,0.1,0.30512857662936466,1.0
2021-07-09,26.7,17.8,34.0,0.0,12.9,1020.1,0.0,0.0,1.0,0.0,0.0,0.0,0.0,0.14285714285714285,0.37796447300922725,1.0,0.21428571428571427,0.42581531362632014,1.0,0.1,0.30512857662936466,1.0
2021-07-10,25.1,20.3,33.6,0.0,7.7,1018.7,1.0,0.0,0.0,1.0,0.0,0.0,0.0,0.2857142857142857,0.48795003647426666,1.0,0.2857142857142857,0.46880723093849547,1.0,0.13333333333333333,0.3457459036417604,1.0
2021-07-11,24.7,18.4,32.2,0.0,10.2,1019.3,1.0,1.0,0.0,0.0,0.0,1.0,0.0,0.42857142857142855,0.5345224838248489,1.0,0.2857142857142857,0.46880723093849547,1.0,0.16666666666666666,0.3790490217894517,1.0
2021-07-12,25.3,19.6,33.0,0.0,11.2,1019.9,1.0,1.0,1.0,0.0,0.0,1.0,0.0,0.5714285714285714,0.5345224838248489,1.0,0.2857142857142857,0.46880723093849547,1.0,0.2,0.40683810217248617,1.0
2021-07-13,25.0,20.0,33.3,0.0,12.2,1019.0,0.0,1.0,1.0,1.0,0.0,0.0,0.0,0.5714285714285714,0.5345224838248489,1.0,0.2857142857142857,0.46880723093849547,1.0,0.2,0.40683810217248617,1.0
2021-07-14,24.1,19.3,33.0,0.0,8.1,1018.2,0.0,0.0,1.0,1.0,1.0,0.0,0.0,0.42857142857142855,0.5345224838248489,1.0,0.2857142857142857,0.46880723093849547,1.0,0.2,0.40683810217248617,1.0
2021-07-15,22.4,18.0,30.4,0.6,12.8,1018.8,0.0,0.0,0.0,1.0,0.0,0.0,0.0,0.42857142857142855,0.5345224838248489,1.0,0.2857142857142857,0.46880723093849547,1.0,0.2,0.40683810217248617,1.0
2021-07-16,24.1,17.8,31.3,0.2,9.8,1018.8,0.0,0.0,0.0,0.0,0.0,0.0,0.0,0.42857142857142855,0.5345224838248489,1.0,0.2857142857142857,0.46880723093849547,1.0,0.2,0.40683810217248617,1.0
2021-07-17,23.8,20.0,29.0,0.0,11.8,1017.7,0.0,0.0,0.0,0.0,1.0,0.0,0.0,0.2857142857142857,0.48795003647426666,1.0,0.2857142857142857,0.46880723093849547,1.0,0.2,0.40683810217248617,1.0
2021-07-18,23.1,21.0,26.4,0.2,11.7,1018.1,0.0,0.0,0.0,0.0,1.0,0.0,0.0,0.14285714285714285,0.37796447300922725,1.0,0.2857142857142857,0.46880723093849547,1.0,0.2,0.40683810217248617,1.0
2021-07-19,20.4,17.0,24.2,4.0,13.7,1019.3,1.0,0.0,0.0,0.0,1.0,0.0,0.0,0.14285714285714285,0.37796447300922725,1.0,0.35714285714285715,0.49724515809884695,1.0,0.23333333333333334,0.4301830671520763,1.0
2021-07-20,18.6,15.0,23.2,8.3,11.1,1019.3,0.0,1.0,0.0,0.0,0.0,0.0,0.0,0.14285714285714285,0.37796447300922725,1.0,0.35714285714285715,0.49724515809884695,1.0,0.23333333333333334,0.4301830671520763,1.0
2021-07-21,17.7,16.7,19.2,1.2,14.5,1019.8,0.0,0.0,1.0,0.0,0.0,1.0,0.0,0.14285714285714285,0.37796447300922725,1.0,0.2857142857142857,0.46880723093849547,1.0,0.23333333333333334,0.4301830671520763,1.0
2021-07-22,18.9,16.0,22.1,3.7,13.7,1020.3,0.0,0.0,0.0,1.0,0.0,0.0,0.0,0.14285714285714285,0.37796447300922725,1.0,0.2857142857142857,0.46880723093849547,1.0,0.23333333333333334,0.4301830671520763,1.0
2021-07-23,18.1,15.0,21.0,2.7,17.4,1019.7,2.0,0.0,0.0,0.0,0.0,0.0,0.0,0.42857142857142855,0.7867957924694432,2.0,0.42857142857142855,0.646206172658864,2.0,0.3,0.534983080621924,2.0
2021-07-24,21.9,16.3,29.5,0.5,8.9,1017.1,0.0,2.0,0.0,0.0,0.0,1.0,0.0,0.42857142857142855,0.7867957924694432,2.0,0.35714285714285715,0.633323693776651,2.0,0.3,0.534983080621924,2.0
2021-07-25,21.2,17.5,29.0,1.0,6.2,1018.5,0.0,0.0,2.0,0.0,0.0,1.0,0.0,0.42857142857142855,0.7867957924694432,2.0,0.2857142857142857,0.6112498455021267,2.0,0.3,0.534983080621924,2.0
2021-07-26,21.2,17.5,27.3,1.0,9.1,1019.3,0.0,0.0,0.0,2.0,1.0,1.0,0.0,0.2857142857142857,0.7559289460184544,2.0,0.21428571428571427,0.5789342235218394,2.0,0.3,0.534983080621924,2.0
2021-07-27,20.4,17.2,24.1,0.0,6.9,1018.3,0.0,0.0,0.0,0.0,0.0,0.0,1.0,0.2857142857142857,0.7559289460184544,2.0,0.21428571428571427,0.5789342235218394,2.0,0.26666666666666666,0.5208304597621878,2.0
2021-07-28,20.4,17.9,25.0,0.0,15.7,1017.7,0.0,0.0,0.0,0.0,0.0,0.0,1.0,0.2857142857142857,0.7559289460184544,2.0,0.21428571428571427,0.5789342235218394,2.0,0.23333333333333334,0.5040069329937309,2.0
2021-07-29,21.4,17.9,27.2,0.7,16.2,1018.7,0.0,0.0,0.0,0.0,0.0,0.0,0.0,0.2857142857142857,0.7559289460184544,2.0,0.21428571428571427,0.5789342235218394,2.0,0.23333333333333334,0.5040069329937309,2.0
2021-07-30,23.3,19.0,31.6,2.7,9.5,1020.0,0.0,0.0,0.0,0.0,2.0,0.0,0.0,0.0,0.0,0.0,0.21428571428571427,0.5789342235218394,2.0,0.23333333333333334,0.5040069329937309,2.0
2021-07-31,21.3,18.0,27.0,3.4,11.6,1021.2,0.0,0.0,0.0,0.0,0.0,0.0,0.0,0.0,0.0,0.0,0.21428571428571427,0.5789342235218394,2.0,0.23333333333333334,0.5040069329937309,2.0
2021-08-01,20.7,15.0,27.0,1.6,9.1,1021.8,2.0,0.0,0.0,0.0,0.0,0.0,0.0,0.2857142857142857,0.7559289460184544,2.0,0.35714285714285715,0.744946343668492,2.0,0.3,0.5959634332684376,2.0
2021-08-02,21.6,16.6,27.3,0.3,9.5,1021.8,0.0,2.0,0.0,0.0,0.0,1.0,0.0,0.2857142857142857,0.7559289460184544,2.0,0.2857142857142857,0.7262730392025629,2.0,0.3,0.5959634332684376,2.0
2021-08-03,20.5,15.0,26.7,1.0,11.7,1023.1,0.0,0.0,2.0,0.0,0.0,0.0,0.0,0.2857142857142857,0.7559289460184544,2.0,0.2857142857142857,0.7262730392025629,2.0,0.3,0.5959634332684376,2.0
2021-08-04,22.5,16.5,30.0,1.6,12.2,1024.3,0.0,0.0,0.0,2.0,0.0,0.0,0.0,0.2857142857142857,0.7559289460184544,2.0,0.2857142857142857,0.7262730392025629,2.0,0.3,0.5959634332684376,2.0
2021-08-05,20.8,17.0,30.1,1.8,11.1,1023.9,1.0,0.0,0.0,0.0,0.0,0.0,0.0,0.42857142857142855,0.7867957924694432,2.0,0.35714285714285715,0.744946343668492,2.0,0.3333333333333333,0.6064784348631227,2.0
2021-08-06,21.9,17.1,29.1,1.0,7.7,1022.2,1.0,1.0,0.0,0.0,0.0,2.0,1.0,0.5714285714285714,0.7867957924694432,2.0,0.2857142857142857,0.6112498455021267,2.0,0.3333333333333333,0.6064784348631227,2.0
2021-08-07,21.9,18.0,28.6,0.1,6.1,1022.2,1.0,1.0,1.0,0.0,0.0,0.0,0.0,0.7142857142857143,0.7559289460184546,2.0,0.35714285714285715,0.633323693776651,2.0,0.36666666666666664,0.6149478998583782,2.0
2021-08-08,24.9,17.6,31.4,0.1,8.6,1022.3,1.0,1.0,1.0,1.0,2.0,0.0,0.0,0.5714285714285714,0.5345224838248489,1.0,0.42857142857142855,0.646206172658864,2.0,0.4,0.6214554662658653,2.0
2021-08-09,26.5,23.0,32.0,0.2,10.3,1022.2,0.0,1.0,1.0,1.0,0.0,0.0,1.0,0.5714285714285714,0.5345224838248489,1.0,0.42857142857142855,0.646206172658864,2.0,0.36666666666666664,0.6149478998583782,2.0
2021-08-10,24.2,19.2,30.6,0.0,7.8,1021.1,0.0,0.0,1.0,1.0,0.0,0.0,1.0,0.5714285714285714,0.5345224838248489,1.0,0.42857142857142855,0.646206172658864,2.0,0.3333333333333333,0.6064784348631227,2.0
2021-08-11,22.7,18.0,30.0,0.7,10.2,1020.9,0.0,0.0,0.0,1.0,0.0,0.0,1.0,0.5714285714285714,0.5345224838248489,1.0,0.42857142857142855,0.646206172658864,2.0,0.3,0.5959634332684376,2.0
2021-08-12,22.2,19.0,28.3,0.8,5.3,1022.7,1.0,0.0,0.0,0.0,1.0,0.0,0.0,0.5714285714285714,0.5345224838248489,1.0,0.5,0.6504436355879909,2.0,0.3333333333333333,0.6064784348631227,2.0
2021-08-13,23.5,17.0,31.6,0.0,8.3,1022.8,0.0,1.0,0.0,0.0,1.0,0.0,0.0,0.42857142857142855,0.5345224838248489,1.0,0.5,0.6504436355879909,2.0,0.3333333333333333,0.6064784348631227,2.0
2021-08-14,25.9,18.0,32.0,0.0,14.2,1020.2,0.0,0.0,1.0,0.0,1.0,0.0,0.0,0.2857142857142857,0.48795003647426666,1.0,0.5,0.6504436355879909,2.0,0.3333333333333333,0.6064784348631227,2.0
2021-08-15,23.4,17.8,31.0,0.0,10.4,1020.8,0.0,0.0,0.0,1.0,1.0,2.0,0.0,0.14285714285714285,0.37796447300922725,1.0,0.35714285714285715,0.49724515809884695,1.0,0.3333333333333333,0.6064784348631227,2.0
2021-08-16,26.2,20.0,31.4,0.0,9.0,1021.8,0.0,0.0,0.0,0.0,0.0,0.0,0.0,0.14285714285714285,0.37796447300922725,1.0,0.35714285714285715,0.49724515809884695,1.0,0.3333333333333333,0.6064784348631227,2.0
2021-08-17,24.4,19.7,30.3,0.1,9.4,1022.3,1.0,0.0,0.0,0.0,0.0,0.0,0.0,0.2857142857142857,0.48795003647426666,1.0,0.42857142857142855,0.5135525910130956,1.0,0.36666666666666664,0.6149478998583782,2.0
2021-08-18,24.1,19.0,30.0,0.0,10.4,1020.4,1.0,1.0,0.0,0.0,0.0,0.0,1.0,0.42857142857142855,0.5345224838248489,1.0,0.5,0.5188745216627708,1.0,0.36666666666666664,0.6149478998583782,2.0
2021-08-19,23.8,20.0,28.8,0.0,7.0,1018.9,1.0,1.0,1.0,0.0,1.0,1.0,0.0,0.42857142857142855,0.5345224838248489,1.0,0.5,0.5188745216627708,1.0,0.4,0.6214554662658653,2.0
2021-08-20,24.2,18.0,32.2,0.0,7.9,1019.0,1.0,1.0,1.0,1.0,0.0,1.0,0.0,0.5714285714285714,0.534522483824849,1.0,0.5,0.5188745216627708,1.0,0.43333333333333335,0.6260623155792925,2.0
2021-08-21,23.9,18.5,32.2,4.0,4.9,1020.2,0.0,1.0,1.0,1.0,0.0,1.0,0.0,0.5714285714285714,0.534522483824849,1.0,0.42857142857142855,0.5135525910130956,1.0,0.43333333333333335,0.6260623155792925,2.0
2021-08-22,25.3,18.6,31.3,0.0,12.4,1020.9,0.0,0.0,1.0,1.0,0.0,1.0,2.0,0.5714285714285714,0.534522483824849,1.0,0.35714285714285715,0.49724515809884695,1.0,0.36666666666666664,0.5560534167675355,2.0
2021-08-23,24.6,18.3,30.4,0.0,12.0,1021.1,0.0,0.0,0.0,1.0,0.0,0.0,0.0,0.5714285714285714,0.534522483824849,1.0,0.35714285714285715,0.49724515809884695,1.0,0.36666666666666664,0.5560534167675355,2.0
2021-08-24,23.5,18.9,32.0,0.1,8.3,1021.3,1.0,0.0,0.0,0.0,1.0,0.0,0.0,0.5714285714285714,0.534522483824849,1.0,0.42857142857142855,0.5135525910130956,1.0,0.4,0.563241847975046,2.0
2021-08-25,23.6,17.0,29.6,0.3,8.1,1021.0,0.0,1.0,0.0,0.0,1.0,0.0,0.0,0.42857142857142855,0.5345224838248489,1.0,0.42857142857142855,0.5135525910130956,1.0,0.4,0.563241847975046,2.0
2021-08-26,24.2,17.7,30.8,0.9,12.2,1021.0,0.0,0.0,1.0,0.0,1.0,1.0,0.0,0.2857142857142857,0.4879500364742667,1.0,0.35714285714285715,0.49724515809884695,1.0,0.4,0.563241847975046,2.0
2021-08-27,24.3,18.3,33.0,1.1,10.3,1021.1,1.0,0.0,0.0,1.0,1.0,0.0,0.0,0.2857142857142857,0.4879500364742667,1.0,0.42857142857142855,0.5135525910130956,1.0,0.43333333333333335,0.5683207771559354,2.0
2021-08-28,25.9,18.2,33.0,0.0,14.4,1020.1,0.0,1.0,0.0,0.0,0.0,0.0,0.0,0.2857142857142857,0.4879500364742667,1.0,0.42857142857142855,0.5135525910130956,1.0,0.43333333333333335,0.5683207771559354,2.0
2021-08-29,26.5,20.0,32.2,0.0,17.7,1018.4,0.0,0.0,1.0,0.0,0.0,0.0,0.0,0.2857142857142857,0.4879500364742667,1.0,0.42857142857142855,0.5135525910130956,1.0,0.43333333333333335,0.5683207771559354,2.0
2021-08-30,26.3,21.2,33.0,0.0,8.1,1018.2,0.0,0.0,0.0,1.0,0.0,0.0,0.0,0.2857142857142857,0.4879500364742667,1.0,0.42857142857142855,0.5135525910130956,1.0,0.43333333333333335,0.5683207771559354,2.0
2021-08-31,25.5,19.2,30.1,0.0,9.9,1019.8,0.0,0.0,0.0,0.0,1.0,1.0,2.0,0.14285714285714285,0.3779644730092273,1.0,0.35714285714285715,0.49724515809884695,1.0,0.36666666666666664,0.490132517853561,1.0
2021-09-01,24.8,18.8,31.1,0.0,10.1,1021.5,1.0,0.0,0.0,0.0,0.0,1.0,0.0,0.2857142857142857,0.4879500364742667,1.0,0.35714285714285715,0.49724515809884695,1.0,0.4,0.4982728791224398,1.0
2021-09-02,23.5,17.0,29.9,0.0,10.4,1021.3,0.0,1.0,0.0,0.0,0.0,1.0,0.0,0.2857142857142857,0.4879500364742667,1.0,0.2857142857142857,0.4688072309384955,1.0,0.4,0.4982728791224398,1.0
2021-09-03,22.4,16.0,31.9,0.0,7.0,1020.4,0.0,0.0,1.0,0.0,1.0,1.0,0.0,0.14285714285714285,0.3779644730092273,1.0,0.21428571428571427,0.4258153136263202,1.0,0.4,0.4982728791224398,1.0
2021-09-04,22.7,16.0,30.0,0.4,8.7,1020.3,1.0,0.0,0.0,1.0,0.0,0.0,1.0,0.2857142857142857,0.4879500364742667,1.0,0.2857142857142857,0.4688072309384955,1.0,0.4,0.4982728791224398,1.0
2021-09-05,23.0,18.0,31.0,0.0,8.5,1021.2,0.0,1.0,0.0,0.0,0.0,0.0,1.0,0.2857142857142857,0.4879500364742667,1.0,0.2857142857142857,0.4688072309384955,1.0,0.36666666666666664,0.490132517853561,1.0
2021-09-06,22.0,15.6,30.0,0.0,10.4,1022.2,0.0,0.0,1.0,0.0,0.0,0.0,1.0,0.2857142857142857,0.4879500364742667,1.0,0.2857142857142857,0.4688072309384955,1.0,0.3333333333333333,0.47946330148538413,1.0
2021-09-07,23.8,16.0,30.5,0.0,14.3,1022.8,1.0,0.0,0.0,1.0,0.0,1.0,1.0,0.42857142857142855,0.5345224838248489,1.0,0.2857142857142857,0.4688072309384955,1.0,0.3333333333333333,0.47946330148538413,1.0
2021-09-08,25.3,17.0,32.0,0.0,14.0,1021.8,0.0,1.0,0.0,0.0,1.0,0.0,0.0,0.2857142857142857,0.48795003647426666,1.0,0.2857142857142857,0.4688072309384955,1.0,0.3333333333333333,0.47946330148538413,1.0
2021-09-09,24.7,17.1,30.7,0.0,14.5,1022.8,0.0,0.0,1.0,0.0,0.0,0.0,0.0,0.2857142857142857,0.48795003647426666,1.0,0.2857142857142857,0.4688072309384955,1.0,0.3333333333333333,0.47946330148538413,1.0
2021-09-10,24.8,18.4,32.0,0.0,11.4,1024.2,1.0,0.0,0.0,1.0,0.0,1.0,0.0,0.42857142857142855,0.5345224838248489,1.0,0.2857142857142857,0.4688072309384955,1.0,0.36666666666666664,0.490132517853561,1.0
2021-09-11,24.3,17.6,30.6,0.1,6.2,1022.6,0.0,1.0,0.0,0.0,1.0,0.0,1.0,0.2857142857142857,0.48795003647426666,1.0,0.2857142857142857,0.4688072309384955,1.0,0.3333333333333333,0.47946330148538413,1.0
2021-09-12,23.0,18.0,30.0,0.0,8.5,1021.4,0.0,0.0,1.0,0.0,0.0,0.0,0.0,0.2857142857142857,0.48795003647426666,1.0,0.2857142857142857,0.4688072309384955,1.0,0.3333333333333333,0.47946330148538413,1.0
2021-09-13,22.5,16.0,31.0,0.2,5.4,1021.5,0.0,0.0,0.0,1.0,0.0,0.0,0.0,0.2857142857142857,0.48795003647426666,1.0,0.2857142857142857,0.4688072309384955,1.0,0.3333333333333333,0.47946330148538413,1.0
2021-09-14,23.0,16.6,31.0,0.1,7.3,1022.3,1.0,0.0,0.0,0.0,1.0,0.0,0.0,0.2857142857142857,0.48795003647426666,1.0,0.35714285714285715,0.49724515809884695,1.0,0.36666666666666664,0.490132517853561,1.0
2021-09-15,23.0,17.0,30.0,0.0,8.3,1022.5,0.0,1.0,0.0,0.0,0.0,1.0,0.0,0.2857142857142857,0.48795003647426666,1.0,0.2857142857142857,0.4688072309384955,1.0,0.36666666666666664,0.490132517853561,1.0
2021-09-16,21.4,18.0,27.4,0.0,13.0,1021.6,2.0,0.0,1.0,0.0,0.0,0.0,1.0,0.5714285714285714,0.7867957924694433,2.0,0.42857142857142855,0.646206172658864,2.0,0.4,0.563241847975046,2.0
2021-09-17,22.2,17.4,28.3,0.4,8.7,1020.8,0.0,2.0,0.0,1.0,1.0,0.0,1.0,0.42857142857142855,0.7867957924694432,2.0,0.42857142857142855,0.646206172658864,2.0,0.36666666666666664,0.5560534167675355,2.0
2021-09-18,23.6,16.1,29.6,0.0,11.6,1020.2,1.0,0.0,2.0,0.0,0.0,1.0,1.0,0.5714285714285714,0.7867957924694433,2.0,0.42857142857142855,0.646206172658864,2.0,0.36666666666666664,0.5560534167675355,2.0
2021-09-19,23.9,16.2,30.0,0.0,12.7,1023.4,0.0,1.0,0.0,2.0,0.0,0.0,1.0,0.5714285714285714,0.7867957924694433,2.0,0.42857142857142855,0.646206172658864,2.0,0.3333333333333333,0.546672273590534,2.0
2021-09-20,23.5,16.5,30.0,0.0,14.4,1023.2,0.0,0.0,1.0,0.0,0.0,0.0,0.0,0.5714285714285714,0.7867957924694433,2.0,0.42857142857142855,0.646206172658864,2.0,0.3333333333333333,0.546672273590534,2.0
2021-09-21,22.0,17.0,29.0,0.1,10.8,1023.2,0.0,0.0,0.0,1.0,1.0,1.0,0.0,0.42857142857142855,0.7867957924694432,2.0,0.35714285714285715,0.633323693776651,2.0,0.3333333333333333,0.546672273590534,2.0
2021-09-22,22.4,18.0,28.0,0.0,8.1,1021.7,1.0,0.0,0.0,0.0,0.0,0.0,0.0,0.5714285714285714,0.7867957924694433,2.0,0.42857142857142855,0.646206172658864,2.0,0.36666666666666664,0.5560534167675355,2.0
2021-09-23,22.3,16.0,30.0,0.2,6.4,1022.6,1.0,1.0,0.0,0.0,2.0,0.0,1.0,0.42857142857142855,0.5345224838248489,1.0,0.5,0.6504436355879909,2.0,0.36666666666666664,0.5560534167675355,2.0
2021-09-24,21.8,15.7,28.0,0.0,9.0,1022.2,0.0,1.0,1.0,0.0,0.0,1.0,0.0,0.42857142857142855,0.5345224838248489,1.0,0.42857142857142855,0.646206172658864,2.0,0.36666666666666664,0.5560534167675355,2.0
2021-09-25,23.2,15.8,30.0,0.0,12.5,1023.4,0.0,0.0,1.0,1.0,1.0,0.0,0.0,0.2857142857142857,0.48795003647426666,1.0,0.42857142857142855,0.646206172658864,2.0,0.36666666666666664,0.5560534167675355,2.0
2021-09-26,23.1,15.1,30.0,0.0,16.6,1024.0,0.0,0.0,0.0,1.0,0.0,0.0,1.0,0.2857142857142857,0.48795003647426666,1.0,0.42857142857142855,0.646206172658864,2.0,0.3333333333333333,0.546672273590534,2.0
2021-09-27,22.8,17.0,29.0,0.0,15.3,1022.5,0.0,0.0,0.0,0.0,0.0,0.0,0.0,0.2857142857142857,0.48795003647426666,1.0,0.42857142857142855,0.646206172658864,2.0,0.3333333333333333,0.546672273590534,2.0
2021-09-28,22.6,15.0,30.0,0.0,10.2,1021.9,1.0,0.0,0.0,0.0,0.0,1.0,0.0,0.42857142857142855,0.5345224838248489,1.0,0.42857142857142855,0.646206172658864,2.0,0.36666666666666664,0.5560534167675355,2.0
2021-09-29,21.7,18.0,30.0,1.6,9.6,1021.0,0.0,1.0,0.0,0.0,1.0,0.0,0.0,0.2857142857142857,0.48795003647426666,1.0,0.42857142857142855,0.646206172658864,2.0,0.36666666666666664,0.5560534167675355,2.0
2021-09-30,20.9,13.8,29.0,0.7,7.1,1020.9,0.0,0.0,1.0,0.0,1.0,2.0,0.0,0.14285714285714285,0.37796447300922725,1.0,0.2857142857142857,0.4688072309384955,1.0,0.36666666666666664,0.5560534167675355,2.0
2021-10-01,21.1,15.0,28.5,0.0,7.2,1021.7,0.0,0.0,0.0,1.0,0.0,0.0,1.0,0.14285714285714285,0.37796447300922725,1.0,0.2857142857142857,0.4688072309384955,1.0,0.3333333333333333,0.546672273590534,2.0
2021-10-02,21.8,15.6,28.4,0.0,6.0,1021.9,1.0,0.0,0.0,0.0,0.0,1.0,0.0,0.2857142857142857,0.48795003647426666,1.0,0.2857142857142857,0.4688072309384955,1.0,0.36666666666666664,0.5560534167675355,2.0
2021-10-03,21.8,16.0,28.7,0.2,8.4,1023.0,0.0,1.0,0.0,0.0,0.0,0.0,0.0,0.2857142857142857,0.48795003647426666,1.0,0.2857142857142857,0.4688072309384955,1.0,0.36666666666666664,0.5560534167675355,2.0
2021-10-04,20.4,14.7,28.2,0.2,8.7,1023.5,0.0,0.0,1.0,0.0,0.0,0.0,1.0,0.2857142857142857,0.48795003647426666,1.0,0.2857142857142857,0.4688072309384955,1.0,0.3333333333333333,0.546672273590534,2.0
2021-10-05,21.6,15.2,30.0,0.1,6.9,1022.8,0.0,0.0,0.0,1.0,1.0,0.0,0.0,0.14285714285714285,0.37796447300922725,1.0,0.2857142857142857,0.4688072309384955,1.0,0.3333333333333333,0.546672273590534,2.0
2021-10-06,22.0,16.6,30.0,0.4,7.6,1021.8,0.0,0.0,0.0,0.0,0.0,1.0,0.0,0.14285714285714285,0.37796447300922725,1.0,0.21428571428571427,0.4258153136263202,1.0,0.3333333333333333,0.546672273590534,2.0
2021-10-07,22.3,16.0,28.1,0.0,12.0,1022.5,0.0,0.0,0.0,0.0,0.0,1.0,1.0,0.14285714285714285,0.37796447300922725,1.0,0.14285714285714285,0.3631365196012816,1.0,0.3,0.5349830806219241,2.0
2021-10-08,22.3,18.0,27.0,1.2,15.7,1022.6,1.0,0.0,0.0,0.0,0.0,0.0,0.0,0.2857142857142857,0.48795003647426666,1.0,0.21428571428571427,0.4258153136263202,1.0,0.3333333333333333,0.546672273590534,2.0
2021-10-09,22.2,17.3,28.0,0.0,20.9,1024.0,0.0,1.0,0.0,0.0,1.0,0.0,0.0,0.14285714285714285,0.37796447300922725,1.0,0.21428571428571427,0.4258153136263202,1.0,0.3333333333333333,0.546672273590534,2.0
2021-10-10,22.0,16.0,29.0,0.0,19.3,1025.1,0.0,0.0,1.0,0.0,0.0,0.0,1.0,0.14285714285714285,0.37796447300922725,1.0,0.21428571428571427,0.4258153136263202,1.0,0.3,0.5349830806219241,2.0
2021-10-11,21.8,15.8,28.0,0.0,15.9,1025.2,0.0,0.0,0.0,1.0,0.0,0.0,0.0,0.14285714285714285,0.37796447300922725,1.0,0.21428571428571427,0.4258153136263202,1.0,0.3,0.5349830806219241,2.0
2021-10-12,20.9,15.0,27.0,0.0,13.8,1024.1,0.0,0.0,0.0,0.0,0.0,1.0,0.0,0.14285714285714285,0.37796447300922725,1.0,0.14285714285714285,0.3631365196012816,1.0,0.3,0.5349830806219241,2.0
2021-10-13,20.3,11.9,27.6,0.0,11.1,1024.6,0.0,0.0,0.0,0.0,0.0,0.0,0.0,0.14285714285714285,0.37796447300922725,1.0,0.14285714285714285,0.3631365196012816,1.0,0.3,0.5349830806219241,2.0
2021-10-14,20.3,10.5,27.7,0.0,11.5,1025.9,0.0,0.0,0.0,0.0,0.0,0.0,1.0,0.14285714285714285,0.37796447300922725,1.0,0.14285714285714285,0.3631365196012816,1.0,0.26666666666666666,0.5208304597621879,2.0
2021-10-15,20.6,14.0,27.0,0.0,15.4,1025.6,0.0,0.0,0.0,0.0,1.0,0.0,0.0,0.0,0.0,0.0,0.14285714285714285,0.3631365196012816,1.0,0.26666666666666666,0.5208304597621879,2.0
2021-10-16,20.6,13.0,27.0,0.0,18.4,1024.6,0.0,0.0,0.0,0.0,0.0,1.0,2.0,0.0,0.0,0.0,0.07142857142857142,0.2672612419124246,1.0,0.2,0.4068381021724863,1.0
2021-10-17,21.0,14.8,27.0,0.0,20.7,1024.6,1.0,0.0,0.0,0.0,0.0,0.0,0.0,0.14285714285714285,0.37796447300922725,1.0,0.14285714285714285,0.3631365196012816,1.0,0.23333333333333334,0.4301830671520764,1.0
2021-10-18,21.0,14.8,27.0,0.0,16.5,1024.9,0.0,1.0,0.0,0.0,0.0,0.0,1.0,0.14285714285714285,0.37796447300922725,1.0,0.14285714285714285,0.3631365196012816,1.0,0.2,0.4068381021724863,1.0
2021-10-19,20.6,13.0,27.2,0.0,11.6,1026.5,0.0,0.0,1.0,0.0,0.0,0.0,0.0,0.14285714285714285,0.37796447300922725,1.0,0.14285714285714285,0.3631365196012816,1.0,0.2,0.4068381021724863,1.0
2021-10-20,20.2,13.0,27.2,0.0,10.1,1027.4,0.0,0.0,0.0,1.0,0.0,0.0,0.0,0.14285714285714285,0.37796447300922725,1.0,0.14285714285714285,0.3631365196012816,1.0,0.2,0.4068381021724863,1.0
2021-10-21,20.7,14.4,27.1,0.0,10.2,1027.7,0.0,0.0,0.0,0.0,0.0,0.0,0.0,0.14285714285714285,0.37796447300922725,1.0,0.14285714285714285,0.3631365196012816,1.0,0.2,0.4068381021724863,1.0
2021-10-22,20.1,14.0,26.0,0.0,12.2,1027.9,0.0,0.0,0.0,0.0,0.0,1.0,1.0,0.14285714285714285,0.37796447300922725,1.0,0.07142857142857142,0.2672612419124246,1.0,0.16666666666666666,0.3790490217894518,1.0
2021-10-23,19.3,12.7,26.4,0.0,8.0,1028.2,0.0,0.0,0.0,0.0,0.0,0.0,1.0,0.14285714285714285,0.37796447300922725,1.0,0.07142857142857142,0.2672612419124246,1.0,0.13333333333333333,0.3457459036417605,1.0
2021-10-24,18.6,11.8,26.5,0.0,5.3,1027.0,0.0,0.0,0.0,0.0,1.0,0.0,0.0,0.0,0.0,0.0,0.07142857142857142,0.2672612419124246,1.0,0.13333333333333333,0.3457459036417605,1.0
2021-10-25,18.5,11.6,26.0,0.0,8.3,1025.8,0.0,0.0,0.0,0.0,0.0,0.0,0.0,0.0,0.0,0.0,0.07142857142857142,0.2672612419124246,1.0,0.13333333333333333,0.3457459036417605,1.0
2021-10-26,18.6,12.1,25.1,0.0,9.5,1025.4,0.0,0.0,0.0,0.0,0.0,0.0,0.0,0.0,0.0,0.0,0.07142857142857142,0.2672612419124246,1.0,0.13333333333333333,0.3457459036417605,1.0
2021-10-27,18.4,13.3,25.0,0.0,7.9,1025.8,0.0,0.0,0.0,0.0,0.0,0.0,0.0,0.0,0.0,0.0,0.07142857142857142,0.2672612419124246,1.0,0.13333333333333333,0.3457459036417605,1.0
2021-10-28,17.8,13.0,24.0,0.0,10.6,1025.0,1.0,0.0,0.0,0.0,0.0,0.0,1.0,0.14285714285714285,0.37796447300922725,1.0,0.14285714285714285,0.3631365196012816,1.0,0.13333333333333333,0.3457459036417605,1.0
2021-10-29,18.5,11.8,25.0,0.0,7.8,1025.3,0.0,1.0,0.0,0.0,0.0,0.0,0.0,0.14285714285714285,0.37796447300922725,1.0,0.14285714285714285,0.3631365196012816,1.0,0.13333333333333333,0.3457459036417605,1.0
2021-10-30,18.5,11.5,25.0,0.0,9.5,1026.8,0.0,0.0,1.0,0.0,0.0,0.0,0.0,0.14285714285714285,0.37796447300922725,1.0,0.14285714285714285,0.3631365196012816,1.0,0.13333333333333333,0.3457459036417605,1.0
2021-10-31,18.5,12.9,26.0,0.6,7.6,1028.2,0.0,0.0,0.0,1.0,0.0,1.0,0.0,0.14285714285714285,0.37796447300922725,1.0,0.07142857142857142,0.2672612419124246,1.0,0.13333333333333333,0.3457459036417605,1.0
2021-11-01,17.7,11.1,26.0,0.0,5.9,1027.3,0.0,0.0,0.0,0.0,0.0,0.0,1.0,0.14285714285714285,0.37796447300922725,1.0,0.07142857142857142,0.2672612419124246,1.0,0.1,0.3051285766293648,1.0
2021-11-02,17.7,11.0,25.7,0.0,5.8,1026.5,0.0,0.0,0.0,0.0,0.0,0.0,0.0,0.14285714285714285,0.37796447300922725,1.0,0.07142857142857142,0.2672612419124246,1.0,0.1,0.3051285766293648,1.0
2021-11-03,17.6,9.4,26.0,0.0,5.7,1026.3,0.0,0.0,0.0,0.0,0.0,0.0,0.0,0.14285714285714285,0.37796447300922725,1.0,0.07142857142857142,0.2672612419124246,1.0,0.1,0.3051285766293648,1.0
2021-11-04,16.9,10.0,25.0,0.0,5.0,1025.9,0.0,0.0,0.0,0.0,1.0,0.0,0.0,0.0,0.0,0.0,0.07142857142857142,0.2672612419124246,1.0,0.1,0.3051285766293648,1.0
2021-11-05,17.6,12.0,25.1,0.0,5.7,1025.0,1.0,0.0,0.0,0.0,0.0,0.0,0.0,0.14285714285714285,0.37796447300922725,1.0,0.14285714285714285,0.3631365196012816,1.0,0.13333333333333333,0.3457459036417605,1.0
2021-11-06,17.4,12.0,25.0,0.1,6.7,1023.8,0.0,1.0,0.0,0.0,0.0,0.0,0.0,0.14285714285714285,0.37796447300922725,1.0,0.14285714285714285,0.3631365196012816,1.0,0.13333333333333333,0.3457459036417605,1.0
2021-11-07,16.6,12.0,22.4,0.0,8.4,1022.2,1.0,0.0,1.0,0.0,0.0,0.0,1.0,0.2857142857142857,0.48795003647426666,1.0,0.21428571428571427,0.4258153136263202,1.0,0.13333333333333333,0.3457459036417605,1.0
2021-11-08,16.3,9.5,23.0,0.0,5.3,1023.1,0.0,1.0,0.0,1.0,0.0,0.0,0.0,0.2857142857142857,0.48795003647426666,1.0,0.21428571428571427,0.4258153136263202,1.0,0.13333333333333333,0.3457459036417605,1.0
2021-11-09,16.6,9.8,24.0,0.0,8.4,1025.8,1.0,0.0,1.0,0.0,0.0,0.0,0.0,0.42857142857142855,0.5345224838248489,1.0,0.2857142857142857,0.4688072309384955,1.0,0.16666666666666666,0.3790490217894518,1.0
2021-11-10,16.1,10.2,23.0,0.0,5.3,1026.0,0.0,1.0,0.0,1.0,0.0,0.0,0.0,0.42857142857142855,0.5345224838248489,1.0,0.2857142857142857,0.4688072309384955,1.0,0.16666666666666666,0.3790490217894518,1.0
2021-11-11,15.9,9.1,23.1,0.0,5.6,1024.0,0.0,0.0,1.0,0.0,0.0,1.0,0.0,0.42857142857142855,0.5345224838248489,1.0,0.21428571428571427,0.4258153136263202,1.0,0.16666666666666666,0.3790490217894518,1.0
2021-11-12,16.9,9.5,25.0,0.0,6.3,1023.8,0.0,0.0,0.0,1.0,1.0,0.0,0.0,0.2857142857142857,0.48795003647426666,1.0,0.21428571428571427,0.4258153136263202,1.0,0.16666666666666666,0.3790490217894518,1.0
2021-11-13,17.0,10.3,25.0,0.0,4.9,1024.8,0.0,0.0,0.0,0.0,0.0,0.0,0.0,0.2857142857142857,0.48795003647426666,1.0,0.21428571428571427,0.4258153136263202,1.0,0.16666666666666666,0.3790490217894518,1.0
2021-11-14,16.9,9.5,24.0,0.0,7.3,1024.6,0.0,0.0,0.0,0.0,1.0,0.0,0.0,0.14285714285714285,0.37796447300922725,1.0,0.21428571428571427,0.4258153136263202,1.0,0.16666666666666666,0.3790490217894518,1.0
2021-11-15,17.4,10.7,23.2,0.0,11.1,1024.0,0.0,0.0,0.0,0.0,0.0,0.0,0.0,0.14285714285714285,0.37796447300922725,1.0,0.21428571428571427,0.4258153136263202,1.0,0.16666666666666666,0.3790490217894518,1.0
2021-11-16,17.3,10.6,23.0,0.0,11.0,1023.1,0.0,0.0,0.0,0.0,1.0,0.0,1.0,0.0,0.0,0.0,0.21428571428571427,0.4258153136263202,1.0,0.13333333333333333,0.3457459036417605,1.0
2021-11-17,17.7,11.0,26.0,0.0,5.8,1023.8,0.0,0.0,0.0,0.0,0.0,0.0,0.0,0.0,0.0,0.0,0.21428571428571427,0.4258153136263202,1.0,0.13333333333333333,0.3457459036417605,1.0
2021-11-18,17.6,12.0,23.8,0.0,7.8,1025.3,0.0,0.0,0.0,0.0,0.0,0.0,0.0,0.0,0.0,0.0,0.21428571428571427,0.4258153136263202,1.0,0.13333333333333333,0.3457459036417605,1.0
2021-11-19,17.1,12.0,22.0,0.0,12.9,1023.6,0.0,0.0,0.0,0.0,0.0,1.0,0.0,0.0,0.0,0.0,0.14285714285714285,0.3631365196012816,1.0,0.13333333333333333,0.3457459036417605,1.0
2021-11-20,15.7,12.9,20.2,0.0,15.6,1021.5,0.0,0.0,0.0,0.0,0.0,0.0,0.0,0.0,0.0,0.0,0.14285714285714285,0.3631365196012816,1.0,0.13333333333333333,0.3457459036417605,1.0
2021-11-21,16.2,9.0,22.3,0.0,8.0,1023.0,0.0,0.0,0.0,0.0,0.0,1.0,0.0,0.0,0.0,0.0,0.07142857142857142,0.2672612419124246,1.0,0.13333333333333333,0.3457459036417605,1.0
2021-11-22,17.4,10.0,25.0,0.0,7.3,1026.0,0.0,0.0,0.0,0.0,0.0,0.0,0.0,0.0,0.0,0.0,0.07142857142857142,0.2672612419124246,1.0,0.13333333333333333,0.3457459036417605,1.0
2021-11-23,17.8,11.4,26.4,0.0,6.0,1026.2,2.0,0.0,0.0,0.0,0.0,1.0,0.0,0.2857142857142857,0.7559289460184545,2.0,0.14285714285714285,0.5345224838248489,2.0,0.2,0.48423419811150237,2.0
2021-11-24,16.9,11.0,25.0,0.0,8.2,1024.1,0.0,2.0,0.0,0.0,0.0,0.0,0.0,0.2857142857142857,0.7559289460184545,2.0,0.14285714285714285,0.5345224838248489,2.0,0.2,0.48423419811150237,2.0
2021-11-25,16.6,10.8,25.0,0.0,5.9,1024.8,0.0,0.0,2.0,0.0,0.0,0.0,0.0,0.2857142857142857,0.7559289460184545,2.0,0.14285714285714285,0.5345224838248489,2.0,0.2,0.48423419811150237,2.0
2021-11-26,17.1,10.9,24.2,0.0,6.0,1026.1,0.0,0.0,0.0,2.0,0.0,0.0,0.0,0.2857142857142857,0.7559289460184545,2.0,0.14285714285714285,0.5345224838248489,2.0,0.2,0.48423419811150237,2.0
2021-11-27,18.1,11.9,25.0,0.0,5.7,1026.9,1.0,0.0,0.0,0.0,0.0,0.0,1.0,0.42857142857142855,0.7867957924694433,2.0,0.21428571428571427,0.5789342235218395,2.0,0.2,0.48423419811150237,2.0
2021-11-28,17.1,11.5,24.3,0.0,9.0,1027.3,0.0,1.0,0.0,0.0,0.0,0.0,0.0,0.42857142857142855,0.7867957924694433,2.0,0.21428571428571427,0.5789342235218395,2.0,0.2,0.48423419811150237,2.0
2021-11-29,16.1,10.0,23.0,0.0,10.0,1027.3,0.0,0.0,1.0,0.0,0.0,0.0,0.0,0.42857142857142855,0.7867957924694433,2.0,0.21428571428571427,0.5789342235218395,2.0,0.2,0.48423419811150237,2.0
2021-11-30,15.2,9.0,22.3,0.0,8.4,1026.3,0.0,0.0,0.0,1.0,2.0,0.0,0.0,0.14285714285714285,0.3779644730092274,1.0,0.21428571428571427,0.5789342235218395,2.0,0.2,0.48423419811150237,2.0
2021-12-01,14.7,8.0,23.0,0.0,4.4,1024.0,0.0,0.0,0.0,0.0,0.0,0.0,0.0,0.14285714285714285,0.3779644730092274,1.0,0.21428571428571427,0.5789342235218395,2.0,0.2,0.48423419811150237,2.0
2021-12-02,15.0,8.0,22.0,0.0,7.0,1023.7,0.0,0.0,0.0,0.0,0.0,0.0,0.0,0.14285714285714285,0.3779644730092274,1.0,0.21428571428571427,0.5789342235218395,2.0,0.2,0.48423419811150237,2.0
2021-12-03,15.1,6.0,23.0,0.0,5.9,1025.7,0.0,0.0,0.0,0.0,0.0,0.0,0.0,0.14285714285714285,0.3779644730092274,1.0,0.21428571428571427,0.5789342235218395,2.0,0.2,0.48423419811150237,2.0
2021-12-04,14.6,6.0,23.0,0.0,6.1,1026.5,0.0,0.0,0.0,0.0,1.0,0.0,0.0,0.0,0.0,0.0,0.21428571428571427,0.5789342235218395,2.0,0.2,0.48423419811150237,2.0
2021-12-05,15.2,7.0,23.2,0.0,8.5,1025.7,0.0,0.0,0.0,0.0,0.0,0.0,1.0,0.0,0.0,0.0,0.21428571428571427,0.5789342235218395,2.0,0.16666666666666666,0.4611330373774141,2.0
2021-12-06,16.3,7.8,27.0,0.0,6.8,1026.5,0.0,0.0,0.0,0.0,0.0,0.0,0.0,0.0,0.0,0.0,0.21428571428571427,0.5789342235218395,2.0,0.16666666666666666,0.4611330373774141,2.0
2021-12-07,15.6,6.0,26.1,0.0,7.0,1027.0,0.0,0.0,0.0,0.0,0.0,2.0,1.0,0.0,0.0,0.0,0.07142857142857142,0.2672612419124247,1.0,0.13333333333333333,0.43417248545530485,2.0
2021-12-08,15.7,7.7,24.8,0.0,5.3,1027.0,0.0,0.0,0.0,0.0,0.0,0.0,0.0,0.0,0.0,0.0,0.07142857142857142,0.2672612419124247,1.0,0.13333333333333333,0.43417248545530485,2.0
2021-12-09,15.5,7.0,24.0,0.0,8.5,1027.1,0.0,0.0,0.0,0.0,0.0,0.0,1.0,0.0,0.0,0.0,0.07142857142857142,0.2672612419124247,1.0,0.1,0.40257789993644894,2.0
2021-12-10,14.5,7.0,22.8,0.0,9.4,1026.7,0.0,0.0,0.0,0.0,0.0,0.0,0.0,0.0,0.0,0.0,0.07142857142857142,0.2672612419124247,1.0,0.1,0.40257789993644894,2.0
2021-12-11,13.6,3.0,23.0,0.0,7.5,1026.2,0.0,0.0,0.0,0.0,0.0,1.0,0.0,0.0,0.0,0.0,0.0,0.0,0.0,0.1,0.40257789993644894,2.0
2021-12-12,13.2,3.8,21.3,0.0,6.1,1026.2,0.0,0.0,0.0,0.0,0.0,0.0,0.0,0.0,0.0,0.0,0.0,0.0,0.0,0.1,0.40257789993644894,2.0
2021-12-13,13.6,3.5,22.3,0.0,5.7,1025.4,0.0,0.0,0.0,0.0,0.0,0.0,0.0,0.0,0.0,0.0,0.0,0.0,0.0,0.1,0.40257789993644894,2.0
2021-12-14,13.1,5.0,21.0,0.0,6.6,1023.2,0.0,0.0,0.0,0.0,0.0,0.0,0.0,0.0,0.0,0.0,0.0,0.0,0.0,0.1,0.40257789993644894,2.0
2021-12-15,13.1,4.6,21.0,0.0,9.6,1023.5,0.0,0.0,0.0,0.0,0.0,0.0,0.0,0.0,0.0,0.0,0.0,0.0,0.0,0.1,0.40257789993644894,2.0
2021-12-16,14.8,7.0,22.4,0.0,6.6,1023.9,0.0,0.0,0.0,0.0,0.0,0.0,0.0,0.0,0.0,0.0,0.0,0.0,0.0,0.1,0.40257789993644894,2.0
2021-12-17,15.2,8.6,21.3,0.0,11.5,1024.5,0.0,0.0,0.0,0.0,0.0,0.0,0.0,0.0,0.0,0.0,0.0,0.0,0.0,0.1,0.40257789993644894,2.0
2021-12-18,15.3,8.0,22.0,0.0,10.1,1024.2,0.0,0.0,0.0,0.0,0.0,0.0,0.0,0.0,0.0,0.0,0.0,0.0,0.0,0.1,0.40257789993644894,2.0
2021-12-19,16.5,8.0,24.0,0.0,8.2,1025.0,0.0,0.0,0.0,0.0,0.0,0.0,0.0,0.0,0.0,0.0,0.0,0.0,0.0,0.1,0.40257789993644894,2.0
2021-12-20,16.6,10.0,25.0,0.0,9.1,1025.8,0.0,0.0,0.0,0.0,0.0,0.0,0.0,0.0,0.0,0.0,0.0,0.0,0.0,0.1,0.40257789993644894,2.0
2021-12-21,16.1,11.0,24.2,0.1,8.5,1026.7,0.0,0.0,0.0,0.0,0.0,0.0,0.0,0.0,0.0,0.0,0.0,0.0,0.0,0.1,0.40257789993644894,2.0
2021-12-22,14.7,8.4,20.0,0.0,10.0,1026.0,0.0,0.0,0.0,0.0,0.0,0.0,0.0,0.0,0.0,0.0,0.0,0.0,0.0,0.1,0.40257789993644894,2.0
2021-12-23,14.6,11.0,20.0,0.0,15.8,1024.4,0.0,0.0,0.0,0.0,0.0,0.0,2.0,0.0,0.0,0.0,0.0,0.0,0.0,0.03333333333333333,0.18257418583505572,1.0
2021-12-24,14.9,12.0,20.0,0.0,18.6,1023.6,0.0,0.0,0.0,0.0,0.0,0.0,0.0,0.0,0.0,0.0,0.0,0.0,0.0,0.03333333333333333,0.18257418583505572,1.0
2021-12-25,15.8,10.0,20.3,0.0,13.2,1024.3,0.0,0.0,0.0,0.0,0.0,0.0,0.0,0.0,0.0,0.0,0.0,0.0,0.0,0.03333333333333333,0.18257418583505572,1.0
2021-12-26,15.2,12.6,20.0,0.0,14.2,1024.7,0.0,0.0,0.0,0.0,0.0,0.0,0.0,0.0,0.0,0.0,0.0,0.0,0.0,0.03333333333333333,0.18257418583505572,1.0
2021-12-27,16.1,11.6,21.6,0.0,14.9,1025.4,0.0,0.0,0.0,0.0,0.0,0.0,1.0,0.0,0.0,0.0,0.0,0.0,0.0,0.0,0.0,0.0
2021-12-28,15.5,11.0,20.0,0.0,18.9,1024.3,0.0,0.0,0.0,0.0,0.0,0.0,0.0,0.0,0.0,0.0,0.0,0.0,0.0,0.0,0.0,0.0
2021-12-29,12.9,9.0,17.0,0.0,12.0,1024.1,0.0,0.0,0.0,0.0,0.0,0.0,0.0,0.0,0.0,0.0,0.0,0.0,0.0,0.0,0.0,0.0
2021-12-30,12.8,10.0,15.4,1.2,13.7,1022.9,0.0,0.0,0.0,0.0,0.0,0.0,0.0,0.0,0.0,0.0,0.0,0.0,0.0,0.0,0.0,0.0
2021-12-31,13.5,11.0,18.0,0.6,12.9,1023.5,0.0,0.0,0.0,0.0,0.0,0.0,0.0,0.0,0.0,0.0,0.0,0.0,0.0,0.0,0.0,0.0
2022-01-01,14.6,11.0,19.0,0.1,18.9,1022.8,0.0,0.0,0.0,0.0,0.0,0.0,0.0,0.0,0.0,0.0,0.0,0.0,0.0,0.0,0.0,0.0
2022-01-02,13.1,12.0,15.4,6.4,23.0,1021.6,0.0,0.0,0.0,0.0,0.0,0.0,0.0,0.0,0.0,0.0,0.0,0.0,0.0,0.0,0.0,0.0
2022-01-03,12.9,11.3,14.2,16.0,19.6,1022.2,0.0,0.0,0.0,0.0,0.0,0.0,0.0,0.0,0.0,0.0,0.0,0.0,0.0,0.0,0.0,0.0
2022-01-04,12.9,12.0,15.2,6.1,18.7,1023.6,0.0,0.0,0.0,0.0,0.0,0.0,0.0,0.0,0.0,0.0,0.0,0.0,0.0,0.0,0.0,0.0
2022-01-05,13.0,8.3,17.0,0.0,14.2,1024.4,0.0,0.0,0.0,0.0,0.0,0.0,0.0,0.0,0.0,0.0,0.0,0.0,0.0,0.0,0.0,0.0
2022-01-06,13.3,11.0,16.4,2.0,10.1,1024.9,0.0,0.0,0.0,0.0,0.0,0.0,0.0,0.0,0.0,0.0,0.0,0.0,0.0,0.0,0.0,0.0
2022-01-07,14.4,11.4,19.0,0.1,14.2,1024.6,0.0,0.0,0.0,0.0,0.0,0.0,0.0,0.0,0.0,0.0,0.0,0.0,0.0,0.0,0.0,0.0
2022-01-08,15.1,11.0,20.0,0.0,13.3,1024.8,0.0,0.0,0.0,0.0,0.0,0.0,0.0,0.0,0.0,0.0,0.0,0.0,0.0,0.0,0.0,0.0
2022-01-09,15.0,10.0,21.0,0.3,4.7,1024.7,0.0,0.0,0.0,0.0,0.0,0.0,0.0,0.0,0.0,0.0,0.0,0.0,0.0,0.0,0.0,0.0
2022-01-10,15.4,9.7,20.4,0.0,11.7,1022.9,0.0,0.0,0.0,0.0,0.0,0.0,0.0,0.0,0.0,0.0,0.0,0.0,0.0,0.0,0.0,0.0
2022-01-11,16.4,11.0,22.0,0.0,9.3,1025.3,0.0,0.0,0.0,0.0,0.0,0.0,0.0,0.0,0.0,0.0,0.0,0.0,0.0,0.0,0.0,0.0
2022-01-12,15.5,9.0,22.0,0.0,8.3,1025.9,0.0,0.0,0.0,0.0,0.0,0.0,0.0,0.0,0.0,0.0,0.0,0.0,0.0,0.0,0.0,0.0
2022-01-13,16.1,10.0,22.4,0.0,10.6,1024.8,0.0,0.0,0.0,0.0,0.0,0.0,0.0,0.0,0.0,0.0,0.0,0.0,0.0,0.0,0.0,0.0
2022-01-14,16.4,13.0,22.0,0.0,14.9,1023.2,0.0,0.0,0.0,0.0,0.0,0.0,0.0,0.0,0.0,0.0,0.0,0.0,0.0,0.0,0.0,0.0
2022-01-15,15.6,12.8,19.4,0.0,21.0,1021.6,0.0,0.0,0.0,0.0,0.0,0.0,0.0,0.0,0.0,0.0,0.0,0.0,0.0,0.0,0.0,0.0
2022-01-16,15.0,11.9,20.0,0.0,15.8,1021.8,0.0,0.0,0.0,0.0,0.0,0.0,0.0,0.0,0.0,0.0,0.0,0.0,0.0,0.0,0.0,0.0
2022-01-17,15.4,11.8,19.0,0.0,17.8,1023.4,0.0,0.0,0.0,0.0,0.0,0.0,0.0,0.0,0.0,0.0,0.0,0.0,0.0,0.0,0.0,0.0
2022-01-18,15.4,13.6,19.0,1.6,17.7,1025.9,0.0,0.0,0.0,0.0,0.0,0.0,0.0,0.0,0.0,0.0,0.0,0.0,0.0,0.0,0.0,0.0
2022-01-19,14.8,12.6,19.1,0.0,17.7,1026.0,0.0,0.0,0.0,0.0,0.0,0.0,0.0,0.0,0.0,0.0,0.0,0.0,0.0,0.0,0.0,0.0
2022-01-20,14.3,11.0,19.2,0.0,20.0,1025.9,0.0,0.0,0.0,0.0,0.0,0.0,0.0,0.0,0.0,0.0,0.0,0.0,0.0,0.0,0.0,0.0
2022-01-21,13.6,7.6,21.4,0.0,8.6,1026.2,0.0,0.0,0.0,0.0,0.0,0.0,0.0,0.0,0.0,0.0,0.0,0.0,0.0,0.0,0.0,0.0
2022-01-22,13.9,11.0,18.0,0.0,18.8,1025.4,0.0,0.0,0.0,0.0,0.0,0.0,0.0,0.0,0.0,0.0,0.0,0.0,0.0,0.0,0.0,0.0
2022-01-23,13.8,10.0,19.0,0.0,18.3,1024.5,0.0,0.0,0.0,0.0,0.0,0.0,0.0,0.0,0.0,0.0,0.0,0.0,0.0,0.0,0.0,0.0
2022-01-24,14.2,10.0,20.0,0.0,13.3,1025.0,0.0,0.0,0.0,0.0,0.0,0.0,0.0,0.0,0.0,0.0,0.0,0.0,0.0,0.0,0.0,0.0
2022-01-25,14.9,7.0,23.4,0.0,8.6,1024.6,0.0,0.0,0.0,0.0,0.0,0.0,0.0,0.0,0.0,0.0,0.0,0.0,0.0,0.0,0.0,0.0
2022-01-26,14.7,9.0,21.0,0.0,12.5,1024.2,0.0,0.0,0.0,0.0,0.0,0.0,0.0,0.0,0.0,0.0,0.0,0.0,0.0,0.0,0.0,0.0
2022-01-27,14.6,12.0,20.0,0.0,15.9,1024.6,0.0,0.0,0.0,0.0,0.0,0.0,0.0,0.0,0.0,0.0,0.0,0.0,0.0,0.0,0.0,0.0
2022-01-28,14.4,10.0,20.0,0.0,13.0,1024.8,0.0,0.0,0.0,0.0,0.0,0.0,0.0,0.0,0.0,0.0,0.0,0.0,0.0,0.0,0.0,0.0
2022-01-29,13.6,10.6,18.0,0.0,17.3,1025.0,0.0,0.0,0.0,0.0,0.0,0.0,0.0,0.0,0.0,0.0,0.0,0.0,0.0,0.0,0.0,0.0
2022-01-30,14.6,10.7,19.2,0.0,18.1,1023.6,0.0,0.0,0.0,0.0,0.0,0.0,0.0,0.0,0.0,0.0,0.0,0.0,0.0,0.0,0.0,0.0
2022-01-31,14.8,10.5,19.4,0.0,17.8,1022.2,0.0,0.0,0.0,0.0,0.0,0.0,0.0,0.0,0.0,0.0,0.0,0.0,0.0,0.0,0.0,0.0
2022-02-01,14.9,11.0,19.3,0.0,12.7,1023.5,0.0,0.0,0.0,0.0,0.0,0.0,0.0,0.0,0.0,0.0,0.0,0.0,0.0,0.0,0.0,0.0
2022-02-02,16.1,9.0,22.2,0.0,11.3,1025.4,0.0,0.0,0.0,0.0,0.0,0.0,0.0,0.0,0.0,0.0,0.0,0.0,0.0,0.0,0.0,0.0
2022-02-03,15.9,9.5,22.0,0.0,10.3,1026.2,0.0,0.0,0.0,0.0,0.0,0.0,0.0,0.0,0.0,0.0,0.0,0.0,0.0,0.0,0.0,0.0
2022-02-04,16.0,10.0,22.0,0.0,14.7,1023.9,0.0,0.0,0.0,0.0,0.0,0.0,0.0,0.0,0.0,0.0,0.0,0.0,0.0,0.0,0.0,0.0
2022-02-05,14.9,11.0,20.1,0.0,13.7,1022.9,0.0,0.0,0.0,0.0,0.0,0.0,0.0,0.0,0.0,0.0,0.0,0.0,0.0,0.0,0.0,0.0
2022-02-06,13.9,10.0,20.6,0.0,6.3,1023.9,0.0,0.0,0.0,0.0,0.0,0.0,0.0,0.0,0.0,0.0,0.0,0.0,0.0,0.0,0.0,0.0
2022-02-07,14.1,9.0,19.0,0.0,9.2,1024.5,0.0,0.0,0.0,0.0,0.0,0.0,0.0,0.0,0.0,0.0,0.0,0.0,0.0,0.0,0.0,0.0
2022-02-08,13.8,7.6,19.3,0.0,9.7,1025.5,0.0,0.0,0.0,0.0,0.0,0.0,0.0,0.0,0.0,0.0,0.0,0.0,0.0,0.0,0.0,0.0
2022-02-09,15.7,10.5,20.3,0.0,13.3,1024.2,0.0,0.0,0.0,0.0,0.0,0.0,0.0,0.0,0.0,0.0,0.0,0.0,0.0,0.0,0.0,0.0
2022-02-10,16.5,13.0,21.0,0.0,13.4,1023.7,0.0,0.0,0.0,0.0,0.0,0.0,0.0,0.0,0.0,0.0,0.0,0.0,0.0,0.0,0.0,0.0
2022-02-11,15.4,10.7,21.0,0.0,11.7,1023.4,0.0,0.0,0.0,0.0,0.0,0.0,0.0,0.0,0.0,0.0,0.0,0.0,0.0,0.0,0.0,0.0
2022-02-12,15.3,9.0,21.0,0.0,9.3,1023.7,0.0,0.0,0.0,0.0,0.0,0.0,0.0,0.0,0.0,0.0,0.0,0.0,0.0,0.0,0.0,0.0
2022-02-13,15.5,10.0,21.6,0.0,13.8,1023.1,0.0,0.0,0.0,0.0,0.0,0.0,0.0,0.0,0.0,0.0,0.0,0.0,0.0,0.0,0.0,0.0
2022-02-14,14.6,7.0,21.0,0.0,8.3,1022.2,0.0,0.0,0.0,0.0,0.0,0.0,0.0,0.0,0.0,0.0,0.0,0.0,0.0,0.0,0.0,0.0
2022-02-15,15.6,10.8,20.4,0.0,10.2,1022.7,0.0,0.0,0.0,0.0,0.0,0.0,0.0,0.0,0.0,0.0,0.0,0.0,0.0,0.0,0.0,0.0
2022-02-16,15.8,11.7,20.3,0.0,14.8,1021.2,0.0,0.0,0.0,0.0,0.0,0.0,0.0,0.0,0.0,0.0,0.0,0.0,0.0,0.0,0.0,0.0
2022-02-17,15.5,11.5,21.0,0.0,15.2,1019.2,0.0,0.0,0.0,0.0,0.0,0.0,0.0,0.0,0.0,0.0,0.0,0.0,0.0,0.0,0.0,0.0
2022-02-18,15.6,12.0,20.5,0.0,19.0,1020.0,0.0,0.0,0.0,0.0,0.0,0.0,0.0,0.0,0.0,0.0,0.0,0.0,0.0,0.0,0.0,0.0
2022-02-19,16.9,14.0,22.0,0.0,21.9,1022.3,0.0,0.0,0.0,0.0,0.0,0.0,0.0,0.0,0.0,0.0,0.0,0.0,0.0,0.0,0.0,0.0
2022-02-20,15.6,12.6,21.0,0.0,15.6,1024.0,0.0,0.0,0.0,0.0,0.0,0.0,0.0,0.0,0.0,0.0,0.0,0.0,0.0,0.0,0.0,0.0
2022-02-21,16.0,8.9,24.0,0.0,11.2,1024.4,0.0,0.0,0.0,0.0,0.0,0.0,0.0,0.0,0.0,0.0,0.0,0.0,0.0,0.0,0.0,0.0
2022-02-22,15.9,7.9,22.4,0.0,10.6,1023.3,0.0,0.0,0.0,0.0,0.0,0.0,0.0,0.0,0.0,0.0,0.0,0.0,0.0,0.0,0.0,0.0
2022-02-23,17.6,10.7,23.4,0.0,13.7,1023.8,0.0,0.0,0.0,0.0,0.0,0.0,0.0,0.0,0.0,0.0,0.0,0.0,0.0,0.0,0.0,0.0
2022-02-24,17.7,11.0,24.2,0.1,13.0,1024.4,0.0,0.0,0.0,0.0,0.0,0.0,0.0,0.0,0.0,0.0,0.0,0.0,0.0,0.0,0.0,0.0
2022-02-25,17.8,13.0,23.0,0.1,13.1,1024.5,0.0,0.0,0.0,0.0,0.0,0.0,0.0,0.0,0.0,0.0,0.0,0.0,0.0,0.0,0.0,0.0
2022-02-26,17.2,12.0,22.0,0.0,13.6,1024.7,1.0,0.0,0.0,0.0,0.0,0.0,0.0,0.14285714285714285,0.3779644730092274,1.0,0.07142857142857142,0.2672612419124247,1.0,0.03333333333333333,0.18257418583505572,1.0
2022-02-27,17.7,13.0,25.0,1.1,8.2,1025.2,0.0,1.0,0.0,0.0,0.0,0.0,0.0,0.14285714285714285,0.3779644730092274,1.0,0.07142857142857142,0.2672612419124247,1.0,0.03333333333333333,0.18257418583505572,1.0
2022-02-28,17.9,12.0,25.0,0.1,9.7,1024.9,0.0,0.0,1.0,0.0,0.0,0.0,0.0,0.14285714285714285,0.3779644730092274,1.0,0.07142857142857142,0.2672612419124247,1.0,0.03333333333333333,0.18257418583505572,1.0
2022-03-01,17.9,11.4,24.9,0.4,9.7,1025.6,0.0,0.0,0.0,1.0,0.0,0.0,0.0,0.14285714285714285,0.3779644730092274,1.0,0.07142857142857142,0.2672612419124247,1.0,0.03333333333333333,0.18257418583505572,1.0
2022-03-02,18.3,11.7,25.3,0.0,8.3,1025.3,0.0,0.0,0.0,0.0,0.0,0.0,0.0,0.14285714285714285,0.3779644730092274,1.0,0.07142857142857142,0.2672612419124247,1.0,0.03333333333333333,0.18257418583505572,1.0
2022-03-03,17.7,12.0,24.3,0.0,10.8,1024.6,0.0,0.0,0.0,0.0,0.0,0.0,0.0,0.14285714285714285,0.3779644730092274,1.0,0.07142857142857142,0.2672612419124247,1.0,0.03333333333333333,0.18257418583505572,1.0
2022-03-04,17.9,12.0,24.4,0.0,12.4,1023.6,0.0,0.0,0.0,0.0,0.0,0.0,0.0,0.14285714285714285,0.3779644730092274,1.0,0.07142857142857142,0.2672612419124247,1.0,0.03333333333333333,0.18257418583505572,1.0
2022-03-05,18.0,12.0,26.0,0.2,8.7,1023.1,0.0,0.0,0.0,0.0,1.0,0.0,0.0,0.0,0.0,0.0,0.07142857142857142,0.2672612419124247,1.0,0.03333333333333333,0.18257418583505572,1.0
2022-03-06,18.6,12.9,25.0,0.0,9.4,1022.5,0.0,0.0,0.0,0.0,0.0,0.0,0.0,0.0,0.0,0.0,0.07142857142857142,0.2672612419124247,1.0,0.03333333333333333,0.18257418583505572,1.0
2022-03-07,18.0,11.0,25.0,0.0,7.8,1021.5,0.0,0.0,0.0,0.0,0.0,0.0,0.0,0.0,0.0,0.0,0.07142857142857142,0.2672612419124247,1.0,0.03333333333333333,0.18257418583505572,1.0
2022-03-08,19.0,12.0,27.0,0.0,6.1,1021.4,0.0,0.0,0.0,0.0,0.0,0.0,0.0,0.0,0.0,0.0,0.07142857142857142,0.2672612419124247,1.0,0.03333333333333333,0.18257418583505572,1.0
2022-03-09,19.8,11.8,27.0,0.0,10.4,1021.6,0.0,0.0,0.0,0.0,0.0,0.0,0.0,0.0,0.0,0.0,0.07142857142857142,0.2672612419124247,1.0,0.03333333333333333,0.18257418583505572,1.0
2022-03-10,20.6,14.5,27.3,0.0,12.9,1022.1,0.0,0.0,0.0,0.0,0.0,0.0,0.0,0.0,0.0,0.0,0.07142857142857142,0.2672612419124247,1.0,0.03333333333333333,0.18257418583505572,1.0
2022-03-11,20.1,16.0,26.2,0.0,16.4,1022.3,0.0,0.0,0.0,0.0,0.0,0.0,0.0,0.0,0.0,0.0,0.07142857142857142,0.2672612419124247,1.0,0.03333333333333333,0.18257418583505572,1.0
2022-03-12,18.4,12.0,25.0,0.0,14.7,1021.5,0.0,0.0,0.0,0.0,0.0,1.0,0.0,0.0,0.0,0.0,0.0,0.0,0.0,0.03333333333333333,0.18257418583505572,1.0
2022-03-13,18.8,12.5,25.3,0.0,12.5,1022.0,0.0,0.0,0.0,0.0,0.0,0.0,0.0,0.0,0.0,0.0,0.0,0.0,0.0,0.03333333333333333,0.18257418583505572,1.0
2022-03-14,18.4,13.0,26.0,0.2,13.8,1023.3,1.0,0.0,0.0,0.0,0.0,0.0,0.0,0.14285714285714285,0.3779644730092274,1.0,0.07142857142857142,0.2672612419124247,1.0,0.06666666666666667,0.25370813170246265,1.0
2022-03-15,17.2,13.7,31.1,0.0,16.7,1022.9,0.0,1.0,0.0,0.0,0.0,0.0,0.0,0.14285714285714285,0.3779644730092274,1.0,0.07142857142857142,0.2672612419124247,1.0,0.06666666666666667,0.25370813170246265,1.0
2022-03-16,16.1,12.8,20.1,0.0,17.3,1021.5,0.0,0.0,1.0,0.0,0.0,0.0,0.0,0.14285714285714285,0.3779644730092274,1.0,0.07142857142857142,0.2672612419124247,1.0,0.06666666666666667,0.25370813170246265,1.0
2022-03-17,16.1,12.0,22.1,0.1,11.2,1023.0,0.0,0.0,0.0,1.0,0.0,0.0,0.0,0.14285714285714285,0.3779644730092274,1.0,0.07142857142857142,0.2672612419124247,1.0,0.06666666666666667,0.25370813170246265,1.0
2022-03-18,16.3,10.6,22.0,0.0,10.9,1023.7,1.0,0.0,0.0,0.0,0.0,0.0,0.0,0.2857142857142857,0.4879500364742669,1.0,0.14285714285714285,0.3631365196012816,1.0,0.1,0.3051285766293648,1.0
2022-03-19,17.3,12.4,22.5,0.1,12.2,1023.8,0.0,1.0,0.0,0.0,0.0,0.0,0.0,0.2857142857142857,0.4879500364742669,1.0,0.14285714285714285,0.3631365196012816,1.0,0.1,0.3051285766293648,1.0
2022-03-20,17.9,13.0,24.0,0.0,15.1,1022.0,0.0,0.0,1.0,0.0,0.0,0.0,0.0,0.2857142857142857,0.4879500364742669,1.0,0.14285714285714285,0.3631365196012816,1.0,0.1,0.3051285766293648,1.0
2022-03-21,18.2,14.8,23.3,0.3,15.8,1021.3,0.0,0.0,0.0,1.0,1.0,0.0,0.0,0.14285714285714285,0.3779644730092274,1.0,0.14285714285714285,0.3631365196012816,1.0,0.1,0.3051285766293648,1.0
2022-03-22,18.6,14.4,24.0,0.0,11.5,1022.2,0.0,0.0,0.0,0.0,0.0,0.0,0.0,0.14285714285714285,0.3779644730092274,1.0,0.14285714285714285,0.3631365196012816,1.0,0.1,0.3051285766293648,1.0
2022-03-23,19.0,14.0,25.0,0.0,14.8,1023.8,0.0,0.0,0.0,0.0,0.0,0.0,0.0,0.14285714285714285,0.3779644730092274,1.0,0.14285714285714285,0.3631365196012816,1.0,0.1,0.3051285766293648,1.0
2022-03-24,18.2,12.0,25.0,0.0,8.1,1024.0,0.0,0.0,0.0,0.0,0.0,0.0,0.0,0.14285714285714285,0.3779644730092274,1.0,0.14285714285714285,0.3631365196012816,1.0,0.1,0.3051285766293648,1.0
2022-03-25,17.5,9.4,25.0,0.0,11.4,1023.4,1.0,0.0,0.0,0.0,1.0,0.0,0.0,0.14285714285714285,0.3779644730092274,1.0,0.21428571428571427,0.42581531362632025,1.0,0.13333333333333333,0.3457459036417605,1.0
2022-03-26,18.4,12.0,27.0,0.0,9.2,1024.3,0.0,1.0,0.0,0.0,0.0,0.0,0.0,0.14285714285714285,0.3779644730092274,1.0,0.21428571428571427,0.42581531362632025,1.0,0.13333333333333333,0.3457459036417605,1.0
2022-03-27,19.2,13.1,25.3,0.0,9.7,1024.9,0.0,0.0,1.0,0.0,0.0,0.0,0.0,0.14285714285714285,0.3779644730092274,1.0,0.21428571428571427,0.42581531362632025,1.0,0.13333333333333333,0.3457459036417605,1.0
2022-03-28,18.3,11.0,24.8,0.0,7.6,1025.8,0.0,0.0,0.0,1.0,0.0,1.0,1.0,0.14285714285714285,0.3779644730092274,1.0,0.14285714285714285,0.3631365196012816,1.0,0.1,0.3051285766293648,1.0
2022-03-29,17.9,10.2,25.0,0.0,8.4,1025.0,0.0,0.0,0.0,0.0,0.0,0.0,0.0,0.14285714285714285,0.3779644730092274,1.0,0.14285714285714285,0.3631365196012816,1.0,0.1,0.3051285766293648,1.0
2022-03-30,18.4,10.9,26.4,0.0,8.2,1024.0,0.0,0.0,0.0,0.0,0.0,0.0,0.0,0.14285714285714285,0.3779644730092274,1.0,0.14285714285714285,0.3631365196012816,1.0,0.1,0.3051285766293648,1.0
2022-03-31,19.5,12.0,27.3,0.0,8.4,1024.0,0.0,0.0,0.0,0.0,0.0,0.0,0.0,0.14285714285714285,0.3779644730092274,1.0,0.14285714285714285,0.3631365196012816,1.0,0.1,0.3051285766293648,1.0
2022-04-01,19.4,12.0,26.9,0.0,8.2,1025.5,0.0,0.0,0.0,0.0,1.0,1.0,0.0,0.0,0.0,0.0,0.07142857142857142,0.2672612419124247,1.0,0.1,0.3051285766293648,1.0
2022-04-02,19.8,12.7,28.2,0.0,6.9,1025.5,0.0,0.0,0.0,0.0,0.0,0.0,0.0,0.0,0.0,0.0,0.07142857142857142,0.2672612419124247,1.0,0.1,0.3051285766293648,1.0
2022-04-03,20.8,12.4,28.3,0.0,7.5,1024.6,0.0,0.0,0.0,0.0,0.0,0.0,0.0,0.0,0.0,0.0,0.07142857142857142,0.2672612419124247,1.0,0.1,0.3051285766293648,1.0
2022-04-04,21.6,13.3,29.6,0.0,6.4,1024.6,0.0,0.0,0.0,0.0,0.0,0.0,0.0,0.0,0.0,0.0,0.07142857142857142,0.2672612419124247,1.0,0.1,0.3051285766293648,1.0
2022-04-05,21.6,12.7,30.0,0.0,7.8,1025.2,0.0,0.0,0.0,0.0,0.0,0.0,0.0,0.0,0.0,0.0,0.07142857142857142,0.2672612419124247,1.0,0.1,0.3051285766293648,1.0
2022-04-06,21.6,13.2,29.3,0.0,15.8,1025.5,0.0,0.0,0.0,0.0,0.0,0.0,0.0,0.0,0.0,0.0,0.07142857142857142,0.2672612419124247,1.0,0.1,0.3051285766293648,1.0
2022-04-07,20.4,12.6,28.6,0.0,8.8,1025.5,0.0,0.0,0.0,0.0,0.0,0.0,0.0,0.0,0.0,0.0,0.07142857142857142,0.2672612419124247,1.0,0.1,0.3051285766293648,1.0
2022-04-08,20.1,10.6,28.4,0.0,8.7,1025.1,0.0,0.0,0.0,0.0,0.0,1.0,0.0,0.0,0.0,0.0,0.0,0.0,0.0,0.1,0.3051285766293648,1.0
2022-04-09,20.2,12.2,29.0,0.0,7.5,1023.2,0.0,0.0,0.0,0.0,0.0,0.0,0.0,0.0,0.0,0.0,0.0,0.0,0.0,0.1,0.3051285766293648,1.0
2022-04-10,20.9,13.3,28.1,0.0,8.2,1022.7,0.0,0.0,0.0,0.0,0.0,0.0,0.0,0.0,0.0,0.0,0.0,0.0,0.0,0.1,0.3051285766293648,1.0
2022-04-11,21.1,14.0,27.1,0.0,11.4,1022.8,0.0,0.0,0.0,0.0,0.0,0.0,0.0,0.0,0.0,0.0,0.0,0.0,0.0,0.1,0.3051285766293648,1.0
2022-04-12,21.5,15.4,28.5,0.1,11.3,1022.6,0.0,0.0,0.0,0.0,0.0,0.0,0.0,0.0,0.0,0.0,0.0,0.0,0.0,0.1,0.3051285766293648,1.0
2022-04-13,21.8,15.0,28.0,4.1,10.0,1021.6,0.0,0.0,0.0,0.0,0.0,0.0,1.0,0.0,0.0,0.0,0.0,0.0,0.0,0.06666666666666667,0.25370813170246265,1.0
2022-04-14,21.6,15.4,28.0,0.0,9.6,1021.1,0.0,0.0,0.0,0.0,0.0,0.0,0.0,0.0,0.0,0.0,0.0,0.0,0.0,0.06666666666666667,0.25370813170246265,1.0
2022-04-15,21.7,14.7,28.5,0.0,8.4,1021.5,0.0,0.0,0.0,0.0,0.0,0.0,0.0,0.0,0.0,0.0,0.0,0.0,0.0,0.06666666666666667,0.25370813170246265,1.0
2022-04-16,22.2,18.0,27.7,0.0,11.0,1021.7,0.0,0.0,0.0,0.0,0.0,0.0,0.0,0.0,0.0,0.0,0.0,0.0,0.0,0.06666666666666667,0.25370813170246265,1.0
2022-04-17,21.8,15.0,28.4,0.3,10.7,1022.6,0.0,0.0,0.0,0.0,0.0,0.0,1.0,0.0,0.0,0.0,0.0,0.0,0.0,0.03333333333333333,0.18257418583505572,1.0
2022-04-18,22.5,16.0,29.6,0.6,9.3,1022.8,0.0,0.0,0.0,0.0,0.0,0.0,0.0,0.0,0.0,0.0,0.0,0.0,0.0,0.03333333333333333,0.18257418583505572,1.0
2022-04-19,22.6,15.1,29.5,0.0,8.9,1023.8,1.0,0.0,0.0,0.0,0.0,0.0,0.0,0.14285714285714285,0.3779644730092274,1.0,0.07142857142857142,0.2672612419124247,1.0,0.06666666666666667,0.25370813170246265,1.0
2022-04-20,22.2,17.0,28.6,0.2,9.4,1022.9,0.0,1.0,0.0,0.0,0.0,0.0,0.0,0.14285714285714285,0.3779644730092274,1.0,0.07142857142857142,0.2672612419124247,1.0,0.06666666666666667,0.25370813170246265,1.0
2022-04-21,21.9,16.1,27.3,1.0,11.3,1022.2,0.0,0.0,1.0,0.0,0.0,0.0,0.0,0.14285714285714285,0.3779644730092274,1.0,0.07142857142857142,0.2672612419124247,1.0,0.06666666666666667,0.25370813170246265,1.0
2022-04-22,21.4,15.5,28.2,1.0,11.5,1022.6,0.0,0.0,0.0,1.0,0.0,0.0,0.0,0.14285714285714285,0.3779644730092274,1.0,0.07142857142857142,0.2672612419124247,1.0,0.06666666666666667,0.25370813170246265,1.0
2022-04-23,20.7,14.5,28.1,1.3,9.6,1022.0,0.0,0.0,0.0,0.0,0.0,0.0,0.0,0.14285714285714285,0.3779644730092274,1.0,0.07142857142857142,0.2672612419124247,1.0,0.06666666666666667,0.25370813170246265,1.0
2022-04-24,20.3,14.7,26.9,0.4,12.6,1020.8,0.0,0.0,0.0,0.0,0.0,0.0,1.0,0.14285714285714285,0.3779644730092274,1.0,0.07142857142857142,0.2672612419124247,1.0,0.03333333333333333,0.18257418583505572,1.0
2022-04-25,19.8,14.2,25.6,1.8,11.9,1020.8,0.0,0.0,0.0,0.0,0.0,0.0,0.0,0.14285714285714285,0.3779644730092274,1.0,0.07142857142857142,0.2672612419124247,1.0,0.03333333333333333,0.18257418583505572,1.0
2022-04-26,16.8,12.6,25.2,0.2,9.6,1022.8,0.0,0.0,0.0,0.0,1.0,0.0,0.0,0.0,0.0,0.0,0.07142857142857142,0.2672612419124247,1.0,0.03333333333333333,0.18257418583505572,1.0
2022-04-27,19.1,11.0,26.2,0.0,9.4,1021.5,0.0,0.0,0.0,0.0,0.0,0.0,0.0,0.0,0.0,0.0,0.07142857142857142,0.2672612419124247,1.0,0.03333333333333333,0.18257418583505572,1.0
2022-04-28,18.9,12.8,25.4,0.7,16.2,1020.8,0.0,0.0,0.0,0.0,0.0,0.0,0.0,0.0,0.0,0.0,0.07142857142857142,0.2672612419124247,1.0,0.03333333333333333,0.18257418583505572,1.0
2022-04-29,17.7,13.0,24.7,1.5,12.9,1023.6,0.0,0.0,0.0,0.0,0.0,0.0,0.0,0.0,0.0,0.0,0.07142857142857142,0.2672612419124247,1.0,0.03333333333333333,0.18257418583505572,1.0
2022-04-30,20.3,13.1,28.1,0.5,8.5,1024.8,0.0,0.0,0.0,0.0,0.0,0.0,0.0,0.0,0.0,0.0,0.07142857142857142,0.2672612419124247,1.0,0.03333333333333333,0.18257418583505572,1.0
2022-05-01,21.4,14.5,29.5,0.0,8.6,1024.4,0.0,0.0,0.0,0.0,0.0,0.0,0.0,0.0,0.0,0.0,0.07142857142857142,0.2672612419124247,1.0,0.03333333333333333,0.18257418583505572,1.0
2022-05-02,21.6,15.2,28.5,0.2,10.8,1023.5,0.0,0.0,0.0,0.0,0.0,0.0,0.0,0.0,0.0,0.0,0.07142857142857142,0.2672612419124247,1.0,0.03333333333333333,0.18257418583505572,1.0
2022-05-03,21.7,16.3,28.4,0.5,9.1,1024.0,0.0,0.0,0.0,0.0,0.0,1.0,0.0,0.0,0.0,0.0,0.0,0.0,0.0,0.03333333333333333,0.18257418583505572,1.0
2022-05-04,22.3,14.8,31.1,0.8,9.4,1025.5,0.0,0.0,0.0,0.0,0.0,0.0,0.0,0.0,0.0,0.0,0.0,0.0,0.0,0.03333333333333333,0.18257418583505572,1.0
2022-05-05,21.4,14.0,28.4,0.0,13.4,1025.3,0.0,0.0,0.0,0.0,0.0,0.0,0.0,0.0,0.0,0.0,0.0,0.0,0.0,0.03333333333333333,0.18257418583505572,1.0
2022-05-06,22.2,17.9,28.4,0.8,11.2,1023.0,1.0,0.0,0.0,0.0,0.0,0.0,0.0,0.14285714285714285,0.3779644730092274,1.0,0.07142857142857142,0.2672612419124247,1.0,0.06666666666666667,0.25370813170246265,1.0
2022-05-07,21.9,15.4,29.0,0.2,9.7,1022.3,0.0,1.0,0.0,0.0,0.0,0.0,0.0,0.14285714285714285,0.3779644730092274,1.0,0.07142857142857142,0.2672612419124247,1.0,0.06666666666666667,0.25370813170246265,1.0
2022-05-08,22.7,15.7,30.9,0.0,10.1,1023.3,0.0,0.0,1.0,0.0,0.0,0.0,0.0,0.14285714285714285,0.3779644730092274,1.0,0.07142857142857142,0.2672612419124247,1.0,0.06666666666666667,0.25370813170246265,1.0
2022-05-09,23.1,16.9,29.2,0.0,7.8,1023.6,0.0,0.0,0.0,1.0,0.0,0.0,0.0,0.14285714285714285,0.3779644730092274,1.0,0.07142857142857142,0.2672612419124247,1.0,0.06666666666666667,0.25370813170246265,1.0
2022-05-10,23.2,17.8,29.0,0.3,10.4,1024.0,0.0,0.0,0.0,0.0,0.0,0.0,0.0,0.14285714285714285,0.3779644730092274,1.0,0.07142857142857142,0.2672612419124247,1.0,0.06666666666666667,0.25370813170246265,1.0
2022-05-11,23.5,20.0,30.8,0.6,8.7,1024.7,0.0,0.0,0.0,0.0,0.0,0.0,0.0,0.14285714285714285,0.3779644730092274,1.0,0.07142857142857142,0.2672612419124247,1.0,0.06666666666666667,0.25370813170246265,1.0
2022-05-12,24.4,16.9,32.3,0.0,8.6,1025.0,0.0,0.0,0.0,0.0,0.0,0.0,0.0,0.14285714285714285,0.3779644730092274,1.0,0.07142857142857142,0.2672612419124247,1.0,0.06666666666666667,0.25370813170246265,1.0
2022-05-13,25.2,17.0,32.3,0.0,12.2,1025.4,0.0,0.0,0.0,0.0,1.0,0.0,0.0,0.0,0.0,0.0,0.07142857142857142,0.2672612419124247,1.0,0.06666666666666667,0.25370813170246265,1.0
2022-05-14,23.7,17.4,30.0,0.0,15.1,1025.8,0.0,0.0,0.0,0.0,0.0,0.0,0.0,0.0,0.0,0.0,0.07142857142857142,0.2672612419124247,1.0,0.06666666666666667,0.25370813170246265,1.0
2022-05-15,23.6,16.6,31.0,0.0,16.2,1025.4,0.0,0.0,0.0,0.0,0.0,0.0,0.0,0.0,0.0,0.0,0.07142857142857142,0.2672612419124247,1.0,0.06666666666666667,0.25370813170246265,1.0
2022-05-16,23.6,15.4,31.5,0.0,16.9,1024.5,0.0,0.0,0.0,0.0,0.0,0.0,0.0,0.0,0.0,0.0,0.07142857142857142,0.2672612419124247,1.0,0.06666666666666667,0.25370813170246265,1.0
2022-05-17,23.7,14.9,31.1,0.0,17.0,1023.2,1.0,0.0,0.0,0.0,0.0,0.0,0.0,0.14285714285714285,0.3779644730092274,1.0,0.14285714285714285,0.3631365196012816,1.0,0.1,0.3051285766293648,1.0
2022-05-18,24.0,17.0,31.0,0.0,14.2,1023.7,0.0,1.0,0.0,0.0,0.0,0.0,0.0,0.14285714285714285,0.3779644730092274,1.0,0.14285714285714285,0.3631365196012816,1.0,0.1,0.3051285766293648,1.0
2022-05-19,24.6,16.6,31.3,0.0,12.4,1024.3,0.0,0.0,1.0,0.0,0.0,0.0,1.0,0.14285714285714285,0.3779644730092274,1.0,0.14285714285714285,0.3631365196012816,1.0,0.06666666666666667,0.25370813170246265,1.0
2022-05-20,25.1,17.3,32.2,0.0,15.2,1024.2,0.0,0.0,0.0,1.0,0.0,1.0,0.0,0.14285714285714285,0.3779644730092274,1.0,0.07142857142857142,0.2672612419124247,1.0,0.06666666666666667,0.25370813170246265,1.0
2022-05-21,24.7,16.9,32.6,0.0,9.6,1024.0,0.0,0.0,0.0,0.0,0.0,0.0,0.0,0.14285714285714285,0.3779644730092274,1.0,0.07142857142857142,0.2672612419124247,1.0,0.06666666666666667,0.25370813170246265,1.0
2022-05-22,24.8,16.4,32.8,0.0,6.6,1023.8,0.0,0.0,0.0,0.0,0.0,0.0,0.0,0.14285714285714285,0.3779644730092274,1.0,0.07142857142857142,0.2672612419124247,1.0,0.06666666666666667,0.25370813170246265,1.0
2022-05-23,24.5,17.0,32.9,0.0,8.7,1021.8,0.0,0.0,0.0,0.0,0.0,0.0,0.0,0.14285714285714285,0.3779644730092274,1.0,0.07142857142857142,0.2672612419124247,1.0,0.06666666666666667,0.25370813170246265,1.0
2022-05-24,24.6,17.7,33.0,0.0,9.3,1021.9,1.0,0.0,0.0,0.0,1.0,0.0,0.0,0.14285714285714285,0.3779644730092274,1.0,0.14285714285714285,0.3631365196012816,1.0,0.1,0.3051285766293648,1.0
2022-05-25,24.7,18.5,31.7,1.6,11.6,1021.6,0.0,1.0,0.0,0.0,0.0,0.0,0.0,0.14285714285714285,0.3779644730092274,1.0,0.14285714285714285,0.3631365196012816,1.0,0.1,0.3051285766293648,1.0
2022-05-26,24.4,18.6,33.1,0.5057127010537992,6.7,1024.5,0.0,0.0,1.0,0.0,0.0,0.0,0.0,0.14285714285714285,0.3779644730092274,1.0,0.14285714285714285,0.3631365196012816,1.0,0.1,0.3051285766293648,1.0
2022-05-27,23.7,17.9,30.6,0.5057127010537992,11.7,1023.5,0.0,0.0,0.0,1.0,0.0,0.0,0.0,0.14285714285714285,0.3779644730092274,1.0,0.14285714285714285,0.3631365196012816,1.0,0.1,0.3051285766293648,1.0
2022-05-28,23.8,17.2,30.4,0.0,10.9,1022.8,0.0,0.0,0.0,0.0,0.0,0.0,0.0,0.14285714285714285,0.3779644730092274,1.0,0.14285714285714285,0.3631365196012816,1.0,0.1,0.3051285766293648,1.0
2022-05-29,23.9,17.1,31.4,0.0,7.8,1023.3,0.0,0.0,0.0,0.0,0.0,0.0,0.0,0.14285714285714285,0.3779644730092274,1.0,0.14285714285714285,0.3631365196012816,1.0,0.1,0.3051285766293648,1.0
2022-05-30,24.4,16.8,32.8,0.0,7.0,1023.3,1.0,0.0,0.0,0.0,0.0,0.0,0.0,0.2857142857142857,0.4879500364742669,1.0,0.21428571428571427,0.42581531362632025,1.0,0.13333333333333333,0.3457459036417605,1.0
2022-05-31,24.7,17.3,32.6,0.0,6.7,1022.2,0.0,1.0,0.0,0.0,1.0,1.0,0.0,0.14285714285714285,0.3779644730092274,1.0,0.14285714285714285,0.3631365196012816,1.0,0.13333333333333333,0.3457459036417605,1.0
2022-06-01,25.6,17.7,32.8,0.1,10.0,1018.3,0.0,0.0,1.0,0.0,0.0,0.0,0.0,0.14285714285714285,0.3779644730092274,1.0,0.14285714285714285,0.3631365196012816,1.0,0.13333333333333333,0.3457459036417605,1.0
2022-06-02,25.6,17.6,32.8,0.0,11.8,1019.6,0.0,0.0,0.0,1.0,0.0,0.0,0.0,0.14285714285714285,0.3779644730092274,1.0,0.14285714285714285,0.3631365196012816,1.0,0.13333333333333333,0.3457459036417605,1.0
2022-06-03,24.1,17.5,29.5,0.0,18.2,1021.6,1.0,0.0,0.0,0.0,0.0,0.0,0.0,0.2857142857142857,0.4879500364742669,1.0,0.21428571428571427,0.42581531362632025,1.0,0.16666666666666666,0.3790490217894518,1.0
2022-06-04,23.9,17.5,29.1,0.0,16.9,1022.1,2.0,1.0,0.0,0.0,0.0,0.0,0.0,0.5714285714285714,0.7867957924694434,2.0,0.35714285714285715,0.633323693776651,2.0,0.23333333333333334,0.5040069329937309,2.0
2022-06-05,23.9,17.2,31.2,0.0,12.2,1021.4,0.0,2.0,1.0,0.0,0.0,0.0,1.0,0.5714285714285714,0.7867957924694434,2.0,0.35714285714285715,0.633323693776651,2.0,0.2,0.48423419811150237,2.0
2022-06-06,23.9,15.9,32.4,0.0,8.1,1020.8,3.0,0.0,2.0,1.0,1.0,0.0,0.0,0.8571428571428571,1.2149857925879122,3.0,0.5714285714285714,0.9376144618769908,3.0,0.3,0.7022132498578064,3.0
2022-06-07,24.8,16.8,33.1,0.0,9.2,1019.8,0.0,3.0,0.0,2.0,0.0,1.0,0.0,0.8571428571428571,1.2149857925879122,3.0,0.5,0.9405399431259603,3.0,0.3,0.7022132498578064,3.0
2022-06-08,24.7,17.2,33.1,0.0,8.7,1020.8,1.0,0.0,3.0,0.0,0.0,0.0,0.0,1.0,1.154700538379252,3.0,0.5714285714285714,0.9376144618769908,3.0,0.3333333333333333,0.7111590022187596,3.0
2022-06-09,25.7,17.9,33.9,0.0,12.6,1021.7,0.0,1.0,0.0,3.0,0.0,0.0,0.0,1.0,1.154700538379252,3.0,0.5714285714285714,0.9376144618769908,3.0,0.3333333333333333,0.7111590022187596,3.0
2022-06-10,26.6,17.7,34.0,0.0,11.3,1022.3,0.0,0.0,1.0,0.0,1.0,0.0,0.0,0.8571428571428571,1.2149857925879122,3.0,0.5714285714285714,0.9376144618769908,3.0,0.3333333333333333,0.7111590022187596,3.0
2022-06-11,26.2,18.4,34.2,0.0,9.5,1023.0,0.0,0.0,0.0,1.0,2.0,0.0,0.0,0.5714285714285714,1.133893419027682,3.0,0.5714285714285714,0.9376144618769908,3.0,0.3333333333333333,0.7111590022187596,3.0
2022-06-12,26.1,19.4,34.4,0.0,10.6,1021.7,0.0,0.0,0.0,0.0,0.0,0.0,0.0,0.5714285714285714,1.133893419027682,3.0,0.5714285714285714,0.9376144618769908,3.0,0.3333333333333333,0.7111590022187596,3.0
2022-06-13,26.1,18.9,34.5,0.0,9.3,1021.2,0.0,0.0,0.0,0.0,3.0,1.0,0.0,0.14285714285714285,0.37796447300922714,1.0,0.5,0.9405399431259603,3.0,0.3333333333333333,0.7111590022187596,3.0
2022-06-14,27.9,20.5,34.7,0.0,14.2,1021.1,0.0,0.0,0.0,0.0,0.0,0.0,0.0,0.14285714285714285,0.37796447300922714,1.0,0.5,0.9405399431259603,3.0,0.3333333333333333,0.7111590022187596,3.0
2022-06-15,27.1,19.1,33.5,0.0,13.1,1020.7,0.0,0.0,0.0,0.0,1.0,0.0,0.0,0.0,0.0,0.0,0.5,0.9405399431259603,3.0,0.3333333333333333,0.7111590022187596,3.0
2022-06-16,25.1,18.6,33.1,0.0,11.4,1020.3,0.0,0.0,0.0,0.0,0.0,0.0,1.0,0.0,0.0,0.0,0.5,0.9405399431259603,3.0,0.3,0.7022132498578064,3.0
2022-06-17,25.0,17.5,32.7,0.0,8.4,1020.8,0.0,0.0,0.0,0.0,0.0,1.0,0.0,0.0,0.0,0.0,0.42857142857142855,0.937614461876991,3.0,0.3,0.7022132498578064,3.0
2022-06-18,26.1,20.0,33.7,0.0,9.5,1019.8,1.0,0.0,0.0,0.0,0.0,2.0,0.0,0.14285714285714285,0.37796447300922714,1.0,0.35714285714285715,0.8418973861410957,3.0,0.3333333333333333,0.7111590022187596,3.0
2022-06-19,25.4,18.3,33.6,0.0,8.2,1020.7,1.0,1.0,0.0,0.0,0.0,0.0,0.0,0.2857142857142857,0.48795003647426666,1.0,0.42857142857142855,0.8516306272526404,3.0,0.36666666666666664,0.718395402284138,3.0
2022-06-20,25.6,21.7,33.8,0.0,7.8,1020.3,0.0,1.0,1.0,0.0,0.0,3.0,0.0,0.2857142857142857,0.48795003647426666,1.0,0.21428571428571427,0.4258153136263207,1.0,0.36666666666666664,0.718395402284138,3.0
2022-06-21,25.6,18.9,34.0,0.5,9.9,1019.3,1.0,0.0,1.0,1.0,0.0,0.0,0.0,0.42857142857142855,0.5345224838248489,1.0,0.2857142857142857,0.46880723093849597,1.0,0.4,0.7239737088005909,3.0
2022-06-22,24.8,18.9,34.3,0.0,11.2,1017.0,0.0,1.0,0.0,1.0,0.0,1.0,0.0,0.42857142857142855,0.5345224838248489,1.0,0.21428571428571427,0.4258153136263207,1.0,0.4,0.7239737088005909,3.0
2022-06-23,24.4,19.2,33.2,0.4,10.5,1019.5,0.0,0.0,1.0,0.0,0.0,0.0,1.0,0.42857142857142855,0.5345224838248489,1.0,0.21428571428571427,0.4258153136263207,1.0,0.36666666666666664,0.718395402284138,3.0
2022-06-24,22.2,16.9,29.9,1.0,10.5,1019.9,0.0,0.0,0.0,1.0,0.0,0.0,0.0,0.42857142857142855,0.5345224838248489,1.0,0.21428571428571427,0.4258153136263207,1.0,0.36666666666666664,0.718395402284138,3.0
2022-06-25,21.8,17.8,29.0,3.4,12.5,1021.1,0.0,0.0,0.0,0.0,1.0,0.0,0.0,0.2857142857142857,0.4879500364742666,1.0,0.21428571428571427,0.4258153136263207,1.0,0.36666666666666664,0.718395402284138,3.0
2022-06-26,25.3,16.4,32.6,0.0,9.3,1021.1,0.0,0.0,0.0,0.0,1.0,0.0,0.0,0.14285714285714285,0.37796447300922703,1.0,0.21428571428571427,0.4258153136263207,1.0,0.36666666666666664,0.718395402284138,3.0
2022-06-27,26.9,19.2,33.1,0.3,12.0,1021.3,0.0,0.0,0.0,0.0,0.0,0.0,0.0,0.14285714285714285,0.37796447300922703,1.0,0.21428571428571427,0.4258153136263207,1.0,0.36666666666666664,0.718395402284138,3.0
2022-06-28,24.7,20.1,32.8,0.1,10.8,1020.9,1.0,0.0,0.0,0.0,1.0,0.0,0.0,0.14285714285714285,0.37796447300922703,1.0,0.2857142857142857,0.46880723093849597,1.0,0.4,0.7239737088005909,3.0
2022-06-29,26.5,20.5,33.3,0.0,15.1,1020.4,0.0,1.0,0.0,0.0,0.0,0.0,1.0,0.14285714285714285,0.37796447300922703,1.0,0.2857142857142857,0.46880723093849597,1.0,0.36666666666666664,0.718395402284138,3.0
2022-06-30,26.2,18.9,33.0,0.0,12.4,1019.5,0.0,0.0,1.0,0.0,0.0,0.0,0.0,0.14285714285714285,0.37796447300922703,1.0,0.2857142857142857,0.46880723093849597,1.0,0.36666666666666664,0.718395402284138,3.0
2022-07-01,25.4,20.7,33.4,0.2,14.2,1020.1,1.0,0.0,0.0,1.0,0.0,0.0,0.0,0.2857142857142857,0.48795003647426655,1.0,0.35714285714285715,0.4972451580988474,1.0,0.4,0.7239737088005909,3.0
2022-07-02,26.2,21.4,34.0,0.0,11.0,1020.4,0.0,1.0,0.0,0.0,0.0,1.0,0.0,0.2857142857142857,0.48795003647426655,1.0,0.2857142857142857,0.46880723093849597,1.0,0.4,0.7239737088005909,3.0
2022-07-03,24.7,18.8,32.4,1.8,9.4,1019.6,0.0,0.0,1.0,0.0,0.0,1.0,1.0,0.2857142857142857,0.48795003647426655,1.0,0.21428571428571427,0.4258153136263207,1.0,0.36666666666666664,0.718395402284138,3.0
2022-07-04,25.2,22.0,31.0,0.0,13.4,1020.0,0.0,0.0,0.0,1.0,0.0,0.0,2.0,0.2857142857142857,0.48795003647426655,1.0,0.21428571428571427,0.4258153136263207,1.0,0.3,0.651258728182957,3.0
2022-07-05,24.0,17.3,31.3,0.0,12.1,1020.5,0.0,0.0,0.0,0.0,1.0,1.0,0.0,0.14285714285714285,0.377964473009227,1.0,0.14285714285714285,0.3631365196012823,1.0,0.3,0.651258728182957,3.0
2022-07-06,24.1,16.9,30.6,0.0,11.5,1018.1,0.0,0.0,0.0,0.0,0.0,0.0,3.0,0.14285714285714285,0.377964473009227,1.0,0.14285714285714285,0.3631365196012823,1.0,0.2,0.40683810217248634,1.0
2022-07-07,24.9,18.7,32.9,0.0,7.6,1019.2,0.0,0.0,0.0,0.0,0.0,0.0,0.0,0.14285714285714285,0.377964473009227,1.0,0.14285714285714285,0.3631365196012823,1.0,0.2,0.40683810217248634,1.0
2022-07-08,23.0,18.8,29.0,0.0,10.9,1019.8,1.0,0.0,0.0,0.0,1.0,0.0,1.0,0.14285714285714285,0.377964473009227,1.0,0.21428571428571427,0.4258153136263207,1.0,0.2,0.40683810217248634,1.0
2022-07-09,22.2,17.4,29.1,0.1,13.0,1019.1,0.0,1.0,0.0,0.0,0.0,0.0,0.0,0.14285714285714285,0.377964473009227,1.0,0.21428571428571427,0.4258153136263207,1.0,0.2,0.40683810217248634,1.0
2022-07-10,22.3,17.7,28.3,0.6,11.0,1017.9,0.0,0.0,1.0,0.0,0.0,0.0,0.0,0.14285714285714285,0.377964473009227,1.0,0.21428571428571427,0.4258153136263207,1.0,0.2,0.40683810217248634,1.0
2022-07-11,21.6,18.8,29.3,0.1,15.9,1019.1,1.0,0.0,0.0,1.0,0.0,0.0,0.0,0.2857142857142857,0.48795003647426655,1.0,0.2857142857142857,0.46880723093849597,1.0,0.23333333333333334,0.43018306715207644,1.0
2022-07-12,21.2,17.8,25.4,0.2,12.2,1020.7,0.0,1.0,0.0,0.0,0.0,1.0,0.0,0.2857142857142857,0.48795003647426655,1.0,0.21428571428571427,0.4258153136263207,1.0,0.23333333333333334,0.43018306715207644,1.0
2022-07-13,21.9,17.8,30.2,0.0,12.7,1019.0,1.0,0.0,1.0,0.0,0.0,0.0,0.0,0.42857142857142855,0.5345224838248489,1.0,0.2857142857142857,0.46880723093849597,1.0,0.26666666666666666,0.4497764451088037,1.0
2022-07-14,23.3,17.6,31.7,0.0,11.7,1017.8,1.0,1.0,0.0,1.0,0.0,0.0,0.0,0.5714285714285714,0.534522483824849,1.0,0.35714285714285715,0.4972451580988474,1.0,0.3,0.46609159969939906,1.0
2022-07-15,23.7,17.9,32.5,0.4,12.3,1018.5,0.0,1.0,1.0,0.0,1.0,1.0,0.0,0.42857142857142855,0.5345224838248489,1.0,0.2857142857142857,0.46880723093849597,1.0,0.3,0.46609159969939906,1.0
2022-07-16,23.4,20.0,30.4,0.3,13.3,1018.8,0.0,0.0,1.0,1.0,0.0,0.0,0.0,0.42857142857142855,0.5345224838248489,1.0,0.2857142857142857,0.46880723093849597,1.0,0.3,0.46609159969939906,1.0
2022-07-17,23.3,16.4,31.3,0.0,13.1,1018.8,0.0,0.0,0.0,1.0,0.0,0.0,0.0,0.42857142857142855,0.5345224838248489,1.0,0.2857142857142857,0.46880723093849597,1.0,0.3,0.46609159969939906,1.0
2022-07-18,24.2,16.5,32.6,0.0,11.9,1018.8,0.0,0.0,0.0,0.0,1.0,0.0,1.0,0.2857142857142857,0.48795003647426655,1.0,0.2857142857142857,0.46880723093849597,1.0,0.26666666666666666,0.4497764451088037,1.0
2022-07-19,23.5,18.5,32.6,4.9,10.0,1019.1,0.0,0.0,0.0,0.0,0.0,0.0,1.0,0.2857142857142857,0.48795003647426655,1.0,0.2857142857142857,0.46880723093849597,1.0,0.23333333333333334,0.43018306715207644,1.0
2022-07-20,22.9,18.9,30.3,5.2,15.7,1018.5,1.0,0.0,0.0,0.0,1.0,0.0,0.0,0.2857142857142857,0.48795003647426655,1.0,0.35714285714285715,0.4972451580988474,1.0,0.26666666666666666,0.4497764451088037,1.0
2022-07-21,22.1,18.3,28.4,0.0,13.4,1017.5,0.0,1.0,0.0,0.0,1.0,0.0,1.0,0.14285714285714285,0.3779644730092269,1.0,0.35714285714285715,0.4972451580988474,1.0,0.23333333333333334,0.43018306715207644,1.0
2022-07-22,23.3,17.5,32.1,0.0,12.0,1019.0,0.0,0.0,1.0,0.0,0.0,1.0,0.0,0.14285714285714285,0.3779644730092269,1.0,0.2857142857142857,0.46880723093849597,1.0,0.23333333333333334,0.43018306715207644,1.0
2022-07-23,22.1,17.7,32.9,3.1,11.5,1018.8,0.0,0.0,0.0,1.0,0.0,0.0,0.0,0.14285714285714285,0.3779644730092269,1.0,0.2857142857142857,0.46880723093849597,1.0,0.23333333333333334,0.43018306715207644,1.0
2022-07-24,20.4,16.0,29.0,7.4,13.3,1019.0,1.0,0.0,0.0,0.0,0.0,0.0,0.0,0.2857142857142857,0.48795003647426655,1.0,0.35714285714285715,0.4972451580988474,1.0,0.26666666666666666,0.4497764451088037,1.0
2022-07-25,20.1,16.7,25.9,7.6,18.0,1019.9,0.0,1.0,0.0,0.0,0.0,1.0,0.0,0.2857142857142857,0.48795003647426655,1.0,0.2857142857142857,0.46880723093849597,1.0,0.26666666666666666,0.4497764451088037,1.0
2022-07-26,21.4,16.6,28.1,1.8,8.7,1019.0,0.0,0.0,1.0,0.0,0.0,0.0,0.0,0.2857142857142857,0.48795003647426655,1.0,0.2857142857142857,0.46880723093849597,1.0,0.26666666666666666,0.4497764451088037,1.0
2022-07-27,20.9,16.9,29.1,1.4,9.7,1019.0,0.0,0.0,0.0,1.0,1.0,1.0,0.0,0.14285714285714285,0.3779644730092269,1.0,0.21428571428571427,0.4258153136263207,1.0,0.26666666666666666,0.4497764451088037,1.0
2022-07-28,23.1,17.5,30.5,7.8,10.7,1020.0,0.0,0.0,0.0,0.0,0.0,1.0,1.0,0.14285714285714285,0.3779644730092269,1.0,0.14285714285714285,0.3631365196012823,1.0,0.23333333333333334,0.43018306715207644,1.0
2022-07-29,22.5,18.4,30.2,3.0,10.1,1020.3,0.0,0.0,0.0,0.0,0.0,0.0,0.0,0.14285714285714285,0.3779644730092269,1.0,0.14285714285714285,0.3631365196012823,1.0,0.23333333333333334,0.43018306715207644,1.0
2022-07-30,22.3,17.5,30.7,1.1,9.0,1020.0,0.0,0.0,0.0,0.0,0.0,0.0,0.0,0.14285714285714285,0.3779644730092269,1.0,0.14285714285714285,0.3631365196012823,1.0,0.23333333333333334,0.43018306715207644,1.0
2022-07-31,21.6,18.5,27.3,1.3,12.1,1018.0,1.0,0.0,0.0,0.0,1.0,0.0,1.0,0.14285714285714285,0.3779644730092269,1.0,0.21428571428571427,0.4258153136263207,1.0,0.23333333333333334,0.43018306715207644,1.0
2022-08-01,20.6,17.0,26.3,6.6,13.8,1018.8,0.0,1.0,0.0,0.0,0.0,0.0,0.0,0.14285714285714285,0.377964473009227,1.0,0.21428571428571427,0.4258153136263207,1.0,0.23333333333333334,0.43018306715207644,1.0
2022-08-02,17.9,14.5,22.6,16.1,12.3,1019.7,0.0,0.0,1.0,0.0,0.0,0.0,0.0,0.14285714285714285,0.377964473009227,1.0,0.21428571428571427,0.4258153136263207,1.0,0.23333333333333334,0.43018306715207644,1.0
2022-08-03,20.1,15.4,25.6,5.2,12.8,1019.2,0.0,0.0,0.0,1.0,0.0,1.0,0.0,0.14285714285714285,0.377964473009227,1.0,0.14285714285714285,0.3631365196012823,1.0,0.23333333333333334,0.43018306715207644,1.0
2022-08-04,20.0,17.3,27.2,10.9,9.2,1020.1,0.0,0.0,0.0,0.0,0.0,0.0,0.0,0.14285714285714285,0.377964473009227,1.0,0.14285714285714285,0.3631365196012823,1.0,0.23333333333333334,0.43018306715207644,1.0
2022-08-05,19.6,15.4,25.6,15.0,10.3,1019.8,0.0,0.0,0.0,0.0,0.0,0.0,0.0,0.14285714285714285,0.377964473009227,1.0,0.14285714285714285,0.3631365196012823,1.0,0.23333333333333334,0.43018306715207644,1.0
2022-08-06,20.3,16.8,26.7,4.1,10.8,1018.6,0.0,0.0,0.0,0.0,0.0,0.0,0.0,0.14285714285714285,0.377964473009227,1.0,0.14285714285714285,0.3631365196012823,1.0,0.23333333333333334,0.43018306715207644,1.0
2022-08-07,20.9,15.8,30.5,2.0,13.2,1017.8,0.0,0.0,0.0,0.0,1.0,1.0,1.0,0.0,0.0,0.0,0.07142857142857142,0.2672612419124256,1.0,0.2,0.4068381021724864,1.0
2022-08-08,21.4,17.6,30.4,12.9,9.1,1018.5,0.0,0.0,0.0,0.0,0.0,0.0,0.0,0.0,0.0,0.0,0.07142857142857142,0.2672612419124256,1.0,0.2,0.4068381021724864,1.0
2022-08-09,21.3,17.6,31.5,10.3,13.0,1018.6,1.0,0.0,0.0,0.0,0.0,0.0,0.0,0.14285714285714285,0.377964473009227,1.0,0.14285714285714285,0.3631365196012823,1.0,0.23333333333333334,0.43018306715207644,1.0
2022-08-10,21.3,17.0,28.7,9.1,13.1,1017.9,0.0,1.0,0.0,0.0,0.0,0.0,1.0,0.14285714285714285,0.377964473009227,1.0,0.14285714285714285,0.3631365196012823,1.0,0.2,0.4068381021724864,1.0
2022-08-11,21.8,18.4,30.5,0.2,13.9,1017.4,1.0,0.0,1.0,0.0,0.0,0.0,0.0,0.2857142857142857,0.48795003647426655,1.0,0.21428571428571427,0.4258153136263207,1.0,0.23333333333333334,0.43018306715207644,1.0
2022-08-12,23.0,18.6,32.3,4.0,10.0,1018.3,0.0,1.0,0.0,1.0,0.0,0.0,1.0,0.2857142857142857,0.48795003647426655,1.0,0.21428571428571427,0.4258153136263207,1.0,0.2,0.4068381021724864,1.0
2022-08-13,23.2,18.9,32.3,2.2,14.4,1018.0,0.0,0.0,1.0,0.0,0.0,0.0,1.0,0.2857142857142857,0.48795003647426655,1.0,0.21428571428571427,0.4258153136263207,1.0,0.16666666666666666,0.37904902178945193,1.0
2022-08-14,23.3,19.4,32.4,0.4,11.7,1018.1,0.0,0.0,0.0,1.0,0.0,1.0,0.0,0.2857142857142857,0.48795003647426655,1.0,0.14285714285714285,0.3631365196012823,1.0,0.16666666666666666,0.37904902178945193,1.0
2022-08-15,22.8,17.5,31.6,4.9,10.2,1019.0,0.0,0.0,0.0,0.0,0.0,0.0,0.0,0.2857142857142857,0.48795003647426655,1.0,0.14285714285714285,0.3631365196012823,1.0,0.16666666666666666,0.37904902178945193,1.0
2022-08-16,21.8,17.8,30.4,0.0,7.7,1019.6,0.0,0.0,0.0,0.0,1.0,0.0,0.0,0.14285714285714285,0.377964473009227,1.0,0.14285714285714285,0.3631365196012823,1.0,0.16666666666666666,0.37904902178945193,1.0
2022-08-17,22.4,17.4,31.3,0.3,11.3,1019.0,0.0,0.0,0.0,0.0,0.0,0.0,0.0,0.14285714285714285,0.377964473009227,1.0,0.14285714285714285,0.3631365196012823,1.0,0.16666666666666666,0.37904902178945193,1.0
2022-08-18,21.7,17.4,28.7,0.6,13.2,1019.0,0.0,0.0,0.0,0.0,1.0,0.0,0.0,0.0,0.0,0.0,0.14285714285714285,0.3631365196012823,1.0,0.16666666666666666,0.37904902178945193,1.0
2022-08-19,21.8,17.7,28.5,1.1,10.3,1019.8,0.0,0.0,0.0,0.0,0.0,0.0,1.0,0.0,0.0,0.0,0.14285714285714285,0.3631365196012823,1.0,0.13333333333333333,0.34574590364176067,1.0
2022-08-20,22.7,17.7,31.1,0.9,11.5,1020.1,0.0,0.0,0.0,0.0,0.0,0.0,0.0,0.0,0.0,0.0,0.14285714285714285,0.3631365196012823,1.0,0.13333333333333333,0.34574590364176067,1.0
2022-08-21,21.3,17.2,30.1,1.9,14.8,1020.1,1.0,0.0,0.0,0.0,0.0,0.0,0.0,0.14285714285714285,0.377964473009227,1.0,0.21428571428571427,0.4258153136263207,1.0,0.16666666666666666,0.37904902178945193,1.0
2022-08-22,24.6,17.5,31.2,0.0,15.1,1020.5,1.0,1.0,0.0,0.0,0.0,0.0,0.0,0.2857142857142857,0.48795003647426655,1.0,0.2857142857142857,0.46880723093849597,1.0,0.2,0.4068381021724864,1.0
2022-08-23,25.9,18.5,32.4,0.0,14.0,1020.5,0.0,1.0,1.0,0.0,0.0,1.0,1.0,0.2857142857142857,0.48795003647426655,1.0,0.21428571428571427,0.4258153136263207,1.0,0.16666666666666666,0.37904902178945193,1.0
2022-08-24,22.7,18.4,31.3,0.9,10.2,1020.8,0.0,0.0,1.0,1.0,0.0,0.0,0.0,0.2857142857142857,0.48795003647426655,1.0,0.21428571428571427,0.4258153136263207,1.0,0.16666666666666666,0.37904902178945193,1.0
2022-08-25,23.2,19.1,26.7,3.2,6.8,1021.3,0.0,0.0,0.0,1.0,0.0,1.0,0.0,0.2857142857142857,0.48795003647426655,1.0,0.14285714285714285,0.3631365196012823,1.0,0.16666666666666666,0.37904902178945193,1.0
2022-08-26,24.1,18.2,30.6,0.0,9.7,1019.9,0.0,0.0,0.0,0.0,0.0,0.0,0.0,0.2857142857142857,0.48795003647426655,1.0,0.14285714285714285,0.3631365196012823,1.0,0.16666666666666666,0.37904902178945193,1.0
2022-08-27,22.9,19.0,29.4,2.2,7.0,1018.8,0.0,0.0,0.0,0.0,0.0,0.0,0.0,0.2857142857142857,0.48795003647426655,1.0,0.14285714285714285,0.3631365196012823,1.0,0.16666666666666666,0.37904902178945193,1.0
2022-08-28,22.8,16.6,30.1,0.0,8.0,1019.7,0.0,0.0,0.0,0.0,1.0,0.0,0.0,0.14285714285714285,0.377964473009227,1.0,0.14285714285714285,0.3631365196012823,1.0,0.16666666666666666,0.37904902178945193,1.0
2022-08-29,24.4,17.3,30.0,0.0,12.3,1020.7,0.0,0.0,0.0,0.0,1.0,0.0,0.0,0.0,0.0,0.0,0.14285714285714285,0.3631365196012823,1.0,0.16666666666666666,0.37904902178945193,1.0
2022-08-30,24.3,16.2,30.5,0.0,14.2,1019.9,1.0,0.0,0.0,0.0,0.0,0.0,1.0,0.14285714285714285,0.377964473009227,1.0,0.21428571428571427,0.4258153136263207,1.0,0.16666666666666666,0.37904902178945193,1.0
2022-08-31,23.4,17.0,30.8,0.0,9.4,1020.8,0.0,1.0,0.0,0.0,0.0,0.0,0.0,0.14285714285714285,0.377964473009227,1.0,0.21428571428571427,0.4258153136263207,1.0,0.16666666666666666,0.37904902178945193,1.0
2022-09-01,23.8,16.4,30.5,0.0,12.1,1019.8,0.0,0.0,1.0,0.0,0.0,0.0,0.0,0.14285714285714285,0.377964473009227,1.0,0.21428571428571427,0.4258153136263207,1.0,0.16666666666666666,0.37904902178945193,1.0
2022-09-02,23.3,16.7,29.8,0.0,10.8,1021.0,1.0,0.0,0.0,1.0,0.0,0.0,0.0,0.2857142857142857,0.48795003647426655,1.0,0.2857142857142857,0.46880723093849597,1.0,0.2,0.4068381021724864,1.0
2022-09-03,23.1,16.9,30.3,1.0,7.5,1020.2,1.0,1.0,0.0,0.0,0.0,0.0,0.0,0.42857142857142855,0.5345224838248489,1.0,0.35714285714285715,0.4972451580988474,1.0,0.23333333333333334,0.43018306715207644,1.0
2022-09-04,22.5,16.2,31.0,1.9,9.0,1021.1,0.0,1.0,1.0,0.0,0.0,1.0,0.0,0.42857142857142855,0.5345224838248489,1.0,0.2857142857142857,0.46880723093849597,1.0,0.23333333333333334,0.43018306715207644,1.0
2022-09-05,22.4,15.8,32.1,0.0,8.8,1020.2,2.0,0.0,1.0,1.0,0.0,1.0,0.0,0.7142857142857143,0.7559289460184547,2.0,0.35714285714285715,0.6333236937766513,2.0,0.3,0.5349830806219241,2.0
2022-09-06,23.2,16.0,31.0,0.0,10.6,1018.2,0.0,2.0,0.0,1.0,1.0,0.0,0.0,0.5714285714285714,0.7867957924694434,2.0,0.35714285714285715,0.6333236937766513,2.0,0.3,0.5349830806219241,2.0
2022-09-07,23.9,16.4,31.7,0.0,7.3,1018.5,0.0,0.0,2.0,0.0,0.0,0.0,0.0,0.5714285714285714,0.7867957924694434,2.0,0.35714285714285715,0.6333236937766513,2.0,0.3,0.5349830806219241,2.0
2022-09-08,24.5,17.3,30.4,0.0,15.1,1020.6,1.0,0.0,0.0,2.0,0.0,0.0,1.0,0.7142857142857143,0.7559289460184547,2.0,0.42857142857142855,0.6462061726588644,2.0,0.3,0.5349830806219241,2.0
2022-09-09,24.1,18.7,29.8,0.0,13.4,1020.9,0.0,1.0,0.0,0.0,1.0,0.0,0.0,0.5714285714285714,0.7867957924694434,2.0,0.42857142857142855,0.6462061726588644,2.0,0.3,0.5349830806219241,2.0
2022-09-10,24.1,17.0,30.2,0.0,16.1,1020.1,0.0,0.0,1.0,0.0,1.0,0.0,1.0,0.42857142857142855,0.7867957924694432,2.0,0.42857142857142855,0.6462061726588644,2.0,0.26666666666666666,0.520830459762188,2.0
2022-09-11,24.1,16.3,30.8,0.0,12.6,1020.4,0.0,0.0,0.0,1.0,0.0,0.0,0.0,0.42857142857142855,0.7867957924694432,2.0,0.42857142857142855,0.6462061726588644,2.0,0.26666666666666666,0.520830459762188,2.0
2022-09-12,24.7,18.0,30.8,0.0,10.7,1019.9,0.0,0.0,0.0,0.0,2.0,0.0,0.0,0.14285714285714285,0.37796447300922703,1.0,0.42857142857142855,0.6462061726588644,2.0,0.26666666666666666,0.520830459762188,2.0
2022-09-13,23.8,16.4,32.1,0.4,8.2,1021.5,0.0,0.0,0.0,0.0,0.0,1.0,0.0,0.14285714285714285,0.37796447300922703,1.0,0.35714285714285715,0.6333236937766513,2.0,0.26666666666666666,0.520830459762188,2.0
2022-09-14,24.3,17.2,31.8,0.0,11.9,1022.9,0.0,0.0,0.0,0.0,0.0,0.0,0.0,0.14285714285714285,0.37796447300922703,1.0,0.35714285714285715,0.6333236937766513,2.0,0.26666666666666666,0.520830459762188,2.0
2022-09-15,23.7,17.0,33.0,2.5,9.8,1022.5,0.0,0.0,0.0,0.0,1.0,0.0,0.0,0.0,0.0,0.0,0.35714285714285715,0.6333236937766513,2.0,0.26666666666666666,0.520830459762188,2.0
2022-09-16,23.0,15.9,30.5,0.0,10.2,1021.8,0.0,0.0,0.0,0.0,0.0,1.0,0.0,0.0,0.0,0.0,0.2857142857142857,0.611249845502127,2.0,0.26666666666666666,0.520830459762188,2.0
2022-09-17,22.0,17.5,29.2,0.0,8.0,1021.9,0.0,0.0,0.0,0.0,0.0,1.0,0.0,0.0,0.0,0.0,0.21428571428571427,0.57893422352184,2.0,0.26666666666666666,0.520830459762188,2.0
2022-09-18,23.1,17.6,29.3,0.2,9.3,1023.0,0.0,0.0,0.0,0.0,0.0,0.0,0.0,0.0,0.0,0.0,0.21428571428571427,0.57893422352184,2.0,0.26666666666666666,0.520830459762188,2.0
2022-09-19,22.6,18.4,30.7,2.9,8.9,1023.0,0.0,0.0,0.0,0.0,0.0,2.0,0.0,0.0,0.0,0.0,0.07142857142857142,0.2672612419124257,1.0,0.26666666666666666,0.520830459762188,2.0
2022-09-20,21.7,17.8,28.8,3.2,13.3,1022.6,0.0,0.0,0.0,0.0,0.0,0.0,1.0,0.0,0.0,0.0,0.07142857142857142,0.2672612419124257,1.0,0.23333333333333334,0.504006932993731,2.0
2022-09-21,21.3,16.4,28.4,2.7,6.7,1022.7,0.0,0.0,0.0,0.0,0.0,0.0,1.0,0.0,0.0,0.0,0.07142857142857142,0.2672612419124257,1.0,0.2,0.4842341981115024,2.0
2022-09-22,22.4,16.8,29.4,0.0,9.1,1021.8,0.0,0.0,0.0,0.0,0.0,1.0,0.0,0.0,0.0,0.0,0.0,0.0,0.0,0.2,0.4842341981115024,2.0
2022-09-23,22.1,17.2,30.0,1.2,10.1,1022.4,0.0,0.0,0.0,0.0,0.0,0.0,0.0,0.0,0.0,0.0,0.0,0.0,0.0,0.2,0.4842341981115024,2.0
2022-09-24,23.3,17.5,29.4,0.0,15.0,1023.8,1.0,0.0,0.0,0.0,0.0,0.0,0.0,0.14285714285714285,0.37796447300922703,1.0,0.07142857142857142,0.2672612419124257,1.0,0.23333333333333334,0.504006932993731,2.0
2022-09-25,23.0,16.8,30.0,0.0,16.1,1022.9,0.0,1.0,0.0,0.0,0.0,0.0,0.0,0.14285714285714285,0.37796447300922703,1.0,0.07142857142857142,0.2672612419124257,1.0,0.23333333333333334,0.504006932993731,2.0
2022-09-26,22.1,16.7,27.7,0.0,14.2,1023.8,0.0,0.0,1.0,0.0,0.0,0.0,0.0,0.14285714285714285,0.37796447300922703,1.0,0.07142857142857142,0.2672612419124257,1.0,0.23333333333333334,0.504006932993731,2.0
2022-09-27,22.1,17.0,27.4,0.0,12.5,1024.5,0.0,0.0,0.0,1.0,0.0,0.0,0.0,0.14285714285714285,0.37796447300922703,1.0,0.07142857142857142,0.2672612419124257,1.0,0.23333333333333334,0.504006932993731,2.0
2022-09-28,22.0,15.9,27.8,0.0,12.6,1024.0,0.0,0.0,0.0,0.0,0.0,0.0,0.0,0.14285714285714285,0.37796447300922703,1.0,0.07142857142857142,0.2672612419124257,1.0,0.23333333333333334,0.504006932993731,2.0
2022-09-29,21.1,15.3,28.7,0.0,7.8,1022.5,0.0,0.0,0.0,0.0,0.0,0.0,1.0,0.14285714285714285,0.37796447300922703,1.0,0.07142857142857142,0.2672612419124257,1.0,0.2,0.4842341981115024,2.0
2022-09-30,20.4,14.4,28.5,0.0,8.2,1022.4,1.0,0.0,0.0,0.0,0.0,0.0,0.0,0.2857142857142857,0.48795003647426655,1.0,0.14285714285714285,0.3631365196012823,1.0,0.23333333333333334,0.504006932993731,2.0
2022-10-01,20.1,13.4,27.3,0.0,10.8,1023.9,0.0,1.0,0.0,0.0,1.0,0.0,0.0,0.14285714285714285,0.377964473009227,1.0,0.14285714285714285,0.3631365196012823,1.0,0.23333333333333334,0.504006932993731,2.0
2022-10-02,19.7,13.7,27.9,0.0,8.3,1022.1,0.0,0.0,1.0,0.0,0.0,0.0,1.0,0.14285714285714285,0.377964473009227,1.0,0.14285714285714285,0.3631365196012823,1.0,0.2,0.4842341981115024,2.0
2022-10-03,19.6,14.7,25.2,0.0,5.7,1021.3,0.0,0.0,0.0,1.0,0.0,0.0,1.0,0.14285714285714285,0.377964473009227,1.0,0.14285714285714285,0.3631365196012823,1.0,0.16666666666666666,0.46113303737741423,2.0
2022-10-04,21.7,14.7,27.8,0.0,10.7,1023.5,0.0,0.0,0.0,0.0,0.0,0.0,0.0,0.14285714285714285,0.377964473009227,1.0,0.14285714285714285,0.3631365196012823,1.0,0.16666666666666666,0.46113303737741423,2.0
2022-10-05,22.4,15.5,26.9,0.0,15.2,1025.3,0.0,0.0,0.0,0.0,0.0,0.0,2.0,0.14285714285714285,0.377964473009227,1.0,0.14285714285714285,0.3631365196012823,1.0,0.1,0.305128576629365,1.0
2022-10-06,22.9,19.7,27.5,0.0,14.1,1024.5,0.0,0.0,0.0,0.0,0.0,0.0,0.0,0.14285714285714285,0.377964473009227,1.0,0.14285714285714285,0.3631365196012823,1.0,0.1,0.305128576629365,1.0
2022-10-07,21.0,15.8,27.5,0.0,9.3,1023.1,0.0,0.0,0.0,0.0,1.0,0.0,0.0,0.0,0.0,0.0,0.14285714285714285,0.3631365196012823,1.0,0.1,0.305128576629365,1.0
2022-10-08,21.2,13.6,27.3,0.0,10.3,1023.2,0.0,0.0,0.0,0.0,0.0,1.0,1.0,0.0,0.0,0.0,0.07142857142857142,0.2672612419124256,1.0,0.06666666666666667,0.25370813170246287,1.0
2022-10-09,20.4,13.5,27.3,0.0,10.0,1024.4,0.0,0.0,0.0,0.0,0.0,0.0,0.0,0.0,0.0,0.0,0.07142857142857142,0.2672612419124256,1.0,0.06666666666666667,0.25370813170246287,1.0
2022-10-10,20.2,13.6,26.7,0.0,11.8,1026.2,0.0,0.0,0.0,0.0,0.0,0.0,0.0,0.0,0.0,0.0,0.07142857142857142,0.2672612419124256,1.0,0.06666666666666667,0.25370813170246287,1.0
2022-10-11,19.8,12.9,25.6,0.0,8.6,1025.5,0.0,0.0,0.0,0.0,0.0,0.0,0.0,0.0,0.0,0.0,0.07142857142857142,0.2672612419124256,1.0,0.06666666666666667,0.25370813170246287,1.0
2022-10-12,19.2,13.3,26.6,0.0,7.7,1025.0,0.0,0.0,0.0,0.0,0.0,0.0,0.0,0.0,0.0,0.0,0.07142857142857142,0.2672612419124256,1.0,0.06666666666666667,0.25370813170246287,1.0
2022-10-13,19.8,12.0,26.1,0.0,8.2,1024.5,0.0,0.0,0.0,0.0,0.0,0.0,0.0,0.0,0.0,0.0,0.07142857142857142,0.2672612419124256,1.0,0.06666666666666667,0.25370813170246287,1.0
2022-10-14,18.9,11.6,26.1,0.0,8.6,1023.5,0.0,0.0,0.0,0.0,0.0,1.0,0.0,0.0,0.0,0.0,0.0,0.0,0.0,0.06666666666666667,0.25370813170246287,1.0
2022-10-15,19.3,13.0,26.8,0.0,6.7,1023.4,0.0,0.0,0.0,0.0,0.0,0.0,0.0,0.0,0.0,0.0,0.0,0.0,0.0,0.06666666666666667,0.25370813170246287,1.0
2022-10-16,19.9,12.6,27.5,0.0,7.6,1025.1,0.0,0.0,0.0,0.0,0.0,0.0,0.0,0.0,0.0,0.0,0.0,0.0,0.0,0.06666666666666667,0.25370813170246287,1.0
2022-10-17,20.9,11.8,27.5,0.0,10.1,1026.8,0.0,0.0,0.0,0.0,0.0,0.0,0.0,0.0,0.0,0.0,0.0,0.0,0.0,0.06666666666666667,0.25370813170246287,1.0
2022-10-18,19.3,11.5,26.5,0.0,9.9,1026.7,0.0,0.0,0.0,0.0,0.0,0.0,0.0,0.0,0.0,0.0,0.0,0.0,0.0,0.06666666666666667,0.25370813170246287,1.0
2022-10-19,18.6,10.8,26.2,0.0,7.2,1025.2,0.0,0.0,0.0,0.0,0.0,0.0,0.0,0.0,0.0,0.0,0.0,0.0,0.0,0.06666666666666667,0.25370813170246287,1.0
2022-10-20,18.7,12.0,26.0,0.0,4.6,1024.8,0.0,0.0,0.0,0.0,0.0,0.0,0.0,0.0,0.0,0.0,0.0,0.0,0.0,0.06666666666666667,0.25370813170246287,1.0
2022-10-21,19.2,13.5,25.0,0.0,7.9,1025.0,0.0,0.0,0.0,0.0,0.0,0.0,0.0,0.0,0.0,0.0,0.0,0.0,0.0,0.06666666666666667,0.25370813170246287,1.0
2022-10-22,19.6,12.9,26.0,0.0,10.3,1026.8,0.0,0.0,0.0,0.0,0.0,0.0,0.0,0.0,0.0,0.0,0.0,0.0,0.0,0.06666666666666667,0.25370813170246287,1.0
2022-10-23,18.1,11.7,25.7,0.0,6.9,1027.5,0.0,0.0,0.0,0.0,0.0,0.0,0.0,0.0,0.0,0.0,0.0,0.0,0.0,0.06666666666666667,0.25370813170246287,1.0
2022-10-24,18.7,12.2,25.0,0.0,7.8,1025.4,0.0,0.0,0.0,0.0,0.0,0.0,1.0,0.0,0.0,0.0,0.0,0.0,0.0,0.03333333333333333,0.18257418583505602,1.0
2022-10-25,19.0,14.0,25.0,0.3,8.9,1024.3,0.0,0.0,0.0,0.0,0.0,0.0,0.0,0.0,0.0,0.0,0.0,0.0,0.0,0.03333333333333333,0.18257418583505602,1.0
2022-10-26,19.0,13.0,25.4,0.0,6.5,1025.6,0.0,0.0,0.0,0.0,0.0,0.0,0.0,0.0,0.0,0.0,0.0,0.0,0.0,0.03333333333333333,0.18257418583505602,1.0
2022-10-27,17.9,10.0,25.3,0.0,4.9,1026.1,0.0,0.0,0.0,0.0,0.0,0.0,0.0,0.0,0.0,0.0,0.0,0.0,0.0,0.03333333333333333,0.18257418583505602,1.0
2022-10-28,17.8,11.0,26.0,0.0,6.3,1025.0,0.0,0.0,0.0,0.0,0.0,0.0,0.0,0.0,0.0,0.0,0.0,0.0,0.0,0.03333333333333333,0.18257418583505602,1.0
2022-10-29,17.8,11.0,26.3,0.0,6.8,1024.4,0.0,0.0,0.0,0.0,0.0,0.0,0.0,0.0,0.0,0.0,0.0,0.0,0.0,0.03333333333333333,0.18257418583505602,1.0
2022-10-30,18.0,10.7,26.0,0.0,4.7,1024.9,0.0,0.0,0.0,0.0,0.0,0.0,1.0,0.0,0.0,0.0,0.0,0.0,0.0,0.0,0.0,0.0
2022-10-31,18.0,11.0,25.0,0.0,5.2,1025.2,0.0,0.0,0.0,0.0,0.0,0.0,0.0,0.0,0.0,0.0,0.0,0.0,0.0,0.0,0.0,0.0
2022-11-01,18.3,11.3,25.0,0.0,8.9,1025.0,0.0,0.0,0.0,0.0,0.0,0.0,0.0,0.0,0.0,0.0,0.0,0.0,0.0,0.0,0.0,0.0
2022-11-02,18.0,13.3,23.0,0.0,10.1,1024.5,0.0,0.0,0.0,0.0,0.0,0.0,0.0,0.0,0.0,0.0,0.0,0.0,0.0,0.0,0.0,0.0
2022-11-03,18.4,13.7,24.0,0.0,8.5,1024.0,0.0,0.0,0.0,0.0,0.0,0.0,0.0,0.0,0.0,0.0,0.0,0.0,0.0,0.0,0.0,0.0
2022-11-04,18.7,12.9,25.0,0.9,8.6,1024.7,0.0,0.0,0.0,0.0,0.0,0.0,0.0,0.0,0.0,0.0,0.0,0.0,0.0,0.0,0.0,0.0
2022-11-05,19.2,13.6,25.0,0.1,10.4,1025.6,0.0,0.0,0.0,0.0,0.0,0.0,0.0,0.0,0.0,0.0,0.0,0.0,0.0,0.0,0.0,0.0
2022-11-06,18.6,13.0,26.0,0.0,6.4,1026.2,1.0,0.0,0.0,0.0,0.0,0.0,0.0,0.14285714285714285,0.377964473009227,1.0,0.07142857142857142,0.2672612419124256,1.0,0.03333333333333333,0.18257418583505602,1.0
2022-11-07,17.8,11.5,25.0,0.0,4.8,1025.9,0.0,1.0,0.0,0.0,0.0,0.0,0.0,0.14285714285714285,0.377964473009227,1.0,0.07142857142857142,0.2672612419124256,1.0,0.03333333333333333,0.18257418583505602,1.0
2022-11-08,17.9,14.0,23.0,0.0,13.1,1024.8,0.0,0.0,1.0,0.0,0.0,0.0,0.0,0.14285714285714285,0.377964473009227,1.0,0.07142857142857142,0.2672612419124256,1.0,0.03333333333333333,0.18257418583505602,1.0
2022-11-09,18.1,11.0,24.0,0.0,7.7,1024.6,0.0,0.0,0.0,1.0,0.0,0.0,0.0,0.14285714285714285,0.377964473009227,1.0,0.07142857142857142,0.2672612419124256,1.0,0.03333333333333333,0.18257418583505602,1.0
2022-11-10,18.8,14.0,24.0,1.2,8.3,1024.9,0.0,0.0,0.0,0.0,0.0,0.0,0.0,0.14285714285714285,0.377964473009227,1.0,0.07142857142857142,0.2672612419124256,1.0,0.03333333333333333,0.18257418583505602,1.0
2022-11-11,17.4,11.0,24.2,0.0,7.6,1025.7,0.0,0.0,0.0,0.0,0.0,0.0,0.0,0.14285714285714285,0.377964473009227,1.0,0.07142857142857142,0.2672612419124256,1.0,0.03333333333333333,0.18257418583505602,1.0
2022-11-12,16.8,9.4,24.0,0.0,7.4,1026.5,0.0,0.0,0.0,0.0,0.0,0.0,0.0,0.14285714285714285,0.377964473009227,1.0,0.07142857142857142,0.2672612419124256,1.0,0.03333333333333333,0.18257418583505602,1.0
2022-11-13,17.2,11.8,25.0,0.0,7.0,1026.5,0.0,0.0,0.0,0.0,1.0,0.0,0.0,0.0,0.0,0.0,0.07142857142857142,0.2672612419124256,1.0,0.03333333333333333,0.18257418583505602,1.0
2022-11-14,17.0,12.0,24.0,0.0,6.2,1026.0,0.0,0.0,0.0,0.0,0.0,0.0,0.0,0.0,0.0,0.0,0.07142857142857142,0.2672612419124256,1.0,0.03333333333333333,0.18257418583505602,1.0
2022-11-15,17.0,11.0,24.0,0.0,6.8,1025.5,0.0,0.0,0.0,0.0,0.0,0.0,0.0,0.0,0.0,0.0,0.07142857142857142,0.2672612419124256,1.0,0.03333333333333333,0.18257418583505602,1.0
2022-11-16,16.7,11.0,23.0,0.0,8.6,1024.8,0.0,0.0,0.0,0.0,0.0,0.0,0.0,0.0,0.0,0.0,0.07142857142857142,0.2672612419124256,1.0,0.03333333333333333,0.18257418583505602,1.0
2022-11-17,16.9,10.9,24.0,0.0,7.7,1025.0,0.0,0.0,0.0,0.0,0.0,0.0,0.0,0.0,0.0,0.0,0.07142857142857142,0.2672612419124256,1.0,0.03333333333333333,0.18257418583505602,1.0
2022-11-18,17.3,12.0,24.4,0.0,7.9,1024.8,1.0,0.0,0.0,0.0,0.0,0.0,0.0,0.14285714285714285,0.377964473009227,1.0,0.14285714285714285,0.3631365196012823,1.0,0.06666666666666667,0.25370813170246287,1.0
2022-11-19,17.1,12.0,24.0,0.0,4.8,1025.3,0.0,1.0,0.0,0.0,0.0,0.0,0.0,0.14285714285714285,0.377964473009227,1.0,0.14285714285714285,0.3631365196012823,1.0,0.06666666666666667,0.25370813170246287,1.0
2022-11-20,17.1,11.4,24.0,0.6,8.7,1025.5,1.0,0.0,1.0,0.0,0.0,1.0,0.0,0.2857142857142857,0.48795003647426655,1.0,0.14285714285714285,0.3631365196012823,1.0,0.1,0.305128576629365,1.0
2022-11-21,15.7,10.5,22.0,0.1,9.1,1025.4,0.0,1.0,0.0,1.0,0.0,0.0,0.0,0.2857142857142857,0.48795003647426655,1.0,0.14285714285714285,0.3631365196012823,1.0,0.1,0.305128576629365,1.0
2022-11-22,15.0,9.9,21.0,0.0,7.1,1025.0,0.0,0.0,1.0,0.0,0.0,0.0,0.0,0.2857142857142857,0.48795003647426655,1.0,0.14285714285714285,0.3631365196012823,1.0,0.1,0.305128576629365,1.0
2022-11-23,14.9,10.0,21.0,0.0,8.1,1024.0,0.0,0.0,0.0,1.0,0.0,0.0,0.0,0.2857142857142857,0.48795003647426655,1.0,0.14285714285714285,0.3631365196012823,1.0,0.1,0.305128576629365,1.0
2022-11-24,15.1,9.0,21.0,0.0,10.1,1023.6,0.0,0.0,0.0,0.0,0.0,0.0,0.0,0.2857142857142857,0.48795003647426655,1.0,0.14285714285714285,0.3631365196012823,1.0,0.1,0.305128576629365,1.0
2022-11-25,15.1,9.0,21.0,0.0,6.8,1024.0,0.0,0.0,0.0,0.0,1.0,0.0,0.0,0.14285714285714285,0.377964473009227,1.0,0.14285714285714285,0.3631365196012823,1.0,0.1,0.305128576629365,1.0
2022-11-26,16.1,12.0,22.0,0.4,5.1,1024.4,0.0,0.0,0.0,0.0,0.0,0.0,0.0,0.14285714285714285,0.377964473009227,1.0,0.14285714285714285,0.3631365196012823,1.0,0.1,0.305128576629365,1.0
2022-11-27,15.6,11.0,21.0,0.2,4.4,1023.0,0.0,0.0,0.0,0.0,1.0,0.0,0.0,0.0,0.0,0.0,0.14285714285714285,0.3631365196012823,1.0,0.1,0.305128576629365,1.0
2022-11-28,15.2,8.0,22.0,0.0,7.4,1022.7,0.0,0.0,0.0,0.0,0.0,0.0,0.0,0.0,0.0,0.0,0.14285714285714285,0.3631365196012823,1.0,0.1,0.305128576629365,1.0
2022-11-29,15.5,8.5,22.0,0.0,7.9,1023.0,0.0,0.0,0.0,0.0,0.0,0.0,0.0,0.0,0.0,0.0,0.14285714285714285,0.3631365196012823,1.0,0.1,0.305128576629365,1.0
2022-11-30,16.1,10.0,23.0,0.0,6.5,1023.5,0.0,0.0,0.0,0.0,0.0,0.0,0.0,0.0,0.0,0.0,0.14285714285714285,0.3631365196012823,1.0,0.1,0.305128576629365,1.0
2022-12-01,16.0,9.8,24.0,0.0,6.4,1024.6,0.0,0.0,0.0,0.0,0.0,0.0,0.0,0.0,0.0,0.0,0.14285714285714285,0.3631365196012823,1.0,0.1,0.305128576629365,1.0
2022-12-02,15.4,8.5,21.0,0.0,6.1,1024.4,0.0,0.0,0.0,0.0,0.0,1.0,0.0,0.0,0.0,0.0,0.07142857142857142,0.2672612419124256,1.0,0.1,0.305128576629365,1.0
2022-12-03,15.8,9.2,22.0,0.0,6.6,1023.7,0.0,0.0,0.0,0.0,0.0,0.0,0.0,0.0,0.0,0.0,0.07142857142857142,0.2672612419124256,1.0,0.1,0.305128576629365,1.0
2022-12-04,15.6,9.0,21.3,0.0,7.9,1024.5,0.0,0.0,0.0,0.0,0.0,1.0,0.0,0.0,0.0,0.0,0.0,0.0,0.0,0.1,0.305128576629365,1.0
2022-12-05,14.9,9.3,21.0,0.0,8.1,1024.7,0.0,0.0,0.0,0.0,0.0,0.0,0.0,0.0,0.0,0.0,0.0,0.0,0.0,0.1,0.305128576629365,1.0
2022-12-06,15.0,9.0,21.0,0.0,10.0,1024.0,0.0,0.0,0.0,0.0,0.0,0.0,1.0,0.0,0.0,0.0,0.0,0.0,0.0,0.06666666666666667,0.25370813170246287,1.0
2022-12-07,15.2,9.0,21.0,0.0,9.4,1023.7,1.0,0.0,0.0,0.0,0.0,0.0,0.0,0.14285714285714285,0.377964473009227,1.0,0.07142857142857142,0.2672612419124256,1.0,0.1,0.305128576629365,1.0
2022-12-08,15.5,10.0,21.0,0.0,9.0,1025.0,1.0,1.0,0.0,0.0,0.0,0.0,0.0,0.2857142857142857,0.48795003647426655,1.0,0.14285714285714285,0.3631365196012823,1.0,0.13333333333333333,0.34574590364176067,1.0
2022-12-09,15.4,10.0,21.0,0.0,11.1,1024.9,0.0,1.0,1.0,0.0,0.0,0.0,0.0,0.2857142857142857,0.48795003647426655,1.0,0.14285714285714285,0.3631365196012823,1.0,0.13333333333333333,0.34574590364176067,1.0
2022-12-10,14.8,10.0,20.0,0.0,9.3,1023.7,0.0,0.0,1.0,1.0,0.0,0.0,0.0,0.2857142857142857,0.48795003647426655,1.0,0.14285714285714285,0.3631365196012823,1.0,0.13333333333333333,0.34574590364176067,1.0
2022-12-11,14.5,11.0,19.0,0.0,9.8,1024.2,0.0,0.0,0.0,1.0,0.0,0.0,0.0,0.2857142857142857,0.48795003647426655,1.0,0.14285714285714285,0.3631365196012823,1.0,0.13333333333333333,0.34574590364176067,1.0
2022-12-12,14.6,10.0,20.0,0.0,11.8,1023.7,0.0,0.0,0.0,0.0,0.0,0.0,0.0,0.2857142857142857,0.48795003647426655,1.0,0.14285714285714285,0.3631365196012823,1.0,0.13333333333333333,0.34574590364176067,1.0
2022-12-13,13.8,8.0,20.0,0.0,6.8,1023.2,0.0,0.0,0.0,0.0,0.0,0.0,0.0,0.2857142857142857,0.48795003647426655,1.0,0.14285714285714285,0.3631365196012823,1.0,0.13333333333333333,0.34574590364176067,1.0
2022-12-14,14.8,8.5,21.0,0.0,7.9,1024.2,0.0,0.0,0.0,0.0,1.0,0.0,0.0,0.14285714285714285,0.377964473009227,1.0,0.14285714285714285,0.3631365196012823,1.0,0.13333333333333333,0.34574590364176067,1.0
2022-12-15,14.2,9.0,21.0,0.5,7.6,1023.7,0.0,0.0,0.0,0.0,1.0,0.0,0.0,0.0,0.0,0.0,0.14285714285714285,0.3631365196012823,1.0,0.13333333333333333,0.34574590364176067,1.0
2022-12-16,14.6,9.9,20.5,0.5,6.8,1023.4,0.0,0.0,0.0,0.0,0.0,0.0,0.0,0.0,0.0,0.0,0.14285714285714285,0.3631365196012823,1.0,0.13333333333333333,0.34574590364176067,1.0
2022-12-17,14.0,8.0,20.3,0.0,9.3,1024.0,0.0,0.0,0.0,0.0,0.0,0.0,0.0,0.0,0.0,0.0,0.14285714285714285,0.3631365196012823,1.0,0.13333333333333333,0.34574590364176067,1.0
2022-12-18,12.6,6.8,19.0,0.0,9.1,1024.8,0.0,0.0,0.0,0.0,0.0,0.0,1.0,0.0,0.0,0.0,0.14285714285714285,0.3631365196012823,1.0,0.1,0.305128576629365,1.0
2022-12-19,12.6,5.7,19.5,0.0,5.5,1023.7,0.0,0.0,0.0,0.0,0.0,0.0,0.0,0.0,0.0,0.0,0.14285714285714285,0.3631365196012823,1.0,0.1,0.305128576629365,1.0
2022-12-20,13.0,6.0,18.1,0.0,8.9,1022.0,1.0,0.0,0.0,0.0,0.0,0.0,1.0,0.14285714285714285,0.377964473009227,1.0,0.21428571428571427,0.42581531362632075,1.0,0.1,0.305128576629365,1.0
2022-12-21,13.2,6.0,19.0,0.0,9.6,1022.1,0.0,1.0,0.0,0.0,0.0,1.0,0.0,0.14285714285714285,0.377964473009227,1.0,0.14285714285714285,0.36313651960128235,1.0,0.1,0.305128576629365,1.0
2022-12-22,13.5,7.0,20.0,0.0,7.6,1022.4,0.0,0.0,1.0,0.0,0.0,1.0,0.0,0.14285714285714285,0.377964473009227,1.0,0.07142857142857142,0.2672612419124257,1.0,0.1,0.305128576629365,1.0
2022-12-23,13.2,8.0,18.0,0.1,17.0,1022.1,0.0,0.0,0.0,1.0,0.0,0.0,0.0,0.14285714285714285,0.377964473009227,1.0,0.07142857142857142,0.2672612419124257,1.0,0.1,0.305128576629365,1.0
2022-12-24,12.6,10.7,16.0,0.5,14.1,1023.4,0.0,0.0,0.0,0.0,0.0,0.0,0.0,0.14285714285714285,0.377964473009227,1.0,0.07142857142857142,0.2672612419124257,1.0,0.1,0.305128576629365,1.0
2022-12-25,13.6,12.0,16.0,2.6,20.0,1024.1,0.0,0.0,0.0,0.0,0.0,0.0,0.0,0.14285714285714285,0.377964473009227,1.0,0.07142857142857142,0.2672612419124257,1.0,0.1,0.305128576629365,1.0
2022-12-26,13.4,11.9,16.0,5.3,18.3,1024.2,0.0,0.0,0.0,0.0,0.0,0.0,0.0,0.14285714285714285,0.377964473009227,1.0,0.07142857142857142,0.2672612419124257,1.0,0.1,0.305128576629365,1.0
2022-12-27,13.3,10.0,17.1,0.0,12.0,1025.2,0.0,0.0,0.0,0.0,1.0,0.0,0.0,0.0,0.0,0.0,0.07142857142857142,0.2672612419124257,1.0,0.1,0.305128576629365,1.0
2022-12-28,12.8,7.2,18.0,0.1,7.6,1026.4,1.0,0.0,0.0,0.0,0.0,0.0,0.0,0.14285714285714285,0.377964473009227,1.0,0.14285714285714285,0.36313651960128235,1.0,0.13333333333333333,0.34574590364176067,1.0
2022-12-29,12.9,9.0,17.0,1.5,9.9,1026.5,0.0,1.0,0.0,0.0,0.0,0.0,0.0,0.14285714285714285,0.377964473009227,1.0,0.14285714285714285,0.36313651960128235,1.0,0.13333333333333333,0.34574590364176067,1.0
2022-12-30,13.8,7.0,18.0,0.2,9.7,1027.4,0.0,0.0,1.0,0.0,0.0,0.0,0.0,0.14285714285714285,0.377964473009227,1.0,0.14285714285714285,0.36313651960128235,1.0,0.13333333333333333,0.34574590364176067,1.0
2022-12-31,12.9,4.9,19.0,0.0,12.5,1028.1,0.0,0.0,0.0,1.0,0.0,0.0,0.0,0.14285714285714285,0.377964473009227,1.0,0.14285714285714285,0.36313651960128235,1.0,0.13333333333333333,0.34574590364176067,1.0
2023-01-01,15.1,8.9,20.0,0.0,11.6,1027.8,0.0,0.0,0.0,0.0,0.0,0.0,0.0,0.14285714285714285,0.377964473009227,1.0,0.14285714285714285,0.36313651960128235,1.0,0.13333333333333333,0.34574590364176067,1.0
2023-01-02,15.7,10.0,21.0,0.0,9.1,1027.4,0.0,0.0,0.0,0.0,0.0,0.0,0.0,0.14285714285714285,0.377964473009227,1.0,0.14285714285714285,0.36313651960128235,1.0,0.13333333333333333,0.34574590364176067,1.0
2023-01-03,15.5,9.6,21.0,0.0,6.8,1028.1,1.0,0.0,0.0,0.0,0.0,1.0,0.0,0.2857142857142857,0.48795003647426655,1.0,0.14285714285714285,0.36313651960128235,1.0,0.16666666666666666,0.37904902178945193,1.0
2023-01-04,14.7,11.0,20.0,0.0,19.0,1026.2,0.0,1.0,0.0,0.0,1.0,0.0,0.0,0.14285714285714285,0.377964473009227,1.0,0.14285714285714285,0.36313651960128235,1.0,0.16666666666666666,0.37904902178945193,1.0
2023-01-05,14.6,10.0,19.0,0.0,18.2,1025.5,1.0,0.0,1.0,0.0,0.0,0.0,0.0,0.2857142857142857,0.48795003647426655,1.0,0.21428571428571427,0.42581531362632075,1.0,0.2,0.4068381021724864,1.0
2023-01-06,13.8,9.2,18.0,0.0,15.3,1025.7,0.0,1.0,0.0,1.0,0.0,0.0,1.0,0.2857142857142857,0.48795003647426655,1.0,0.21428571428571427,0.42581531362632075,1.0,0.16666666666666666,0.37904902178945193,1.0
2023-01-07,13.1,10.0,17.0,0.0,14.9,1025.7,0.0,0.0,1.0,0.0,0.0,0.0,1.0,0.2857142857142857,0.48795003647426655,1.0,0.21428571428571427,0.42581531362632075,1.0,0.13333333333333333,0.34574590364176067,1.0
2023-01-08,12.8,6.0,18.0,0.0,11.3,1024.7,0.0,0.0,0.0,1.0,0.0,0.0,0.0,0.2857142857142857,0.48795003647426655,1.0,0.21428571428571427,0.42581531362632075,1.0,0.13333333333333333,0.34574590364176067,1.0
2023-01-09,13.6,10.0,18.0,0.0,16.2,1024.8,0.0,0.0,0.0,0.0,0.0,0.0,0.0,0.2857142857142857,0.48795003647426655,1.0,0.21428571428571427,0.42581531362632075,1.0,0.13333333333333333,0.34574590364176067,1.0
2023-01-10,13.8,9.0,18.0,0.0,14.2,1026.5,0.0,0.0,0.0,0.0,1.0,0.0,0.0,0.14285714285714285,0.377964473009227,1.0,0.21428571428571427,0.42581531362632075,1.0,0.13333333333333333,0.34574590364176067,1.0
2023-01-11,14.0,8.0,19.0,0.0,9.0,1026.0,0.0,0.0,0.0,0.0,0.0,1.0,0.0,0.14285714285714285,0.377964473009227,1.0,0.14285714285714285,0.36313651960128235,1.0,0.13333333333333333,0.34574590364176067,1.0
2023-01-12,14.3,12.0,19.0,0.0,19.8,1024.8,0.0,0.0,0.0,0.0,1.0,0.0,0.0,0.0,0.0,0.0,0.14285714285714285,0.36313651960128235,1.0,0.13333333333333333,0.34574590364176067,1.0
2023-01-13,13.7,11.0,17.0,0.0,14.7,1024.8,0.0,0.0,0.0,0.0,0.0,0.0,0.0,0.0,0.0,0.0,0.14285714285714285,0.36313651960128235,1.0,0.13333333333333333,0.34574590364176067,1.0
2023-01-14,14.2,11.9,18.0,0.0,12.2,1024.8,2.0,0.0,0.0,0.0,0.0,0.0,0.0,0.2857142857142857,0.7559289460184545,2.0,0.2857142857142857,0.611249845502127,2.0,0.2,0.4842341981115024,2.0
2023-01-15,14.2,11.0,19.0,0.0,13.0,1025.2,0.0,2.0,0.0,0.0,0.0,0.0,0.0,0.2857142857142857,0.7559289460184545,2.0,0.2857142857142857,0.611249845502127,2.0,0.2,0.4842341981115024,2.0
2023-01-16,14.2,9.0,19.9,0.0,12.0,1024.9,1.0,0.0,2.0,0.0,0.0,0.0,0.0,0.42857142857142855,0.7867957924694432,2.0,0.35714285714285715,0.6333236937766513,2.0,0.23333333333333334,0.504006932993731,2.0
2023-01-17,15.0,10.7,20.0,0.0,11.3,1024.8,0.0,1.0,0.0,2.0,0.0,1.0,0.0,0.42857142857142855,0.7867957924694432,2.0,0.2857142857142857,0.611249845502127,2.0,0.23333333333333334,0.504006932993731,2.0
2023-01-18,14.4,10.0,20.0,0.0,8.3,1025.9,0.0,0.0,1.0,0.0,0.0,0.0,0.0,0.42857142857142855,0.7867957924694432,2.0,0.2857142857142857,0.611249845502127,2.0,0.23333333333333334,0.504006932993731,2.0
2023-01-19,14.7,8.0,21.0,0.0,9.1,1026.1,1.0,0.0,0.0,1.0,0.0,1.0,1.0,0.5714285714285714,0.7867957924694434,2.0,0.2857142857142857,0.611249845502127,2.0,0.23333333333333334,0.504006932993731,2.0
2023-01-20,14.6,8.9,20.0,0.0,6.7,1023.6,0.0,1.0,0.0,0.0,0.0,0.0,0.0,0.5714285714285714,0.7867957924694434,2.0,0.2857142857142857,0.611249845502127,2.0,0.23333333333333334,0.504006932993731,2.0
2023-01-21,14.0,6.0,21.0,0.0,8.9,1023.9,0.0,0.0,1.0,0.0,2.0,0.0,0.0,0.2857142857142857,0.48795003647426655,1.0,0.2857142857142857,0.611249845502127,2.0,0.23333333333333334,0.504006932993731,2.0
2023-01-22,13.9,8.0,19.0,0.0,9.7,1023.3,0.0,0.0,0.0,1.0,0.0,0.0,0.0,0.2857142857142857,0.48795003647426655,1.0,0.2857142857142857,0.611249845502127,2.0,0.23333333333333334,0.504006932993731,2.0
2023-01-23,13.6,8.0,20.0,0.0,8.0,1023.8,1.0,0.0,0.0,0.0,1.0,0.0,0.0,0.2857142857142857,0.48795003647426655,1.0,0.35714285714285715,0.6333236937766513,2.0,0.26666666666666666,0.5208304597621879,2.0
2023-01-24,13.9,9.4,19.0,0.0,9.8,1023.4,0.0,1.0,0.0,0.0,0.0,0.0,0.0,0.2857142857142857,0.48795003647426655,1.0,0.35714285714285715,0.6333236937766513,2.0,0.26666666666666666,0.5208304597621879,2.0
2023-01-25,13.8,9.0,19.0,0.0,15.6,1022.0,0.0,0.0,1.0,0.0,0.0,0.0,0.0,0.2857142857142857,0.48795003647426655,1.0,0.35714285714285715,0.6333236937766513,2.0,0.26666666666666666,0.5208304597621879,2.0
2023-01-26,14.3,10.6,19.2,0.0,17.6,1021.6,1.0,0.0,0.0,1.0,1.0,0.0,0.0,0.2857142857142857,0.48795003647426655,1.0,0.42857142857142855,0.6462061726588644,2.0,0.3,0.5349830806219241,2.0
2023-01-27,13.2,9.9,18.0,0.0,12.3,1022.3,1.0,1.0,0.0,0.0,0.0,0.0,1.0,0.42857142857142855,0.5345224838248489,1.0,0.5,0.6504436355879912,2.0,0.3,0.5349830806219241,2.0
2023-01-28,13.1,6.0,20.0,0.0,8.9,1023.4,0.0,1.0,1.0,0.0,0.0,2.0,0.0,0.42857142857142855,0.5345224838248489,1.0,0.35714285714285715,0.4972451580988474,1.0,0.3,0.5349830806219241,2.0
2023-01-29,14.2,7.0,20.0,0.0,8.0,1022.7,0.0,0.0,1.0,1.0,0.0,0.0,0.0,0.42857142857142855,0.5345224838248489,1.0,0.35714285714285715,0.4972451580988474,1.0,0.3,0.5349830806219241,2.0
2023-01-30,14.6,9.0,21.0,0.0,11.1,1022.7,0.0,0.0,0.0,1.0,1.0,1.0,0.0,0.2857142857142857,0.4879500364742666,1.0,0.2857142857142857,0.46880723093849597,1.0,0.3,0.5349830806219241,2.0
2023-01-31,15.2,10.0,21.5,0.0,14.5,1022.8,0.0,0.0,0.0,0.0,0.0,0.0,0.0,0.2857142857142857,0.4879500364742666,1.0,0.2857142857142857,0.46880723093849597,1.0,0.3,0.5349830806219241,2.0
2023-02-01,15.5,8.0,21.1,0.0,13.2,1023.6,0.0,0.0,0.0,0.0,0.0,0.0,0.0,0.2857142857142857,0.4879500364742666,1.0,0.2857142857142857,0.46880723093849597,1.0,0.3,0.5349830806219241,2.0
2023-02-02,14.8,11.8,19.0,0.0,14.5,1024.9,0.0,0.0,0.0,0.0,1.0,1.0,1.0,0.14285714285714285,0.37796447300922703,1.0,0.21428571428571427,0.4258153136263207,1.0,0.26666666666666666,0.5208304597621879,2.0
2023-02-03,14.4,6.9,20.1,0.0,10.5,1021.6,0.0,0.0,0.0,0.0,1.0,0.0,0.0,0.0,0.0,0.0,0.21428571428571427,0.4258153136263207,1.0,0.26666666666666666,0.5208304597621879,2.0
2023-02-04,14.6,10.9,20.0,0.0,19.6,1022.7,1.0,0.0,0.0,0.0,0.0,0.0,1.0,0.14285714285714285,0.37796447300922703,1.0,0.2857142857142857,0.46880723093849597,1.0,0.26666666666666666,0.5208304597621879,2.0
2023-02-05,15.4,7.0,22.0,0.0,9.8,1023.5,0.0,1.0,0.0,0.0,0.0,0.0,0.0,0.14285714285714285,0.37796447300922703,1.0,0.2857142857142857,0.46880723093849597,1.0,0.26666666666666666,0.5208304597621879,2.0
2023-02-06,16.2,10.1,21.6,0.0,13.2,1024.0,0.0,0.0,1.0,0.0,0.0,1.0,0.0,0.14285714285714285,0.37796447300922703,1.0,0.21428571428571427,0.4258153136263207,1.0,0.26666666666666666,0.5208304597621879,2.0
2023-02-07,16.1,9.0,23.0,0.0,9.9,1024.5,0.0,0.0,0.0,1.0,0.0,0.0,0.0,0.14285714285714285,0.37796447300922703,1.0,0.21428571428571427,0.4258153136263207,1.0,0.26666666666666666,0.5208304597621879,2.0
2023-02-08,15.5,9.0,22.0,0.0,9.0,1025.2,1.0,0.0,0.0,0.0,0.0,0.0,0.0,0.2857142857142857,0.48795003647426655,1.0,0.2857142857142857,0.46880723093849597,1.0,0.3,0.534983080621924,2.0
2023-02-09,16.2,9.0,23.9,0.0,6.5,1025.8,0.0,1.0,0.0,0.0,0.0,1.0,0.0,0.2857142857142857,0.48795003647426655,1.0,0.21428571428571427,0.4258153136263207,1.0,0.3,0.534983080621924,2.0
2023-02-10,16.1,9.0,22.0,0.0,8.6,1026.0,0.0,0.0,1.0,0.0,0.0,1.0,0.0,0.2857142857142857,0.48795003647426655,1.0,0.14285714285714285,0.36313651960128224,1.0,0.3,0.534983080621924,2.0
2023-02-11,16.3,9.9,22.6,0.0,13.4,1026.0,0.0,0.0,0.0,1.0,1.0,0.0,0.0,0.14285714285714285,0.377964473009227,1.0,0.14285714285714285,0.36313651960128224,1.0,0.3,0.534983080621924,2.0
2023-02-12,17.2,12.0,23.0,0.0,13.7,1025.5,0.0,0.0,0.0,0.0,0.0,0.0,0.0,0.14285714285714285,0.377964473009227,1.0,0.14285714285714285,0.36313651960128224,1.0,0.3,0.534983080621924,2.0
2023-02-13,18.1,14.0,23.0,0.0,15.5,1025.2,0.0,0.0,0.0,0.0,0.0,0.0,2.0,0.14285714285714285,0.377964473009227,1.0,0.14285714285714285,0.36313651960128224,1.0,0.23333333333333334,0.4301830671520763,1.0
2023-02-14,17.0,10.6,22.0,0.0,12.4,1024.0,0.0,0.0,0.0,0.0,0.0,0.0,0.0,0.14285714285714285,0.377964473009227,1.0,0.14285714285714285,0.36313651960128224,1.0,0.23333333333333334,0.4301830671520763,1.0
2023-02-15,17.2,14.0,22.0,0.0,21.8,1022.8,0.0,0.0,0.0,0.0,1.0,0.0,1.0,0.0,0.0,0.0,0.14285714285714285,0.36313651960128224,1.0,0.2,0.4068381021724863,1.0
2023-02-16,15.4,10.0,20.0,0.0,11.6,1024.1,0.0,0.0,0.0,0.0,0.0,0.0,0.0,0.0,0.0,0.0,0.14285714285714285,0.36313651960128224,1.0,0.2,0.4068381021724863,1.0
2023-02-17,15.7,12.0,21.0,0.0,14.0,1025.2,0.0,0.0,0.0,0.0,0.0,0.0,0.0,0.0,0.0,0.0,0.14285714285714285,0.36313651960128224,1.0,0.2,0.4068381021724863,1.0
2023-02-18,15.6,9.5,22.0,0.0,9.8,1026.2,0.0,0.0,0.0,0.0,0.0,1.0,1.0,0.0,0.0,0.0,0.07142857142857142,0.2672612419124255,1.0,0.16666666666666666,0.37904902178945177,1.0
2023-02-19,15.9,8.0,23.0,0.0,6.8,1026.4,0.0,0.0,0.0,0.0,0.0,0.0,0.0,0.0,0.0,0.0,0.07142857142857142,0.2672612419124255,1.0,0.16666666666666666,0.37904902178945177,1.0
2023-02-20,16.3,9.0,23.0,0.0,6.7,1026.0,0.0,0.0,0.0,0.0,0.0,0.0,0.0,0.0,0.0,0.0,0.07142857142857142,0.2672612419124255,1.0,0.16666666666666666,0.37904902178945177,1.0
2023-02-21,15.8,8.6,22.2,0.0,7.7,1025.3,1.0,0.0,0.0,0.0,0.0,0.0,0.0,0.14285714285714285,0.377964473009227,1.0,0.14285714285714285,0.36313651960128224,1.0,0.2,0.4068381021724863,1.0
2023-02-22,15.5,7.7,22.0,0.0,9.3,1023.9,0.0,1.0,0.0,0.0,0.0,1.0,1.0,0.14285714285714285,0.377964473009227,1.0,0.07142857142857142,0.2672612419124255,1.0,0.16666666666666666,0.37904902178945177,1.0
2023-02-23,16.3,10.8,21.4,0.0,13.1,1022.3,0.0,0.0,1.0,0.0,0.0,0.0,0.0,0.14285714285714285,0.377964473009227,1.0,0.07142857142857142,0.2672612419124255,1.0,0.16666666666666666,0.37904902178945177,1.0
2023-02-24,15.6,8.9,21.3,0.0,9.1,1022.9,0.0,0.0,0.0,1.0,0.0,0.0,0.0,0.14285714285714285,0.377964473009227,1.0,0.07142857142857142,0.2672612419124255,1.0,0.16666666666666666,0.37904902178945177,1.0
2023-02-25,16.7,12.5,21.0,0.0,12.6,1023.9,0.0,0.0,0.0,0.0,0.0,0.0,1.0,0.14285714285714285,0.377964473009227,1.0,0.07142857142857142,0.2672612419124255,1.0,0.13333333333333333,0.3457459036417605,1.0
2023-02-26,17.2,13.3,22.0,0.1,12.0,1025.7,2.0,0.0,0.0,0.0,0.0,0.0,1.0,0.42857142857142855,0.7867957924694432,2.0,0.21428571428571427,0.57893422352184,2.0,0.16666666666666666,0.4611330373774141,2.0
2023-02-27,17.5,13.0,24.0,1.3,6.0,1026.7,0.0,2.0,0.0,0.0,0.0,0.0,0.0,0.42857142857142855,0.7867957924694432,2.0,0.21428571428571427,0.57893422352184,2.0,0.16666666666666666,0.4611330373774141,2.0
2023-02-28,16.4,10.2,22.5,0.2,10.3,1025.4,0.0,0.0,2.0,0.0,1.0,0.0,0.0,0.2857142857142857,0.7559289460184545,2.0,0.21428571428571427,0.57893422352184,2.0,0.16666666666666666,0.4611330373774141,2.0
2023-03-01,15.7,10.5,22.0,1.1,7.8,1024.4,0.0,0.0,0.0,2.0,0.0,0.0,0.0,0.2857142857142857,0.7559289460184545,2.0,0.21428571428571427,0.57893422352184,2.0,0.16666666666666666,0.4611330373774141,2.0
2023-03-02,16.1,9.9,22.0,0.0,9.7,1024.8,0.0,0.0,0.0,0.0,0.0,0.0,0.0,0.2857142857142857,0.7559289460184545,2.0,0.21428571428571427,0.57893422352184,2.0,0.16666666666666666,0.4611330373774141,2.0
2023-03-03,18.7,12.0,24.0,0.0,10.8,1026.2,0.0,0.0,0.0,0.0,0.0,0.0,0.0,0.2857142857142857,0.7559289460184545,2.0,0.21428571428571427,0.57893422352184,2.0,0.16666666666666666,0.4611330373774141,2.0
2023-03-04,17.1,12.0,23.0,0.0,9.8,1027.2,0.0,0.0,0.0,0.0,0.0,0.0,0.0,0.2857142857142857,0.7559289460184545,2.0,0.21428571428571427,0.57893422352184,2.0,0.16666666666666666,0.4611330373774141,2.0
2023-03-05,17.8,10.8,25.0,0.0,7.9,1027.3,0.0,0.0,0.0,0.0,2.0,0.0,0.0,0.0,0.0,0.0,0.21428571428571427,0.57893422352184,2.0,0.16666666666666666,0.4611330373774141,2.0
2023-03-06,18.5,12.0,25.0,0.0,6.9,1025.4,1.0,0.0,0.0,0.0,0.0,0.0,1.0,0.14285714285714285,0.3779644730092271,1.0,0.2857142857142857,0.611249845502127,2.0,0.16666666666666666,0.4611330373774141,2.0
2023-03-07,18.6,12.0,26.0,0.0,8.5,1023.1,0.0,1.0,0.0,0.0,0.0,1.0,0.0,0.14285714285714285,0.3779644730092271,1.0,0.21428571428571427,0.57893422352184,2.0,0.16666666666666666,0.4611330373774141,2.0
2023-03-08,18.2,13.0,24.0,0.0,12.8,1022.2,0.0,0.0,1.0,0.0,0.0,0.0,0.0,0.14285714285714285,0.3779644730092271,1.0,0.21428571428571427,0.57893422352184,2.0,0.16666666666666666,0.4611330373774141,2.0
2023-03-09,17.2,14.0,22.0,0.0,15.7,1021.5,0.0,0.0,0.0,1.0,0.0,0.0,0.0,0.14285714285714285,0.3779644730092271,1.0,0.21428571428571427,0.57893422352184,2.0,0.16666666666666666,0.4611330373774141,2.0
2023-03-10,15.1,13.0,17.2,0.8,14.8,1022.3,0.0,0.0,0.0,0.0,0.0,0.0,1.0,0.14285714285714285,0.3779644730092271,1.0,0.21428571428571427,0.57893422352184,2.0,0.13333333333333333,0.4341724854553048,2.0
2023-03-11,16.2,12.4,20.3,2.3,14.1,1021.7,0.0,0.0,0.0,0.0,0.0,0.0,0.0,0.14285714285714285,0.3779644730092271,1.0,0.21428571428571427,0.57893422352184,2.0,0.13333333333333333,0.4341724854553048,2.0
2023-03-12,14.8,13.5,16.0,4.4,16.2,1021.1,0.0,0.0,0.0,0.0,0.0,2.0,0.0,0.14285714285714285,0.3779644730092271,1.0,0.07142857142857142,0.26726124191242556,1.0,0.13333333333333333,0.4341724854553048,2.0
2023-03-13,13.9,12.0,16.0,11.2,17.3,1020.9,0.0,0.0,0.0,0.0,1.0,0.0,0.0,0.0,0.0,0.0,0.07142857142857142,0.26726124191242556,1.0,0.13333333333333333,0.4341724854553048,2.0
2023-03-14,14.4,12.6,17.0,2.8,14.9,1021.0,2.0,0.0,0.0,0.0,0.0,0.0,0.0,0.2857142857142857,0.7559289460184545,2.0,0.21428571428571427,0.57893422352184,2.0,0.2,0.5508613944197479,2.0
2023-03-15,14.9,13.0,18.0,2.5,13.9,1019.6,0.0,2.0,0.0,0.0,0.0,0.0,0.0,0.2857142857142857,0.7559289460184545,2.0,0.21428571428571427,0.57893422352184,2.0,0.2,0.5508613944197479,2.0
2023-03-16,15.0,9.4,21.0,0.0,8.8,1018.2,0.0,0.0,2.0,0.0,0.0,0.0,0.0,0.2857142857142857,0.7559289460184545,2.0,0.21428571428571427,0.57893422352184,2.0,0.2,0.5508613944197479,2.0
2023-03-17,15.9,11.4,21.0,0.6,8.9,1021.2,0.0,0.0,0.0,2.0,0.0,0.0,0.0,0.2857142857142857,0.7559289460184545,2.0,0.21428571428571427,0.57893422352184,2.0,0.2,0.5508613944197479,2.0
2023-03-18,16.5,14.0,20.0,1.3,16.8,1022.2,0.0,0.0,0.0,0.0,0.0,0.0,0.0,0.2857142857142857,0.7559289460184545,2.0,0.21428571428571427,0.57893422352184,2.0,0.2,0.5508613944197479,2.0
2023-03-19,16.3,14.0,19.8,0.0,16.1,1022.7,0.0,0.0,0.0,0.0,0.0,0.0,0.0,0.2857142857142857,0.7559289460184545,2.0,0.21428571428571427,0.57893422352184,2.0,0.2,0.5508613944197479,2.0
2023-03-20,15.2,11.0,20.0,0.0,19.7,1020.2,0.0,0.0,0.0,0.0,0.0,1.0,0.0,0.2857142857142857,0.7559289460184545,2.0,0.14285714285714285,0.5345224838248493,2.0,0.2,0.5508613944197479,2.0
2023-03-21,14.6,10.9,19.3,0.0,14.9,1018.4,0.0,0.0,0.0,0.0,2.0,0.0,0.0,0.0,0.0,0.0,0.14285714285714285,0.5345224838248493,2.0,0.2,0.5508613944197479,2.0
2023-03-22,14.4,7.0,21.0,0.0,11.7,1020.0,0.0,0.0,0.0,0.0,0.0,0.0,0.0,0.0,0.0,0.0,0.14285714285714285,0.5345224838248493,2.0,0.2,0.5508613944197479,2.0
2023-03-23,16.3,7.8,22.4,0.0,11.9,1021.1,0.0,0.0,0.0,0.0,0.0,0.0,1.0,0.0,0.0,0.0,0.14285714285714285,0.5345224838248493,2.0,0.16666666666666666,0.5306686305052324,2.0
2023-03-24,17.2,14.0,21.1,0.0,17.6,1021.7,0.0,0.0,0.0,0.0,0.0,0.0,0.0,0.0,0.0,0.0,0.14285714285714285,0.5345224838248493,2.0,0.16666666666666666,0.5306686305052324,2.0
2023-03-25,17.6,12.4,22.5,0.6,14.4,1021.3,0.0,0.0,0.0,0.0,0.0,0.0,0.0,0.0,0.0,0.0,0.14285714285714285,0.5345224838248493,2.0,0.16666666666666666,0.5306686305052324,2.0
2023-03-26,16.0,14.3,18.0,3.5,16.8,1020.8,1.0,0.0,0.0,0.0,0.0,0.0,0.0,0.14285714285714285,0.3779644730092271,1.0,0.21428571428571427,0.57893422352184,2.0,0.2,0.5508613944197479,2.0
2023-03-27,16.2,14.0,19.0,3.8,24.6,1021.6,0.0,1.0,0.0,0.0,0.0,0.0,0.0,0.14285714285714285,0.3779644730092271,1.0,0.21428571428571427,0.57893422352184,2.0,0.2,0.5508613944197479,2.0
2023-03-28,16.7,11.5,22.0,0.2,9.1,1023.4,0.0,0.0,1.0,0.0,0.0,2.0,2.0,0.14285714285714285,0.3779644730092271,1.0,0.07142857142857142,0.26726124191242556,1.0,0.13333333333333333,0.4341724854553048,2.0
2023-03-29,17.9,12.0,23.3,0.0,9.3,1023.8,0.0,0.0,0.0,1.0,0.0,0.0,0.0,0.14285714285714285,0.3779644730092271,1.0,0.07142857142857142,0.26726124191242556,1.0,0.13333333333333333,0.4341724854553048,2.0
2023-03-30,18.1,14.7,22.0,0.0,18.2,1023.7,0.0,0.0,0.0,0.0,0.0,0.0,0.0,0.14285714285714285,0.3779644730092271,1.0,0.07142857142857142,0.26726124191242556,1.0,0.13333333333333333,0.4341724854553048,2.0
2023-03-31,17.2,14.4,21.0,0.3,19.5,1021.9,0.0,0.0,0.0,0.0,0.0,0.0,0.0,0.14285714285714285,0.3779644730092271,1.0,0.07142857142857142,0.26726124191242556,1.0,0.13333333333333333,0.4341724854553048,2.0
2023-04-01,17.7,14.2,22.0,1.5,13.2,1022.8,0.0,0.0,0.0,0.0,0.0,0.0,0.0,0.14285714285714285,0.3779644730092271,1.0,0.07142857142857142,0.26726124191242556,1.0,0.13333333333333333,0.4341724854553048,2.0
2023-04-02,17.7,14.6,22.0,0.0,17.9,1022.2,0.0,0.0,0.0,0.0,1.0,0.0,0.0,0.0,0.0,0.0,0.07142857142857142,0.26726124191242556,1.0,0.13333333333333333,0.4341724854553048,2.0
2023-04-03,17.8,14.3,22.0,0.0,16.7,1021.9,0.0,0.0,0.0,0.0,0.0,0.0,0.0,0.0,0.0,0.0,0.07142857142857142,0.26726124191242556,1.0,0.13333333333333333,0.4341724854553048,2.0
2023-04-04,17.6,13.5,22.0,0.0,13.5,1022.9,1.0,0.0,0.0,0.0,0.0,0.0,0.0,0.14285714285714285,0.3779644730092271,1.0,0.14285714285714285,0.3631365196012823,1.0,0.16666666666666666,0.4611330373774141,2.0
2023-04-05,17.4,15.0,21.3,0.0,18.4,1023.0,0.0,1.0,0.0,0.0,0.0,0.0,1.0,0.14285714285714285,0.3779644730092271,1.0,0.14285714285714285,0.3631365196012823,1.0,0.13333333333333333,0.4341724854553048,2.0
2023-04-06,17.6,14.0,22.0,0.0,15.9,1022.2,0.0,0.0,1.0,0.0,0.0,0.0,0.0,0.14285714285714285,0.3779644730092271,1.0,0.14285714285714285,0.3631365196012823,1.0,0.13333333333333333,0.4341724854553048,2.0
2023-04-07,18.2,13.0,23.0,0.0,13.0,1022.9,0.0,0.0,0.0,1.0,0.0,0.0,0.0,0.14285714285714285,0.3779644730092271,1.0,0.14285714285714285,0.3631365196012823,1.0,0.13333333333333333,0.4341724854553048,2.0
2023-04-08,18.6,13.3,23.0,4.7,12.7,1024.2,0.0,0.0,0.0,0.0,0.0,0.0,0.0,0.14285714285714285,0.3779644730092271,1.0,0.14285714285714285,0.3631365196012823,1.0,0.13333333333333333,0.4341724854553048,2.0
2023-04-09,18.5,12.2,25.0,0.0,9.2,1025.1,0.0,0.0,0.0,0.0,0.0,1.0,0.0,0.14285714285714285,0.3779644730092271,1.0,0.07142857142857142,0.2672612419124256,1.0,0.13333333333333333,0.4341724854553048,2.0
2023-04-10,19.0,13.7,25.0,0.0,12.9,1022.6,0.0,0.0,0.0,0.0,0.0,0.0,0.0,0.14285714285714285,0.3779644730092271,1.0,0.07142857142857142,0.2672612419124256,1.0,0.13333333333333333,0.4341724854553048,2.0
2023-04-11,19.5,15.8,25.0,0.0,19.1,1022.2,1.0,0.0,0.0,0.0,1.0,0.0,0.0,0.14285714285714285,0.3779644730092271,1.0,0.14285714285714285,0.3631365196012823,1.0,0.16666666666666666,0.4611330373774141,2.0
2023-04-12,19.5,14.8,24.1,0.0,16.2,1022.2,0.0,1.0,0.0,0.0,0.0,0.0,0.0,0.14285714285714285,0.3779644730092271,1.0,0.14285714285714285,0.3631365196012823,1.0,0.16666666666666666,0.4611330373774141,2.0
2023-04-13,18.4,14.4,23.1,0.0,14.7,1024.7,0.0,0.0,1.0,0.0,0.0,0.0,2.0,0.14285714285714285,0.3779644730092271,1.0,0.14285714285714285,0.3631365196012823,1.0,0.1,0.3051285766293648,1.0
2023-04-14,18.6,15.0,23.5,0.7,12.0,1025.8,0.0,0.0,0.0,1.0,0.0,0.0,0.0,0.14285714285714285,0.3779644730092271,1.0,0.14285714285714285,0.3631365196012823,1.0,0.1,0.3051285766293648,1.0
2023-04-15,18.4,14.0,24.1,0.3,9.0,1025.2,0.0,0.0,0.0,0.0,0.0,0.0,0.0,0.14285714285714285,0.3779644730092271,1.0,0.14285714285714285,0.3631365196012823,1.0,0.1,0.3051285766293648,1.0
2023-04-16,18.8,14.0,24.0,1.1,9.8,1022.5,0.0,0.0,0.0,0.0,0.0,0.0,0.0,0.14285714285714285,0.3779644730092271,1.0,0.14285714285714285,0.3631365196012823,1.0,0.1,0.3051285766293648,1.0
2023-04-17,18.8,14.0,24.0,0.0,11.2,1021.8,0.0,0.0,0.0,0.0,0.0,0.0,0.0,0.14285714285714285,0.3779644730092271,1.0,0.14285714285714285,0.3631365196012823,1.0,0.1,0.3051285766293648,1.0
2023-04-18,18.8,14.0,24.0,1.4,12.8,1023.5,1.0,0.0,0.0,0.0,1.0,1.0,0.0,0.14285714285714285,0.3779644730092271,1.0,0.14285714285714285,0.3631365196012823,1.0,0.13333333333333333,0.3457459036417605,1.0
2023-04-19,19.1,13.0,24.0,2.3,11.5,1022.8,0.0,1.0,0.0,0.0,0.0,0.0,0.0,0.14285714285714285,0.3779644730092271,1.0,0.14285714285714285,0.3631365196012823,1.0,0.13333333333333333,0.3457459036417605,1.0
2023-04-20,18.7,14.3,24.5,0.6,11.7,1020.6,0.0,0.0,1.0,0.0,0.0,0.0,0.0,0.14285714285714285,0.3779644730092271,1.0,0.14285714285714285,0.3631365196012823,1.0,0.13333333333333333,0.3457459036417605,1.0
2023-04-21,17.3,13.0,21.0,2.8,10.2,1019.5,0.0,0.0,0.0,1.0,0.0,0.0,0.0,0.14285714285714285,0.3779644730092271,1.0,0.14285714285714285,0.3631365196012823,1.0,0.13333333333333333,0.3457459036417605,1.0
2023-04-22,18.6,12.6,24.0,3.8,13.1,1020.3,0.0,0.0,0.0,0.0,0.0,0.0,0.0,0.14285714285714285,0.3779644730092271,1.0,0.14285714285714285,0.3631365196012823,1.0,0.13333333333333333,0.3457459036417605,1.0
2023-04-23,19.2,14.8,24.0,0.4,10.4,1022.3,0.0,0.0,0.0,0.0,0.0,0.0,0.0,0.14285714285714285,0.3779644730092271,1.0,0.14285714285714285,0.3631365196012823,1.0,0.13333333333333333,0.3457459036417605,1.0
2023-04-24,18.3,12.7,24.6,0.0,10.6,1023.2,1.0,0.0,0.0,0.0,0.0,0.0,0.0,0.2857142857142857,0.4879500364742666,1.0,0.21428571428571427,0.42581531362632075,1.0,0.16666666666666666,0.37904902178945177,1.0
2023-04-25,17.3,12.4,25.5,0.0,8.8,1022.6,1.0,1.0,0.0,0.0,1.0,1.0,1.0,0.2857142857142857,0.4879500364742666,1.0,0.21428571428571427,0.42581531362632075,1.0,0.16666666666666666,0.37904902178945177,1.0
2023-04-26,17.2,12.0,24.0,0.0,7.5,1022.5,0.0,1.0,1.0,0.0,0.0,0.0,0.0,0.2857142857142857,0.48795003647426655,1.0,0.21428571428571427,0.42581531362632075,1.0,0.16666666666666666,0.37904902178945177,1.0
2023-04-27,18.8,12.0,27.0,0.1,6.9,1022.3,0.0,0.0,1.0,1.0,0.0,0.0,0.0,0.2857142857142857,0.48795003647426655,1.0,0.21428571428571427,0.42581531362632075,1.0,0.16666666666666666,0.37904902178945177,1.0
2023-04-28,18.1,13.0,25.0,0.2,8.0,1022.6,1.0,0.0,0.0,1.0,0.0,0.0,0.0,0.42857142857142855,0.5345224838248489,1.0,0.2857142857142857,0.46880723093849597,1.0,0.2,0.4068381021724863,1.0
2023-04-29,18.3,13.0,23.5,0.2,11.0,1021.9,0.0,1.0,0.0,0.0,0.0,0.0,0.0,0.42857142857142855,0.5345224838248489,1.0,0.2857142857142857,0.46880723093849597,1.0,0.2,0.4068381021724863,1.0
2023-04-30,17.9,14.0,24.0,0.8,10.6,1022.2,0.0,0.0,1.0,0.0,0.0,0.0,0.0,0.42857142857142855,0.5345224838248489,1.0,0.2857142857142857,0.46880723093849597,1.0,0.2,0.4068381021724863,1.0
2023-05-01,17.1,12.6,23.3,1.1,4.7,1022.8,0.0,0.0,0.0,1.0,1.0,0.0,0.0,0.2857142857142857,0.48795003647426655,1.0,0.2857142857142857,0.46880723093849597,1.0,0.2,0.4068381021724863,1.0
2023-05-02,19.1,13.0,24.1,0.7,7.1,1023.9,0.0,0.0,0.0,0.0,1.0,1.0,0.0,0.14285714285714285,0.377964473009227,1.0,0.21428571428571427,0.4258153136263207,1.0,0.2,0.4068381021724863,1.0
2023-05-03,20.5,15.6,26.0,0.2,8.9,1025.4,0.0,0.0,0.0,0.0,0.0,0.0,0.0,0.14285714285714285,0.377964473009227,1.0,0.21428571428571427,0.4258153136263207,1.0,0.2,0.4068381021724863,1.0
2023-05-04,21.2,15.2,27.0,0.2,9.8,1025.3,1.0,0.0,0.0,0.0,0.0,0.0,1.0,0.2857142857142857,0.4879500364742665,1.0,0.2857142857142857,0.46880723093849597,1.0,0.2,0.4068381021724863,1.0
2023-05-05,21.3,15.7,26.0,0.6,7.2,1024.3,1.0,1.0,0.0,0.0,1.0,0.0,0.0,0.2857142857142857,0.4879500364742665,1.0,0.35714285714285715,0.4972451580988474,1.0,0.23333333333333334,0.4301830671520763,1.0
2023-05-06,22.1,17.0,27.0,1.3,7.5,1024.0,0.0,1.0,1.0,0.0,0.0,0.0,0.0,0.2857142857142857,0.4879500364742665,1.0,0.35714285714285715,0.4972451580988474,1.0,0.23333333333333334,0.4301830671520763,1.0
2023-05-07,22.1,16.8,28.0,6.5,8.2,1024.3,0.0,0.0,1.0,1.0,0.0,0.0,0.0,0.2857142857142857,0.4879500364742665,1.0,0.35714285714285715,0.4972451580988474,1.0,0.23333333333333334,0.4301830671520763,1.0
2023-05-08,21.4,16.2,27.0,0.9,6.6,1023.3,0.0,0.0,0.0,1.0,0.0,1.0,0.0,0.2857142857142857,0.4879500364742665,1.0,0.2857142857142857,0.46880723093849597,1.0,0.23333333333333334,0.4301830671520763,1.0
2023-05-09,20.8,16.8,26.0,1.1,10.6,1022.4,0.0,0.0,0.0,0.0,0.0,1.0,0.0,0.2857142857142857,0.4879500364742665,1.0,0.21428571428571427,0.4258153136263207,1.0,0.23333333333333334,0.4301830671520763,1.0
2023-05-10,21.7,16.8,27.0,0.7,5.8,1021.8,2.0,0.0,0.0,0.0,0.0,0.0,0.0,0.5714285714285714,0.7867957924694432,2.0,0.35714285714285715,0.6333236937766513,2.0,0.3,0.534983080621924,2.0
2023-05-11,22.5,16.9,29.0,1.2,7.8,1024.1,0.0,2.0,0.0,0.0,1.0,0.0,1.0,0.42857142857142855,0.7867957924694432,2.0,0.35714285714285715,0.6333236937766513,2.0,0.26666666666666666,0.5208304597621878,2.0
2023-05-12,24.1,16.7,31.0,0.0,9.7,1025.0,0.0,0.0,2.0,0.0,1.0,1.0,0.0,0.2857142857142857,0.7559289460184544,2.0,0.2857142857142857,0.6112498455021269,2.0,0.26666666666666666,0.5208304597621878,2.0
2023-05-13,23.3,17.0,30.5,0.0,8.5,1025.8,0.0,0.0,0.0,2.0,0.0,0.0,0.0,0.2857142857142857,0.7559289460184544,2.0,0.2857142857142857,0.6112498455021269,2.0,0.26666666666666666,0.5208304597621878,2.0
2023-05-14,22.0,17.0,29.0,0.6,11.2,1024.7,2.0,0.0,0.0,0.0,0.0,0.0,0.0,0.5714285714285714,0.9759000729485333,2.0,0.42857142857142855,0.7559289460184547,2.0,0.3333333333333333,0.6064784348631227,2.0
2023-05-15,22.7,16.0,28.0,0.0,10.0,1023.2,0.0,2.0,0.0,0.0,0.0,0.0,0.0,0.5714285714285714,0.9759000729485333,2.0,0.42857142857142855,0.7559289460184547,2.0,0.3333333333333333,0.6064784348631227,2.0
2023-05-16,22.9,17.0,28.0,0.0,9.0,1023.5,0.0,0.0,2.0,0.0,0.0,0.0,0.0,0.5714285714285714,0.9759000729485333,2.0,0.42857142857142855,0.7559289460184547,2.0,0.3333333333333333,0.6064784348631227,2.0
2023-05-17,23.2,17.8,29.0,0.3,9.4,1023.5,1.0,0.0,0.0,2.0,2.0,0.0,0.0,0.42857142857142855,0.7867957924694432,2.0,0.5,0.7595545253127503,2.0,0.36666666666666664,0.614947899858378,2.0
2023-05-18,22.1,15.9,28.1,1.3,12.6,1024.5,0.0,1.0,0.0,0.0,0.0,1.0,1.0,0.42857142857142855,0.7867957924694432,2.0,0.42857142857142855,0.7559289460184547,2.0,0.3333333333333333,0.6064784348631227,2.0
2023-05-19,19.2,14.8,27.0,3.3,7.9,1024.7,1.0,0.0,1.0,0.0,0.0,1.0,0.0,0.5714285714285714,0.7867957924694433,2.0,0.42857142857142855,0.7559289460184547,2.0,0.36666666666666664,0.614947899858378,2.0
2023-05-20,19.7,13.0,25.5,0.6,12.5,1023.2,0.0,1.0,0.0,1.0,0.0,0.0,0.0,0.5714285714285714,0.7867957924694433,2.0,0.42857142857142855,0.7559289460184547,2.0,0.36666666666666664,0.614947899858378,2.0
2023-05-21,17.6,14.0,25.0,1.3,9.1,1023.8,1.0,0.0,1.0,0.0,2.0,0.0,0.0,0.42857142857142855,0.5345224838248488,1.0,0.5,0.7595545253127503,2.0,0.4,0.6214554662658652,2.0
2023-05-22,19.4,12.0,26.0,0.0,7.3,1023.9,0.0,1.0,0.0,1.0,0.0,0.0,0.0,0.42857142857142855,0.5345224838248489,1.0,0.5,0.7595545253127503,2.0,0.4,0.6214554662658652,2.0
2023-05-23,19.8,16.0,26.6,3.0,9.8,1025.1,1.0,0.0,1.0,0.0,0.0,0.0,0.0,0.5714285714285714,0.534522483824849,1.0,0.5714285714285714,0.7559289460184547,2.0,0.43333333333333335,0.6260623155792925,2.0
2023-05-24,19.5,14.0,24.1,0.3,9.2,1024.9,0.0,1.0,0.0,1.0,1.0,2.0,1.0,0.42857142857142855,0.5345224838248488,1.0,0.42857142857142855,0.6462061726588644,2.0,0.4,0.6214554662658652,2.0
2023-05-25,19.3,16.0,24.0,1.5,5.9,1025.0,0.0,0.0,1.0,0.0,0.0,0.0,1.0,0.42857142857142855,0.5345224838248488,1.0,0.42857142857142855,0.6462061726588644,2.0,0.36666666666666664,0.614947899858378,2.0
2023-05-26,20.2,14.0,26.3,0.6,6.2,1024.6,2.0,0.0,0.0,1.0,1.0,0.0,0.0,0.5714285714285714,0.7867957924694432,2.0,0.5714285714285714,0.7559289460184547,2.0,0.43333333333333335,0.6789105539243626,2.0
2023-05-27,19.2,16.0,27.0,2.4,6.0,1024.3,1.0,2.0,0.0,0.0,0.0,0.0,0.0,0.7142857142857143,0.7559289460184546,2.0,0.6428571428571429,0.7449463436684922,2.0,0.4666666666666667,0.6814453874610598,2.0
2023-05-28,19.8,15.0,25.0,2.4,12.2,1023.8,0.0,1.0,2.0,0.0,1.0,2.0,1.0,0.5714285714285714,0.7867957924694432,2.0,0.5,0.6504436355879911,2.0,0.43333333333333335,0.6789105539243626,2.0
2023-05-29,18.8,15.0,25.9,1.3,9.3,1024.8,0.0,0.0,1.0,2.0,0.0,0.0,0.0,0.5714285714285714,0.7867957924694432,2.0,0.5,0.6504436355879911,2.0,0.43333333333333335,0.6789105539243626,2.0
2023-05-30,18.3,14.9,23.0,0.7,6.4,1026.2,2.0,0.0,0.0,1.0,1.0,0.0,0.0,0.7142857142857143,0.951189731211342,2.0,0.6428571428571429,0.7449463436684922,2.0,0.5,0.7310832774866961,2.0
2023-05-31,18.4,16.0,23.0,16.8,6.5,1026.0,1.0,2.0,0.0,0.0,0.0,1.0,0.0,0.8571428571428571,0.8997354108424377,2.0,0.6428571428571429,0.7449463436684922,2.0,0.5333333333333333,0.7302967433402213,2.0
2023-06-01,19.8,14.0,26.5,1.8,5.9,1025.4,0.0,1.0,2.0,0.0,0.0,0.0,0.0,0.8571428571428571,0.8997354108424377,2.0,0.6428571428571429,0.7449463436684922,2.0,0.5333333333333333,0.7302967433402213,2.0
2023-06-02,20.0,15.4,26.0,0.4,10.6,1026.2,0.0,0.0,1.0,2.0,2.0,1.0,0.0,0.5714285714285714,0.7867957924694433,2.0,0.5714285714285714,0.7559289460184547,2.0,0.5333333333333333,0.7302967433402213,2.0
2023-06-03,20.6,16.9,27.0,2.4,8.1,1025.9,1.0,0.0,0.0,1.0,1.0,0.0,1.0,0.5714285714285714,0.7867957924694433,2.0,0.6428571428571429,0.7449463436684922,2.0,0.5333333333333333,0.7302967433402213,2.0
2023-06-04,21.1,16.7,28.0,4.4,9.7,1025.1,1.0,1.0,0.0,0.0,0.0,1.0,1.0,0.7142857142857143,0.7559289460184547,2.0,0.6428571428571429,0.7449463436684922,2.0,0.5333333333333333,0.7302967433402213,2.0
2023-06-05,22.6,18.0,29.0,0.0,5.9,1023.8,0.0,1.0,1.0,0.0,0.0,0.0,0.0,0.7142857142857143,0.7559289460184547,2.0,0.6428571428571429,0.7449463436684922,2.0,0.5333333333333333,0.7302967433402213,2.0
2023-06-06,21.7,15.4,29.0,0.0,5.9,1024.2,1.0,0.0,1.0,1.0,2.0,1.0,0.0,0.5714285714285714,0.534522483824849,1.0,0.6428571428571429,0.7449463436684922,2.0,0.5666666666666667,0.7279320417946061,2.0
2023-06-07,22.7,17.7,30.0,0.6,7.8,1024.2,1.0,1.0,0.0,1.0,1.0,0.0,0.0,0.5714285714285714,0.534522483824849,1.0,0.7142857142857143,0.7262730392025631,2.0,0.6,0.7239737088005908,2.0
2023-06-08,23.4,17.0,29.3,1.4,5.0,1024.2,0.0,1.0,1.0,0.0,0.0,0.0,0.0,0.5714285714285714,0.534522483824849,1.0,0.7142857142857143,0.7262730392025631,2.0,0.6,0.7239737088005908,2.0
2023-06-09,24.2,20.0,31.0,0.0,3.9,1023.0,2.0,0.0,1.0,1.0,0.0,2.0,2.0,0.8571428571428571,0.6900655593423547,2.0,0.7142857142857143,0.7262730392025631,2.0,0.6,0.7239737088005908,2.0
2023-06-10,23.9,18.0,31.0,0.0,7.6,1022.1,2.0,2.0,0.0,1.0,1.0,1.0,0.0,1.0,0.8164965809277266,2.0,0.7857142857142857,0.8017837257372733,2.0,0.6666666666666666,0.7580980435789032,2.0
2023-06-11,21.7,16.1,29.0,1.6,5.6,1022.7,1.0,2.0,2.0,0.0,1.0,0.0,0.0,1.0,0.8164965809277266,2.0,0.8571428571428571,0.7703288865196435,2.0,0.7,0.7497125886079553,2.0
2023-06-12,22.8,16.9,29.0,0.0,5.9,1021.9,0.0,1.0,2.0,2.0,0.0,0.0,0.0,1.0,0.8164965809277266,2.0,0.8571428571428571,0.7703288865196435,2.0,0.7,0.7497125886079553,2.0
2023-06-13,24.2,19.6,31.0,0.4,7.8,1021.5,2.0,0.0,1.0,2.0,1.0,2.0,2.0,1.1428571428571428,0.899735410842438,2.0,0.8571428571428571,0.7703288865196435,2.0,0.7,0.7497125886079553,2.0
2023-06-14,23.2,17.0,31.4,0.0,9.5,1022.1,0.0,2.0,0.0,1.0,1.0,1.0,0.0,1.0,1.0000000000000004,2.0,0.7857142857142857,0.8017837257372733,2.0,0.7,0.7497125886079553,2.0
2023-06-15,23.9,16.9,30.8,0.0,7.0,1023.0,1.0,0.0,2.0,0.0,0.0,0.0,0.0,1.1428571428571428,0.899735410842438,2.0,0.8571428571428571,0.7703288865196435,2.0,0.7333333333333333,0.7396799556440671,2.0
2023-06-16,24.4,20.0,30.0,0.0,10.7,1022.6,0.0,1.0,0.0,2.0,2.0,0.0,1.0,0.8571428571428571,0.8997354108424377,2.0,0.8571428571428571,0.7703288865196435,2.0,0.7,0.7497125886079553,2.0
2023-06-17,24.2,18.0,29.9,0.0,7.2,1022.2,0.0,0.0,1.0,0.0,2.0,1.0,0.0,0.5714285714285714,0.7867957924694432,2.0,0.7857142857142857,0.8017837257372733,2.0,0.7,0.7497125886079553,2.0
2023-06-18,24.2,17.9,31.5,0.0,10.8,1022.2,0.0,0.0,0.0,1.0,1.0,1.0,1.0,0.42857142857142855,0.7867957924694431,2.0,0.7142857142857143,0.8254203058555573,2.0,0.6666666666666666,0.7580980435789032,2.0
2023-06-19,24.2,16.6,32.0,0.0,7.4,1022.4,0.0,0.0,0.0,0.0,0.0,0.0,0.0,0.42857142857142855,0.7867957924694431,2.0,0.7142857142857143,0.8254203058555573,2.0,0.6666666666666666,0.7580980435789032,2.0
2023-06-20,23.9,16.4,31.0,0.0,8.5,1021.6,0.0,0.0,0.0,0.0,2.0,1.0,1.0,0.14285714285714285,0.3779644730092263,1.0,0.6428571428571429,0.8418973861410957,2.0,0.6333333333333333,0.7648904962570575,2.0
2023-06-21,23.8,16.8,32.0,1.4,4.3,1021.4,0.0,0.0,0.0,0.0,0.0,1.0,0.0,0.14285714285714285,0.3779644730092263,1.0,0.5714285714285714,0.8516306272526404,2.0,0.6333333333333333,0.7648904962570575,2.0
2023-06-22,24.7,18.9,32.0,0.0,7.6,1021.3,0.0,0.0,0.0,0.0,1.0,0.0,1.0,0.0,0.0,0.0,0.5714285714285714,0.8516306272526404,2.0,0.6,0.7701320979389588,2.0
2023-06-23,24.7,17.7,32.5,0.0,10.1,1021.6,0.0,0.0,0.0,0.0,0.0,2.0,0.0,0.0,0.0,0.0,0.42857142857142855,0.7559289460184548,2.0,0.6,0.7701320979389588,2.0
2023-06-24,23.6,16.0,32.3,0.0,7.9,1022.2,1.0,0.0,0.0,0.0,0.0,2.0,0.0,0.14285714285714285,0.3779644730092263,1.0,0.35714285714285715,0.6333236937766513,2.0,0.6333333333333333,0.7648904962570575,2.0
2023-06-25,24.9,17.6,33.3,0.0,10.7,1020.8,0.0,1.0,0.0,0.0,0.0,1.0,2.0,0.14285714285714285,0.3779644730092263,1.0,0.2857142857142857,0.6112498455021269,2.0,0.5666666666666667,0.7279320417946061,2.0
2023-06-26,26.0,20.0,33.3,0.0,8.8,1019.6,2.0,0.0,1.0,0.0,0.0,0.0,1.0,0.42857142857142855,0.7867957924694431,2.0,0.42857142857142855,0.7559289460184547,2.0,0.6,0.7701320979389588,2.0
2023-06-27,25.2,18.8,34.2,0.0,7.8,1019.6,1.0,2.0,0.0,1.0,0.0,2.0,0.0,0.5714285714285714,0.7867957924694432,2.0,0.35714285714285715,0.6333236937766513,2.0,0.6333333333333333,0.7648904962570575,2.0
2023-06-28,25.6,18.2,33.5,0.0,8.0,1021.6,1.0,1.0,2.0,0.0,0.0,0.0,0.0,0.7142857142857143,0.7559289460184547,2.0,0.42857142857142855,0.6462061726588644,2.0,0.6666666666666666,0.7580980435789032,2.0
2023-06-29,27.2,18.3,34.2,0.0,7.8,1021.9,3.0,1.0,1.0,2.0,0.0,1.0,2.0,1.1428571428571428,1.069044967649698,3.0,0.5714285714285714,0.937614461876991,3.0,0.7,0.8366600265340753,3.0
2023-06-30,25.9,21.0,33.5,0.0,6.3,1021.1,0.0,3.0,1.0,1.0,0.0,0.0,1.0,1.1428571428571428,1.069044967649698,3.0,0.5714285714285714,0.937614461876991,3.0,0.6666666666666666,0.8441822541139558,3.0
2023-07-01,24.2,18.0,31.0,0.0,9.8,1021.2,2.0,0.0,3.0,1.0,1.0,0.0,0.0,1.2857142857142858,1.1126972805283741,3.0,0.7142857142857143,0.9944903161976939,3.0,0.7333333333333333,0.8683449709106092,3.0
2023-07-02,23.4,18.8,31.6,2.4,8.8,1022.5,4.0,2.0,0.0,3.0,0.0,0.0,0.0,1.8571428571428572,1.3451854182690994,4.0,1.0,1.3008872711759818,4.0,0.8666666666666667,1.0416609195243756,4.0
2023-07-03,24.0,16.8,32.1,0.0,10.3,1022.8,1.0,4.0,2.0,0.0,2.0,0.0,1.0,1.7142857142857142,1.3801311186847092,4.0,1.0714285714285714,1.2688144505364487,4.0,0.8666666666666667,1.0416609195243756,4.0
2023-07-04,24.2,17.7,31.0,0.0,11.6,1021.0,4.0,1.0,4.0,2.0,1.0,0.0,1.0,2.142857142857143,1.5735915849388873,4.0,1.3571428571428572,1.4468609447374665,4.0,0.9666666666666667,1.188546876720022,4.0
2023-07-05,24.6,20.0,33.2,0.0,12.2,1018.0,2.0,4.0,1.0,4.0,1.0,0.0,0.0,2.2857142857142856,1.4960264830861922,4.0,1.5,1.400549342771779,4.0,1.0333333333333334,1.188546876720022,4.0
2023-07-06,25.0,18.4,33.6,0.0,8.0,1014.3,3.0,2.0,4.0,1.0,3.0,0.0,1.0,2.2857142857142856,1.4960264830861922,4.0,1.7142857142857142,1.3827826698682308,4.0,1.1,1.2415229801920007,4.0
2023-07-07,25.7,18.3,33.9,0.2,6.5,1020.9,2.0,3.0,2.0,4.0,0.0,0.0,1.0,2.5714285714285716,1.1338934190276835,4.0,1.8571428571428572,1.292412345317728,4.0,1.1333333333333333,1.252124631158585,4.0
2023-07-08,24.8,18.1,33.3,0.5,7.6,1021.8,2.0,2.0,3.0,2.0,2.0,1.0,0.0,2.5714285714285716,1.1338934190276835,4.0,1.9285714285714286,1.2688144505364487,4.0,1.2,1.2429109325317305,4.0
2023-07-09,25.6,18.0,33.1,0.0,8.4,1021.5,4.0,2.0,2.0,3.0,4.0,0.0,2.0,2.5714285714285716,1.1338934190276835,4.0,2.2142857142857144,1.2513728724621076,4.0,1.2666666666666666,1.3373502709187433,4.0
2023-07-10,26.3,19.4,33.0,0.0,9.0,1020.7,2.0,4.0,2.0,2.0,1.0,2.0,2.0,2.7142857142857144,0.951189731211344,4.0,2.2142857142857144,1.2513728724621076,4.0,1.2666666666666666,1.3373502709187433,4.0
2023-07-11,25.4,18.0,33.0,0.0,10.9,1021.2,4.0,2.0,4.0,2.0,4.0,1.0,1.0,2.7142857142857144,0.951189731211344,4.0,2.4285714285714284,1.2838814775327387,4.0,1.3666666666666667,1.4259499757471623,4.0
2023-07-12,26.8,18.2,33.5,0.0,10.4,1021.4,4.0,4.0,2.0,4.0,2.0,1.0,0.0,3.0,1.0000000000000022,4.0,2.642857142857143,1.2774459408789602,4.0,1.5,1.4797483476638156,4.0
2023-07-13,26.7,20.3,31.0,0.0,8.1,1021.5,0.0,4.0,4.0,2.0,3.0,3.0,2.0,2.5714285714285716,1.5118578920369103,4.0,2.4285714285714284,1.4525460784051258,4.0,1.4333333333333333,1.5013403972802926,4.0
2023-07-14,25.8,20.4,33.2,0.5,7.2,1021.3,3.0,0.0,4.0,4.0,2.0,0.0,0.0,2.7142857142857144,1.4960264830861927,4.0,2.642857142857143,1.2774459408789602,4.0,1.5333333333333334,1.5024883574816195,4.0
2023-07-15,23.6,20.0,33.2,0.0,6.8,1021.0,4.0,3.0,0.0,4.0,2.0,2.0,1.0,3.0,1.527525231651948,4.0,2.7857142857142856,1.3114039117603011,4.0,1.6333333333333333,1.5643293888377883,4.0
2023-07-16,24.1,16.6,32.4,0.0,8.8,1020.9,6.0,4.0,3.0,0.0,4.0,4.0,0.0,3.2857142857142856,1.8898223650461374,6.0,2.9285714285714284,1.542439911024374,6.0,1.8333333333333333,1.7237355852380871,6.0
2023-07-17,25.4,18.1,34.0,0.0,9.8,1021.2,5.0,6.0,4.0,3.0,2.0,1.0,0.0,3.7142857142857144,1.8898223650461374,6.0,3.2142857142857144,1.5281246137553164,6.0,2.0,1.7811271131234423,6.0
2023-07-18,25.3,19.3,34.9,0.0,8.2,1020.6,3.0,5.0,6.0,4.0,4.0,4.0,0.0,3.5714285714285716,1.9023794624226849,6.0,3.142857142857143,1.5118578920369088,6.0,2.1,1.7488912743950582,6.0
2023-07-19,25.3,19.8,34.6,0.1,7.8,1020.2,0.0,3.0,5.0,6.0,4.0,2.0,0.0,3.0,2.3094010767585043,6.0,3.0,1.7097008285302207,6.0,2.1,1.7488912743950582,6.0
2023-07-20,27.4,20.4,34.0,0.0,12.4,1020.7,4.0,0.0,3.0,5.0,0.0,3.0,0.0,3.5714285714285716,1.902379462422685,6.0,3.0714285714285716,1.7304639535412156,6.0,2.2333333333333334,1.7356968854500252,6.0
2023-07-21,27.4,22.0,34.1,0.0,11.3,1021.5,1.0,4.0,0.0,3.0,3.0,2.0,0.0,3.2857142857142856,2.138089935299396,6.0,3.0,1.7974340685458343,6.0,2.2666666666666666,1.7005746155310282,6.0
2023-07-22,27.2,20.9,34.0,0.0,9.9,1022.2,3.0,1.0,4.0,0.0,4.0,2.0,0.0,3.142857142857143,2.1157009420498167,6.0,3.0714285714285716,1.7743595036946849,6.0,2.3666666666666667,1.6501480254047285,6.0
2023-07-23,26.9,19.4,34.8,0.0,9.1,1021.9,3.0,3.0,1.0,4.0,6.0,4.0,0.0,2.7142857142857144,1.704336206492695,5.0,3.0,1.7541160386140586,6.0,2.466666666666667,1.5916448515084423,6.0
2023-07-24,26.6,19.6,33.4,0.0,9.4,1020.8,1.0,3.0,3.0,1.0,5.0,2.0,1.0,2.142857142857143,1.4638501094228018,4.0,2.9285714285714284,1.8171950369175573,6.0,2.466666666666667,1.5916448515084423,6.0
2023-07-25,26.4,19.0,33.9,0.0,9.8,1019.9,2.0,1.0,3.0,3.0,3.0,4.0,0.0,2.0,1.4142135623730971,4.0,2.7857142857142856,1.805060042835628,6.0,2.533333333333333,1.525266134682467,6.0
2023-07-26,27.2,20.0,34.0,0.0,7.6,1020.8,2.0,2.0,1.0,3.0,0.0,4.0,2.0,2.2857142857142856,1.1126972805283761,4.0,2.642857142857143,1.7805419597217227,6.0,2.533333333333333,1.525266134682467,6.0
2023-07-27,27.6,20.0,34.0,0.0,15.0,1021.6,4.0,2.0,2.0,1.0,4.0,0.0,1.0,2.2857142857142856,1.1126972805283761,4.0,2.9285714285714284,1.6391501416322996,6.0,2.6333333333333333,1.5196036990935657,6.0
2023-07-28,28.2,21.3,34.4,0.0,16.7,1021.8,3.0,4.0,2.0,2.0,1.0,3.0,1.0,2.5714285714285716,0.975900072948536,4.0,2.9285714285714284,1.6391501416322996,6.0,2.7,1.489040422322491,6.0
2023-07-29,26.1,20.9,33.9,0.0,8.7,1021.0,4.0,3.0,4.0,2.0,3.0,4.0,3.0,2.7142857142857144,1.112697280528376,4.0,2.9285714285714284,1.6391501416322996,6.0,2.7333333333333334,1.5070714541175843,6.0
2023-07-30,24.2,21.0,31.0,0.0,6.8,1020.7,3.0,4.0,3.0,4.0,3.0,6.0,0.0,2.7142857142857144,1.112697280528376,4.0,2.7142857142857144,1.3827826698682313,5.0,2.8333333333333335,1.4162440207947142,6.0
2023-07-31,25.8,18.7,32.5,0.0,5.9,1021.0,1.0,3.0,4.0,3.0,1.0,5.0,2.0,2.7142857142857144,1.112697280528376,4.0,2.4285714285714284,1.2838814775327398,4.0,2.8,1.4479474176011808,6.0
2023-08-01,25.5,19.9,32.5,0.1,8.4,1021.9,2.0,1.0,3.0,4.0,2.0,3.0,4.0,2.7142857142857144,1.112697280528376,4.0,2.357142857142857,1.2774459408789614,4.0,2.7333333333333334,1.4367908045682751,6.0
2023-08-02,25.2,19.6,32.5,0.0,10.4,1023.2,3.0,2.0,1.0,3.0,2.0,0.0,1.0,2.857142857142857,1.0690449676497,4.0,2.5714285714285716,1.0894095588038455,4.0,2.8,1.399507302465825,6.0
2023-08-03,23.9,18.4,33.2,0.2,11.4,1022.5,4.0,3.0,2.0,1.0,4.0,4.0,4.0,2.857142857142857,1.0690449676497,4.0,2.5714285714285716,1.0894095588038455,4.0,2.8,1.399507302465825,6.0
2023-08-04,24.1,18.0,33.0,0.0,14.1,1022.3,4.0,4.0,3.0,2.0,3.0,1.0,2.0,3.0,1.154700538379254,4.0,2.7857142857142856,1.0509022810878308,4.0,2.8666666666666667,1.4076964145021813,6.0
2023-08-05,24.4,20.4,33.0,0.0,8.9,1023.0,5.0,4.0,4.0,3.0,4.0,3.0,3.0,3.142857142857143,1.3451854182691005,5.0,2.9285714285714284,1.2066664642907572,5.0,2.933333333333333,1.4605934866804422,6.0
2023-08-06,24.3,18.2,32.0,0.0,10.5,1023.4,3.0,5.0,4.0,4.0,3.0,3.0,2.0,3.142857142857143,1.3451854182691005,5.0,2.9285714285714284,1.2066664642907572,5.0,2.966666666666667,1.4499306364701419,6.0
2023-08-07,24.3,17.6,33.3,0.0,10.4,1022.0,3.0,3.0,5.0,4.0,1.0,1.0,2.0,3.4285714285714284,0.975900072948536,5.0,3.0714285714285716,1.0716117059605355,5.0,3.0,1.4383899044561517,6.0
2023-08-08,25.1,18.1,33.0,0.0,9.9,1020.6,5.0,3.0,3.0,5.0,2.0,2.0,4.0,3.857142857142857,0.8997354108424405,5.0,3.2857142857142856,1.138728807356386,5.0,3.033333333333333,1.4735210781716321,6.0
2023-08-09,26.1,22.0,31.9,0.0,8.6,1021.8,3.0,5.0,3.0,3.0,3.0,2.0,2.0,3.857142857142857,0.8997354108424405,5.0,3.357142857142857,1.0818177620697815,5.0,3.066666666666667,1.4605934866804422,6.0
2023-08-10,24.7,18.4,32.1,0.0,8.6,1022.8,4.0,3.0,5.0,3.0,4.0,4.0,4.0,3.857142857142857,0.8997354108424405,5.0,3.357142857142857,1.0818177620697815,5.0,3.066666666666667,1.4605934866804422,6.0
2023-08-11,24.9,17.7,33.3,0.0,5.6,1021.3,3.0,4.0,3.0,5.0,4.0,3.0,4.0,3.7142857142857144,0.9511897312113449,5.0,3.357142857142857,1.0818177620697815,5.0,3.033333333333333,1.4499306364701419,6.0
2023-08-12,22.9,10.1,30.6,3.5,8.4,1020.6,2.0,3.0,4.0,3.0,5.0,4.0,0.0,3.2857142857142856,0.9511897312113449,5.0,3.2142857142857144,1.1217137594956028,5.0,3.1,1.3480509557543967,6.0
2023-08-13,22.6,17.7,28.4,2.0,9.6,1021.7,1.0,2.0,3.0,4.0,3.0,3.0,3.0,3.0,1.2909944487358078,5.0,3.0714285714285716,1.268814450536449,5.0,3.033333333333333,1.4015590662158879,6.0
2023-08-14,23.2,19.7,27.3,2.4,10.8,1023.0,4.0,1.0,2.0,3.0,3.0,1.0,4.0,3.142857142857143,1.3451854182691008,5.0,3.2857142857142856,1.138728807356386,5.0,3.033333333333333,1.4015590662158879,6.0
2023-08-15,23.9,18.0,31.1,3.5,13.6,1022.1,1.0,4.0,1.0,2.0,5.0,2.0,6.0,2.5714285714285716,1.2724180205607054,4.0,3.2142857142857144,1.2513728724621078,5.0,2.8666666666666667,1.332183412176476,5.0
2023-08-16,23.3,19.4,32.0,3.1,11.5,1020.7,2.0,1.0,4.0,1.0,3.0,3.0,5.0,2.4285714285714284,1.2724180205607054,4.0,3.142857142857143,1.2924123453177283,5.0,2.7666666666666666,1.2780193008453866,5.0
2023-08-17,21.0,17.0,27.0,1.5,12.5,1021.4,4.0,2.0,1.0,4.0,4.0,4.0,3.0,2.4285714285714284,1.2724180205607054,4.0,3.142857142857143,1.2924123453177283,5.0,2.8,1.2972118642263695,5.0
2023-08-18,21.9,17.5,28.6,6.3,5.1,1022.0,4.0,4.0,2.0,1.0,3.0,4.0,0.0,2.5714285714285716,1.3972762620115455,4.0,3.142857142857143,1.2924123453177283,5.0,2.933333333333333,1.2015315896469545,5.0
2023-08-19,22.7,17.8,31.1,1.7,7.8,1021.7,1.0,4.0,4.0,2.0,2.0,5.0,4.0,2.4285714285714284,1.5118578920369106,4.0,2.857142857142857,1.2924123453177285,5.0,2.8333333333333335,1.2340942045675136,5.0
2023-08-20,23.0,17.0,30.5,0.6,5.6,1020.9,0.0,1.0,4.0,4.0,1.0,3.0,1.0,2.2857142857142856,1.7043362064926946,4.0,2.642857142857143,1.4990839693802176,5.0,2.8,1.2972118642263695,5.0
2023-08-21,23.3,17.0,30.0,0.1,7.5,1020.9,0.0,0.0,1.0,4.0,4.0,3.0,3.0,1.7142857142857142,1.7043362064926946,4.0,2.4285714285714284,1.650840611711115,5.0,2.7,1.3933338832974762,5.0
2023-08-22,21.8,18.0,28.6,0.0,7.5,1021.6,4.0,0.0,0.0,1.0,1.0,5.0,3.0,2.142857142857143,1.8644544714716098,4.0,2.357142857142857,1.549547966698322,4.0,2.7333333333333334,1.412587094253155,5.0
2023-08-23,23.4,15.9,32.4,0.0,6.7,1022.1,1.0,4.0,0.0,0.0,2.0,3.0,1.0,2.0,1.9148542155126773,4.0,2.2142857142857144,1.577659972557773,4.0,2.7333333333333334,1.412587094253155,5.0
2023-08-24,24.8,17.0,32.0,0.3,8.2,1021.6,1.0,1.0,4.0,0.0,4.0,4.0,2.0,1.5714285714285714,1.7182493859684502,4.0,2.0,1.5191090506255014,4.0,2.7,1.4419813954512672,5.0
2023-08-25,25.4,18.0,34.5,0.0,8.6,1020.7,1.0,1.0,1.0,4.0,4.0,3.0,2.0,1.1428571428571428,1.3451854182690997,4.0,1.8571428571428572,1.5118578920369106,4.0,2.6666666666666665,1.4700066463216697,5.0
2023-08-26,25.3,19.0,33.2,0.0,8.1,1021.0,1.0,1.0,1.0,1.0,1.0,2.0,4.0,1.1428571428571428,1.3451854182690997,4.0,1.7857142857142858,1.5281246137553182,4.0,2.566666666666667,1.4781939897267764,5.0
2023-08-27,25.3,18.3,34.3,1.0,8.3,1022.2,0.0,1.0,1.0,1.0,0.0,1.0,3.0,1.1428571428571428,1.3451854182690997,4.0,1.7142857142857142,1.5898026693500462,4.0,2.466666666666667,1.5477087254553334,5.0
2023-08-28,24.3,17.8,32.8,1.4,10.8,1022.8,0.0,0.0,1.0,1.0,0.0,4.0,4.0,1.1428571428571428,1.3451854182690997,4.0,1.4285714285714286,1.5045717874984461,4.0,2.3333333333333335,1.582955187753835,5.0
2023-08-29,23.3,17.8,30.9,2.5,9.1,1021.5,1.0,0.0,0.0,1.0,4.0,1.0,3.0,0.7142857142857143,0.4879500364742695,1.0,1.4285714285714286,1.5045717874984461,4.0,2.2666666666666666,1.5959719411009727,5.0
2023-08-30,22.9,19.0,31.0,1.3,9.4,1022.0,1.0,1.0,0.0,0.0,1.0,2.0,1.0,0.7142857142857143,0.4879500364742695,1.0,1.3571428571428572,1.499083969380219,4.0,2.2666666666666666,1.5959719411009727,5.0
2023-08-31,22.9,17.0,31.0,0.0,8.5,1023.1,2.0,1.0,1.0,0.0,1.0,4.0,2.0,0.8571428571428571,0.6900655593423564,2.0,1.2142857142857142,1.3114039117603036,4.0,2.2666666666666666,1.5959719411009727,5.0
2023-09-01,25.3,17.1,32.0,0.8,13.5,1023.7,1.0,2.0,1.0,1.0,1.0,4.0,3.0,0.8571428571428571,0.6900655593423564,2.0,1.0,1.037749043325545,4.0,2.2,1.6060231457944758,5.0
2023-09-02,23.2,19.0,31.8,0.0,9.5,1024.2,0.0,1.0,2.0,1.0,1.0,1.0,4.0,0.7142857142857143,0.7559289460184563,2.0,0.9285714285714286,1.0716117059605383,4.0,2.066666666666667,1.6174337556830531,5.0
2023-09-03,23.2,18.0,29.0,0.0,7.3,1022.5,2.0,0.0,1.0,2.0,0.0,0.0,4.0,1.0,0.8164965809277279,2.0,1.0714285714285714,1.0716117059605381,4.0,2.0,1.5756771943166703,5.0
2023-09-04,25.0,18.0,32.2,0.0,11.1,1020.8,0.0,2.0,0.0,1.0,0.0,0.0,5.0,1.0,0.8164965809277279,2.0,1.0714285714285714,1.0716117059605381,4.0,1.8333333333333333,1.5104996509110147,5.0
2023-09-05,24.8,18.0,32.4,0.0,9.2,1022.1,3.0,0.0,2.0,0.0,1.0,4.0,3.0,1.2857142857142858,1.112697280528375,3.0,1.0,0.8770580193070331,3.0,1.8333333333333333,1.5104996509110147,5.0
2023-09-06,24.9,19.6,31.0,0.0,6.6,1022.7,1.0,3.0,0.0,2.0,1.0,1.0,3.0,1.2857142857142858,1.112697280528375,3.0,1.0,0.8770580193070331,3.0,1.7666666666666666,1.5013403972802923,5.0
2023-09-07,25.6,19.0,32.0,0.0,15.0,1022.1,0.0,1.0,3.0,0.0,2.0,1.0,5.0,1.0,1.154700538379253,3.0,0.9285714285714286,0.9168747682531937,3.0,1.6,1.4044264997156124,4.0
2023-09-08,23.3,18.4,30.5,0.0,10.3,1022.1,0.0,0.0,1.0,3.0,1.0,1.0,3.0,0.8571428571428571,1.214985792587913,3.0,0.8571428571428571,0.9492622930986505,3.0,1.5,1.4081046199376144,4.0
2023-09-09,23.7,16.7,31.4,0.0,8.5,1022.8,0.0,0.0,0.0,1.0,0.0,1.0,4.0,0.8571428571428571,1.214985792587913,3.0,0.7857142857142857,0.974961255922233,3.0,1.3666666666666667,1.351457280719296,4.0
2023-09-10,23.5,16.5,31.6,0.0,8.6,1022.4,1.0,0.0,0.0,0.0,2.0,0.0,3.0,0.7142857142857143,1.1126972805283748,3.0,0.8571428571428571,0.9492622930986505,3.0,1.3,1.3169976304537105,4.0
2023-09-11,22.3,17.0,30.1,0.9,9.8,1022.2,2.0,1.0,0.0,0.0,0.0,0.0,2.0,1.0,1.154700538379253,3.0,1.0,0.9607689228305264,3.0,1.3,1.3169976304537105,4.0
2023-09-12,22.7,17.6,29.6,0.0,9.1,1022.6,0.0,2.0,1.0,0.0,3.0,1.0,1.0,0.5714285714285714,0.786795792469445,2.0,0.9285714285714286,0.9972489631508782,3.0,1.2666666666666666,1.337350270918743,4.0
2023-09-13,23.6,17.1,30.6,0.0,9.9,1022.1,1.0,0.0,2.0,1.0,1.0,1.0,4.0,0.5714285714285714,0.786795792469445,2.0,0.9285714285714286,0.9972489631508782,3.0,1.1666666666666667,1.234094204567514,4.0
2023-09-14,23.7,15.7,31.4,0.0,11.3,1021.1,1.0,1.0,0.0,2.0,0.0,2.0,1.0,0.7142857142857143,0.7559289460184564,2.0,0.8571428571428571,0.9492622930986505,3.0,1.1666666666666667,1.234094204567514,4.0
2023-09-15,23.4,16.7,31.0,0.0,10.5,1022.4,1.0,1.0,1.0,0.0,0.0,1.0,2.0,0.8571428571428571,0.6900655593423566,2.0,0.8571428571428571,0.9492622930986505,3.0,1.1333333333333333,1.2242755305537405,4.0
2023-09-16,25.2,19.0,31.0,0.0,12.3,1023.0,0.0,1.0,1.0,1.0,0.0,0.0,4.0,0.8571428571428571,0.6900655593423566,2.0,0.8571428571428571,0.9492622930986505,3.0,1.0,1.1141720290623105,4.0
2023-09-17,25.3,20.0,31.3,0.0,11.5,1022.7,2.0,0.0,1.0,1.0,1.0,2.0,4.0,1.0,0.816496580927728,2.0,0.8571428571428571,0.9492622930986505,3.0,0.9333333333333333,0.9802650357071213,4.0
2023-09-18,23.6,17.7,30.0,0.0,5.3,1022.2,2.0,2.0,0.0,1.0,2.0,0.0,1.0,1.0,0.816496580927728,2.0,1.0,0.9607689228305264,3.0,0.9666666666666667,0.9994251221140293,4.0
2023-09-19,23.2,19.0,30.0,0.1,7.5,1022.4,1.0,2.0,2.0,0.0,0.0,3.0,0.0,1.1428571428571428,0.6900655593423567,2.0,0.8571428571428571,0.7703288865196479,2.0,1.0,0.9826073688810344,4.0
2023-09-20,24.0,17.4,30.0,0.0,14.0,1021.9,0.0,1.0,2.0,2.0,1.0,1.0,0.0,1.0,0.816496580927728,2.0,0.7857142857142857,0.8017837257372777,2.0,1.0,0.9826073688810344,4.0
2023-09-21,22.7,17.3,29.8,0.0,10.2,1022.8,3.0,0.0,1.0,2.0,1.0,0.0,4.0,1.2857142857142858,1.1126972805283752,3.0,1.0,0.9607689228305264,3.0,0.9666666666666667,0.8899179866642233,3.0
2023-09-22,23.1,16.3,30.0,0.0,10.3,1023.4,0.0,3.0,0.0,1.0,1.0,0.0,1.0,1.1428571428571428,1.2149857925879133,3.0,1.0,0.9607689228305264,3.0,0.9333333333333333,0.9071871393197356,3.0
2023-09-23,24.8,19.0,30.2,0.0,13.5,1023.5,0.0,0.0,3.0,0.0,0.0,0.0,1.0,1.1428571428571428,1.2149857925879133,3.0,1.0,0.9607689228305264,3.0,0.9,0.9228890171255878,3.0
2023-09-24,23.7,17.0,31.0,0.0,9.9,1023.1,0.0,0.0,0.0,3.0,2.0,1.0,1.0,0.8571428571428571,1.2149857925879128,3.0,0.9285714285714286,0.9972489631508782,3.0,0.8666666666666667,0.9371024061116421,3.0
2023-09-25,22.8,17.7,30.0,0.0,5.6,1023.4,0.0,0.0,0.0,0.0,2.0,2.0,1.0,0.5714285714285714,1.1338934190276826,3.0,0.7857142857142857,0.9749612559222329,3.0,0.8333333333333334,0.9498941259817915,3.0
2023-09-26,24.3,15.6,32.0,0.0,12.0,1023.3,0.0,0.0,0.0,0.0,1.0,0.0,0.0,0.42857142857142855,1.1338934190276826,3.0,0.7857142857142857,0.9749612559222329,3.0,0.8333333333333334,0.9498941259817915,3.0
2023-09-27,25.2,17.2,31.0,0.0,15.3,1023.5,0.0,0.0,0.0,0.0,0.0,1.0,0.0,0.42857142857142855,1.1338934190276826,3.0,0.7142857142857143,0.9944903161976976,3.0,0.8333333333333334,0.9498941259817915,3.0
2023-09-28,23.6,17.7,30.4,0.0,15.2,1025.3,3.0,0.0,0.0,0.0,3.0,1.0,1.0,0.42857142857142855,1.1338934190276826,3.0,0.8571428571428571,1.16732059119908,3.0,0.9,1.0288929437289243,3.0
2023-09-29,23.8,17.5,29.2,0.0,13.1,1025.9,0.0,3.0,0.0,0.0,0.0,1.0,1.0,0.42857142857142855,1.1338934190276826,3.0,0.7857142857142857,1.1883130530663708,3.0,0.8666666666666667,1.0416609195243751,3.0
2023-09-30,23.4,15.2,30.2,0.0,13.6,1025.7,0.0,0.0,3.0,0.0,0.0,0.0,2.0,0.42857142857142855,1.1338934190276826,3.0,0.7857142857142857,1.1883130530663708,3.0,0.8,1.030567302759621,3.0
2023-10-01,23.5,16.0,29.3,0.0,12.4,1025.7,0.0,0.0,0.0,3.0,0.0,2.0,1.0,0.42857142857142855,1.1338934190276826,3.0,0.6428571428571429,1.1507283885330333,3.0,0.7666666666666667,1.0400044208570933,3.0
2023-10-02,22.8,15.0,29.9,0.0,12.3,1026.0,1.0,0.0,0.0,0.0,0.0,2.0,0.0,0.5714285714285714,1.1338934190276826,3.0,0.5714285714285714,1.089409558803848,3.0,0.8,1.030567302759621,3.0
2023-10-03,22.6,15.0,29.0,0.0,11.2,1026.5,1.0,1.0,0.0,0.0,0.0,1.0,2.0,0.7142857142857143,1.1126972805283748,3.0,0.5714285714285714,1.089409558803848,3.0,0.7666666666666667,1.006301981594451,3.0
2023-10-04,23.4,16.4,30.0,0.0,18.9,1026.4,2.0,1.0,1.0,0.0,0.0,0.0,0.0,1.0,1.1547005383792528,3.0,0.7142857142857143,1.138728807356389,3.0,0.8333333333333334,1.0199166069132664,3.0
2023-10-05,23.4,17.8,29.2,0.0,18.7,1026.8,0.0,2.0,1.0,1.0,3.0,3.0,3.0,0.5714285714285714,0.7867957924694445,2.0,0.5,0.9405399431259645,3.0,0.7333333333333333,0.9444331755018482,3.0
2023-10-06,23.0,16.8,29.7,0.0,14.1,1026.3,1.0,0.0,2.0,1.0,0.0,0.0,1.0,0.7142857142857143,0.7559289460184561,2.0,0.5714285714285714,0.9376144618769949,3.0,0.7333333333333333,0.9444331755018482,3.0
2023-10-07,22.7,16.4,29.0,0.0,11.8,1024.7,0.0,1.0,0.0,2.0,0.0,0.0,0.0,0.7142857142857143,0.7559289460184561,2.0,0.5714285714285714,0.9376144618769949,3.0,0.7333333333333333,0.9444331755018482,3.0
2023-10-08,22.4,14.4,28.4,0.0,17.9,1025.0,0.0,0.0,1.0,0.0,0.0,0.0,0.0,0.7142857142857143,0.7559289460184561,2.0,0.5714285714285714,0.9376144618769949,3.0,0.7333333333333333,0.9444331755018482,3.0
2023-10-09,22.6,16.1,29.0,0.0,13.7,1026.2,2.0,0.0,0.0,1.0,1.0,0.0,0.0,0.8571428571428571,0.8997354108424389,2.0,0.7142857142857143,0.9944903161976976,3.0,0.8,0.9613209303008449,3.0
2023-10-10,22.1,15.0,27.0,0.0,13.5,1024.4,1.0,2.0,0.0,0.0,1.0,0.0,1.0,0.8571428571428571,0.8997354108424389,2.0,0.7857142857142857,0.9749612559222329,3.0,0.8,0.9613209303008449,3.0
2023-10-11,21.6,14.8,27.3,0.0,12.0,1025.6,1.0,1.0,2.0,0.0,2.0,0.0,2.0,0.7142857142857143,0.7559289460184561,2.0,0.8571428571428571,0.9492622930986505,3.0,0.7666666666666667,0.9352607356658141,3.0
2023-10-12,21.4,13.2,28.0,0.0,9.4,1023.8,1.0,1.0,1.0,2.0,0.0,3.0,0.0,0.8571428571428571,0.6900655593423561,2.0,0.7142857142857143,0.726273039202568,2.0,0.8,0.9247553264475433,3.0
2023-10-13,21.0,14.5,27.3,0.0,12.2,1026.3,0.0,1.0,1.0,1.0,1.0,0.0,1.0,0.7142857142857143,0.7559289460184561,2.0,0.7142857142857143,0.726273039202568,2.0,0.7666666666666667,0.9352607356658141,3.0
2023-10-14,20.4,14.2,27.0,0.0,8.1,1026.1,1.0,0.0,1.0,1.0,0.0,0.0,1.0,0.8571428571428571,0.6900655593423561,2.0,0.7857142857142857,0.6992932067530732,2.0,0.7666666666666667,0.9352607356658141,3.0
2023-10-15,19.8,14.6,27.6,0.0,10.5,1024.7,1.0,1.0,0.0,1.0,0.0,0.0,1.0,1.0,0.5773502691896284,2.0,0.8571428571428571,0.6629935441318013,2.0,0.7666666666666667,0.9352607356658141,3.0
2023-10-16,19.9,12.8,27.6,0.0,6.7,1023.7,1.0,1.0,1.0,0.0,2.0,1.0,0.0,0.8571428571428571,0.37796447300923075,1.0,0.8571428571428571,0.6629935441318013,2.0,0.8,0.9247553264475433,3.0
2023-10-17,19.3,14.5,26.0,0.0,6.1,1023.1,0.0,1.0,1.0,1.0,1.0,1.0,2.0,0.7142857142857143,0.48795003647426904,1.0,0.7857142857142857,0.6992932067530732,2.0,0.7333333333333333,0.9071871393197356,3.0
2023-10-18,19.4,12.0,27.0,0.0,7.9,1024.5,0.0,0.0,1.0,1.0,1.0,2.0,2.0,0.5714285714285714,0.5345224838248507,1.0,0.6428571428571429,0.633323693776657,2.0,0.6666666666666666,0.8840866447369838,3.0
2023-10-19,19.4,13.8,26.0,0.0,5.1,1025.4,0.0,0.0,0.0,1.0,1.0,0.0,1.0,0.42857142857142855,0.5345224838248505,1.0,0.6428571428571429,0.633323693776657,2.0,0.6333333333333333,0.8899179866642234,3.0
2023-10-20,20.0,13.5,27.0,0.0,6.3,1025.2,0.0,0.0,0.0,0.0,0.0,1.0,0.0,0.42857142857142855,0.5345224838248505,1.0,0.5714285714285714,0.64620617265887,2.0,0.6333333333333333,0.8899179866642234,3.0
2023-10-21,20.0,14.8,26.0,0.0,8.5,1025.1,0.0,0.0,0.0,0.0,1.0,0.0,3.0,0.2857142857142857,0.4879500364742681,1.0,0.5714285714285714,0.64620617265887,2.0,0.5333333333333333,0.7760791522613604,3.0
2023-10-22,20.0,14.0,25.2,0.0,14.7,1026.1,0.0,0.0,0.0,0.0,1.0,0.0,0.0,0.14285714285714285,0.3779644730092288,1.0,0.5714285714285714,0.64620617265887,2.0,0.5333333333333333,0.7760791522613604,3.0
2023-10-23,19.9,14.0,25.8,0.0,16.6,1025.5,1.0,0.0,0.0,0.0,1.0,2.0,0.0,0.14285714285714285,0.3779644730092288,1.0,0.5,0.5188745216627785,1.0,0.5666666666666667,0.7738543627276665,3.0
2023-10-24,19.7,14.9,24.9,0.0,11.6,1023.6,0.0,1.0,0.0,0.0,0.0,1.0,0.0,0.14285714285714285,0.3779644730092288,1.0,0.42857142857142855,0.5135525910131034,1.0,0.5666666666666667,0.7738543627276665,3.0
2023-10-25,18.4,14.8,23.0,0.0,6.1,1024.1,1.0,0.0,1.0,0.0,0.0,1.0,0.0,0.2857142857142857,0.4879500364742681,1.0,0.42857142857142855,0.5135525910131034,1.0,0.6,0.7701320979389582,3.0
2023-10-26,17.0,14.3,24.1,3.0,6.4,1025.3,0.0,1.0,0.0,1.0,0.0,1.0,0.0,0.2857142857142857,0.4879500364742681,1.0,0.35714285714285715,0.4972451580988552,1.0,0.6,0.7701320979389582,3.0
2023-10-27,17.1,14.6,19.4,0.0,9.6,1025.8,1.0,0.0,1.0,0.0,0.0,0.0,0.0,0.42857142857142855,0.5345224838248505,1.0,0.42857142857142855,0.5135525910131034,1.0,0.6333333333333333,0.764890496257057,3.0
2023-10-28,15.0,13.3,17.0,0.8,4.9,1024.8,0.0,1.0,0.0,1.0,0.0,1.0,3.0,0.42857142857142855,0.5345224838248505,1.0,0.35714285714285715,0.4972451580988552,1.0,0.5333333333333333,0.6288102248298558,2.0
2023-10-29,15.2,13.2,19.0,0.3,6.4,1024.3,0.0,0.0,1.0,0.0,0.0,1.0,0.0,0.42857142857142855,0.5345224838248505,1.0,0.2857142857142857,0.4688072309385044,1.0,0.5333333333333333,0.6288102248298558,2.0
2023-10-30,15.9,13.2,20.1,0.3,6.2,1024.0,0.0,0.0,0.0,1.0,1.0,1.0,0.0,0.2857142857142857,0.4879500364742681,1.0,0.21428571428571427,0.42581531362633024,1.0,0.5333333333333333,0.6288102248298558,2.0
2023-10-31,17.5,14.0,22.0,1.8,4.6,1024.5,0.0,0.0,0.0,0.0,0.0,0.0,0.0,0.2857142857142857,0.4879500364742681,1.0,0.21428571428571427,0.42581531362633024,1.0,0.5333333333333333,0.6288102248298558,2.0
2023-11-01,17.9,12.2,24.5,0.3,7.1,1023.9,0.0,0.0,0.0,0.0,1.0,0.0,1.0,0.14285714285714285,0.3779644730092288,1.0,0.21428571428571427,0.42581531362633024,1.0,0.5,0.6297235299224018,2.0
2023-11-02,18.2,12.4,24.8,0.6,5.2,1024.1,1.0,0.0,0.0,0.0,0.0,0.0,1.0,0.2857142857142857,0.4879500364742681,1.0,0.2857142857142857,0.4688072309385044,1.0,0.5,0.6297235299224018,2.0
2023-11-03,17.7,13.0,21.8,0.4,6.3,1023.6,1.0,1.0,0.0,0.0,1.0,0.0,2.0,0.2857142857142857,0.4879500364742681,1.0,0.35714285714285715,0.4972451580988552,1.0,0.4666666666666667,0.5713464637233651,2.0
2023-11-04,17.3,11.9,25.0,0.0,7.0,1024.3,1.0,1.0,1.0,0.0,0.0,0.0,0.0,0.42857142857142855,0.5345224838248505,1.0,0.42857142857142855,0.5135525910131034,1.0,0.5,0.5723514714723382,2.0
2023-11-05,17.6,12.8,24.0,0.0,6.0,1023.9,0.0,1.0,1.0,1.0,0.0,0.0,1.0,0.42857142857142855,0.5345224838248505,1.0,0.42857142857142855,0.5135525910131034,1.0,0.4666666666666667,0.5713464637233651,2.0
2023-11-06,17.1,13.4,21.0,0.4,8.0,1026.2,2.0,0.0,1.0,1.0,0.0,1.0,0.0,0.7142857142857143,0.7559289460184561,2.0,0.5,0.650443635587997,2.0,0.5333333333333333,0.6288102248298558,2.0
2023-11-07,14.9,14.0,17.6,5.6,8.3,1027.1,0.0,2.0,0.0,1.0,0.0,0.0,0.0,0.7142857142857143,0.7559289460184561,2.0,0.5,0.650443635587997,2.0,0.5333333333333333,0.6288102248298558,2.0
2023-11-08,16.9,11.8,23.0,0.3,6.4,1026.0,0.0,0.0,2.0,0.0,0.0,1.0,2.0,0.7142857142857143,0.7559289460184561,2.0,0.42857142857142855,0.6462061726588703,2.0,0.4666666666666667,0.5713464637233651,2.0
2023-11-09,16.9,12.7,20.8,0.4,8.5,1025.4,2.0,0.0,0.0,2.0,1.0,0.0,1.0,0.8571428571428571,0.8997354108424389,2.0,0.5714285714285714,0.7559289460184596,2.0,0.5,0.6297235299224018,2.0
2023-11-10,15.3,13.0,18.0,0.3,8.9,1026.4,2.0,2.0,0.0,0.0,1.0,1.0,1.0,1.0,1.0000000000000016,2.0,0.6428571428571429,0.8418973861410999,2.0,0.5333333333333333,0.6814453874610592,2.0
2023-11-11,16.1,11.5,23.0,0.0,7.8,1026.2,0.0,2.0,2.0,0.0,1.0,0.0,1.0,0.8571428571428571,1.069044967649699,2.0,0.6428571428571429,0.8418973861410999,2.0,0.5,0.6822882392210124,2.0
2023-11-12,16.9,10.0,24.0,0.0,6.5,1026.1,1.0,0.0,2.0,2.0,0.0,0.0,0.0,1.0,1.0000000000000013,2.0,0.7142857142857143,0.8254203058555614,2.0,0.5333333333333333,0.6814453874610592,2.0
2023-11-13,18.0,12.3,25.0,0.0,6.2,1026.3,1.0,1.0,0.0,2.0,2.0,0.0,1.0,0.8571428571428571,0.8997354108424388,2.0,0.7857142857142857,0.8017837257372776,2.0,0.5333333333333333,0.6814453874610592,2.0
2023-11-14,18.1,12.6,25.1,0.0,7.3,1024.8,1.0,1.0,1.0,0.0,0.0,0.0,1.0,1.0,0.8164965809277278,2.0,0.8571428571428571,0.7703288865196478,2.0,0.5333333333333333,0.6814453874610592,2.0
2023-11-15,17.4,15.0,22.4,0.0,13.4,1024.2,0.0,1.0,1.0,1.0,0.0,0.0,1.0,1.0,0.8164965809277278,2.0,0.8571428571428571,0.7703288865196478,2.0,0.5,0.6822882392210124,2.0
2023-11-16,16.4,12.0,22.0,0.0,6.1,1025.1,4.0,0.0,1.0,1.0,2.0,1.0,0.0,1.2857142857142858,1.3801311186847098,4.0,1.0714285714285714,1.1411388181101407,4.0,0.6333333333333333,0.9278574999588483,4.0
2023-11-17,18.3,11.3,24.6,0.2,6.1,1024.6,0.0,4.0,0.0,1.0,2.0,1.0,0.0,1.0,1.4142135623730963,4.0,1.0,1.176696810829107,4.0,0.6333333333333333,0.9278574999588483,4.0
2023-11-18,18.3,13.4,24.0,0.0,9.6,1024.1,0.0,0.0,4.0,0.0,0.0,1.0,0.0,1.0,1.4142135623730963,4.0,0.9285714285714286,1.2066664642907596,4.0,0.6333333333333333,0.9278574999588483,4.0
2023-11-19,16.8,15.0,20.0,0.0,7.7,1024.0,0.0,0.0,0.0,4.0,1.0,0.0,0.0,0.8571428571428571,1.4638501094228007,4.0,0.9285714285714286,1.2066664642907596,4.0,0.6333333333333333,0.9278574999588483,4.0
2023-11-20,16.9,12.4,21.0,0.0,10.7,1023.8,1.0,0.0,0.0,0.0,1.0,2.0,0.0,0.8571428571428571,1.4638501094228007,4.0,0.8571428571428571,1.16732059119908,4.0,0.6666666666666666,0.9222660747548276,4.0
2023-11-21,17.8,11.4,24.0,0.6,7.5,1024.5,0.0,1.0,0.0,0.0,1.0,0.0,0.0,0.7142857142857143,1.496026483086192,4.0,0.8571428571428571,1.16732059119908,4.0,0.6666666666666666,0.9222660747548276,4.0
2023-11-22,19.6,14.5,26.0,3.4,8.9,1025.7,2.0,0.0,1.0,0.0,0.0,0.0,1.0,1.0,1.5275252316519476,4.0,1.0,1.1766968108291072,4.0,0.7,0.9523111632886264,4.0
2023-11-23,17.9,13.0,25.0,0.0,11.3,1025.9,0.0,2.0,0.0,1.0,4.0,2.0,0.0,0.42857142857142855,0.786795792469444,2.0,0.8571428571428571,1.16732059119908,4.0,0.7,0.9523111632886264,4.0
2023-11-24,17.4,11.5,23.1,0.0,6.9,1023.5,1.0,0.0,2.0,0.0,0.0,2.0,1.0,0.5714285714285714,0.7867957924694442,2.0,0.7857142857142857,1.1217137594956055,4.0,0.7,0.9523111632886264,4.0
2023-11-25,18.4,11.5,25.4,0.0,8.3,1024.3,0.0,1.0,0.0,2.0,0.0,0.0,0.0,0.5714285714285714,0.7867957924694442,2.0,0.7857142857142857,1.1217137594956055,4.0,0.7,0.9523111632886264,4.0
2023-11-26,17.8,10.2,25.4,0.0,5.5,1026.2,1.0,0.0,1.0,0.0,0.0,1.0,1.0,0.7142857142857143,0.7559289460184558,2.0,0.7857142857142857,1.1217137594956055,4.0,0.7,0.9523111632886264,4.0
2023-11-27,18.7,10.7,25.7,0.0,8.8,1025.5,0.0,1.0,0.0,1.0,1.0,1.0,0.0,0.5714285714285714,0.7867957924694442,2.0,0.7142857142857143,1.1387288073563888,4.0,0.7,0.9523111632886264,4.0
2023-11-28,17.5,9.7,25.6,0.0,4.3,1025.1,0.0,0.0,1.0,0.0,0.0,1.0,0.0,0.5714285714285714,0.7867957924694442,2.0,0.6428571428571429,1.1507283885330333,4.0,0.7,0.9523111632886264,4.0
2023-11-29,16.6,10.0,24.0,0.0,5.3,1025.7,0.0,0.0,0.0,1.0,2.0,0.0,0.0,0.2857142857142857,0.48795003647426743,1.0,0.6428571428571429,1.1507283885330333,4.0,0.7,0.9523111632886264,4.0
2023-11-30,16.4,8.6,24.5,0.0,6.1,1027.1,2.0,0.0,0.0,0.0,0.0,4.0,0.0,0.5714285714285714,0.7867957924694442,2.0,0.5,0.7595545253127548,2.0,0.7666666666666667,0.9714309861845767,4.0
2023-12-01,15.8,8.0,25.2,0.0,6.2,1027.0,2.0,2.0,0.0,0.0,1.0,0.0,0.0,0.7142857142857143,0.951189731211343,2.0,0.6428571428571429,0.8418973861410997,2.0,0.8333333333333334,0.9855274566525739,4.0
2023-12-02,15.4,7.8,23.1,0.0,5.5,1025.4,1.0,2.0,2.0,0.0,0.0,0.0,1.0,0.8571428571428571,0.8997354108424388,2.0,0.7142857142857143,0.8254203058555613,2.0,0.8333333333333334,0.9855274566525739,4.0
2023-12-03,15.2,8.0,22.0,0.0,7.1,1025.5,2.0,1.0,2.0,2.0,1.0,0.0,1.0,1.0,1.0000000000000013,2.0,0.8571428571428571,0.8644378215075703,2.0,0.8666666666666667,1.0080138659874613,4.0
2023-12-04,15.2,8.1,23.1,0.0,9.0,1026.2,2.0,2.0,1.0,2.0,0.0,1.0,1.0,1.2857142857142858,0.9511897312113439,2.0,0.9285714285714286,0.9168747682531935,2.0,0.9,1.0288929437289245,4.0
2023-12-05,14.9,8.5,22.9,0.0,9.2,1025.7,0.0,2.0,2.0,1.0,0.0,0.0,0.0,1.2857142857142858,0.9511897312113439,2.0,0.9285714285714286,0.9168747682531935,2.0,0.9,1.0288929437289245,4.0
2023-12-06,15.8,8.4,23.2,0.0,8.4,1025.0,0.0,0.0,2.0,2.0,0.0,2.0,2.0,1.2857142857142858,0.9511897312113439,2.0,0.7857142857142857,0.8925823753039848,2.0,0.8333333333333334,1.0199166069132664,4.0
2023-12-07,15.1,8.1,23.1,0.0,5.4,1025.5,1.0,0.0,0.0,2.0,2.0,0.0,0.0,1.1428571428571428,0.8997354108424392,2.0,0.8571428571428571,0.8644378215075703,2.0,0.8666666666666667,1.0080138659874613,4.0
2023-12-08,14.4,8.0,21.0,0.0,7.0,1024.3,3.0,1.0,0.0,0.0,2.0,1.0,0.0,1.2857142857142858,1.1126972805283752,3.0,1.0,1.0377490433255447,3.0,0.9666666666666667,1.0661996103898188,4.0
2023-12-09,14.8,7.8,22.4,0.0,5.1,1023.7,2.0,3.0,1.0,0.0,1.0,0.0,2.0,1.4285714285714286,1.1338934190276835,3.0,1.1428571428571428,1.027105182026194,3.0,0.9666666666666667,1.0661996103898188,4.0
2023-12-10,14.6,8.0,22.3,0.0,5.5,1025.1,1.0,2.0,3.0,1.0,2.0,1.0,2.0,1.2857142857142858,1.1126972805283752,3.0,1.1428571428571428,1.027105182026194,3.0,0.9333333333333333,1.0482607379429236,4.0
2023-12-11,14.4,6.6,22.0,0.0,4.8,1024.1,0.0,1.0,2.0,3.0,2.0,0.0,0.0,1.0,1.1547005383792528,3.0,1.1428571428571428,1.027105182026194,3.0,0.9333333333333333,1.0482607379429236,4.0
2023-12-12,15.0,8.2,22.0,0.0,5.3,1023.2,0.0,0.0,1.0,2.0,0.0,0.0,1.0,1.0,1.1547005383792528,3.0,1.1428571428571428,1.027105182026194,3.0,0.9,1.0618786215460554,4.0
2023-12-13,14.6,9.0,19.0,0.2,11.3,1023.4,2.0,0.0,0.0,1.0,0.0,0.0,1.0,1.2857142857142858,1.1126972805283752,3.0,1.2857142857142858,0.9944903161976968,3.0,0.9333333333333333,1.080655399261958,4.0
2023-12-14,14.6,10.0,20.4,0.0,11.2,1025.7,2.0,2.0,0.0,0.0,1.0,2.0,1.0,1.4285714285714286,1.1338934190276835,3.0,1.2857142857142858,0.9944903161976968,3.0,0.9666666666666667,1.0980651740387637,4.0
2023-12-15,14.1,8.0,20.6,0.0,9.8,1026.9,1.0,2.0,2.0,0.0,3.0,2.0,0.0,1.1428571428571428,0.8997354108424391,2.0,1.2142857142857142,0.9749612559222324,3.0,1.0,1.082780584007419,4.0
2023-12-16,12.8,7.0,20.4,0.0,12.1,1027.4,1.0,1.0,2.0,2.0,2.0,1.0,4.0,1.0,0.8164965809277278,2.0,1.2142857142857142,0.9749612559222324,3.0,0.9,0.9228890171255877,3.0
2023-12-17,12.1,3.2,20.9,0.0,10.7,1026.3,1.0,1.0,1.0,2.0,1.0,2.0,0.0,1.0,0.8164965809277278,2.0,1.1428571428571428,0.9492622930986501,3.0,0.9333333333333333,0.9071871393197355,3.0
2023-12-18,12.1,2.7,21.6,0.0,5.7,1024.5,0.0,1.0,1.0,1.0,0.0,2.0,0.0,1.0,0.8164965809277278,2.0,1.0,0.9607689228305262,3.0,0.9333333333333333,0.9071871393197355,3.0
2023-12-19,12.7,4.4,20.3,0.0,6.0,1023.6,0.0,0.0,1.0,1.0,0.0,0.0,0.0,1.0,0.8164965809277278,2.0,1.0,0.9607689228305262,3.0,0.9333333333333333,0.9071871393197355,3.0
2023-12-20,14.4,9.0,21.0,0.0,8.8,1024.5,1.0,0.0,0.0,1.0,2.0,0.0,1.0,0.8571428571428571,0.690065559342356,2.0,1.0714285714285714,0.9168747682531934,3.0,0.9333333333333333,0.9071871393197355,3.0
2023-12-21,14.8,7.2,21.0,0.0,12.6,1025.2,0.0,1.0,0.0,0.0,2.0,1.0,0.0,0.5714285714285714,0.5345224838248502,1.0,1.0,0.9607689228305262,3.0,0.9333333333333333,0.9071871393197355,3.0
2023-12-22,15.9,10.9,22.0,0.0,12.7,1025.6,2.0,0.0,1.0,0.0,1.0,3.0,2.0,0.7142857142857143,0.7559289460184557,2.0,0.9285714285714286,0.8287419301647487,2.0,0.9333333333333333,0.9071871393197355,3.0
2023-12-23,15.8,11.0,21.0,0.0,10.6,1025.7,0.0,2.0,0.0,1.0,1.0,2.0,0.0,0.5714285714285714,0.7867957924694442,2.0,0.7857142857142857,0.8017837257372773,2.0,0.9333333333333333,0.9071871393197355,3.0
2023-12-24,15.8,10.6,21.1,0.0,9.8,1026.2,0.0,0.0,2.0,0.0,1.0,1.0,1.0,0.42857142857142855,0.786795792469444,2.0,0.7142857142857143,0.8254203058555613,2.0,0.9,0.9228890171255876,3.0
2023-12-25,16.2,10.0,23.0,0.0,10.6,1026.2,0.0,0.0,0.0,2.0,0.0,0.0,0.0,0.42857142857142855,0.786795792469444,2.0,0.7142857142857143,0.8254203058555613,2.0,0.9,0.9228890171255876,3.0
2023-12-26,16.1,9.3,23.5,0.0,7.5,1025.8,4.0,0.0,0.0,0.0,0.0,0.0,1.0,1.0,1.5275252316519476,4.0,1.0,1.1766968108291067,4.0,1.0,1.0827805840074187,4.0
2023-12-27,15.1,7.7,22.6,0.0,5.5,1026.3,0.0,4.0,0.0,0.0,1.0,2.0,0.0,0.8571428571428571,1.573591584938887,4.0,0.8571428571428571,1.1673205911990796,4.0,1.0,1.0827805840074187,4.0
2023-12-28,15.3,8.6,21.4,0.0,12.2,1026.1,1.0,0.0,4.0,0.0,0.0,2.0,0.0,1.0,1.5275252316519476,4.0,0.7857142857142857,1.1217137594956053,4.0,1.0333333333333334,1.0661996103898186,4.0
2023-12-29,16.1,12.4,21.8,0.0,14.9,1025.3,1.0,1.0,0.0,4.0,2.0,1.0,0.0,0.8571428571428571,1.4638501094228005,4.0,0.7857142857142857,1.1217137594956053,4.0,1.0666666666666667,1.0482607379429234,4.0
2023-12-30,14.9,10.0,20.0,0.0,10.7,1025.4,2.0,1.0,1.0,0.0,0.0,1.0,2.0,1.1428571428571428,1.463850109422801,4.0,0.8571428571428571,1.1673205911990796,4.0,1.0666666666666667,1.0482607379429234,4.0
2023-12-31,14.1,7.9,20.0,0.0,9.2,1025.1,0.0,2.0,1.0,1.0,0.0,1.0,2.0,1.1428571428571428,1.463850109422801,4.0,0.7857142857142857,1.1883130530663704,4.0,1.0,1.05045146287778,4.0
2024-01-01,14.4,9.0,20.0,0.0,9.4,1026.0,1.0,0.0,2.0,1.0,0.0,0.0,1.0,1.2857142857142858,1.3801311186847098,4.0,0.8571428571428571,1.1673205911990796,4.0,1.0,1.05045146287778,4.0
2024-01-02,14.3,8.0,18.4,0.0,10.9,1026.2,0.0,1.0,0.0,2.0,4.0,0.0,2.0,0.7142857142857143,0.7559289460184558,2.0,0.8571428571428571,1.1673205911990796,4.0,0.9333333333333333,1.0482607379429234,4.0
2024-01-03,14.6,11.0,19.0,0.0,11.5,1024.5,1.0,0.0,1.0,0.0,0.0,1.0,2.0,0.8571428571428571,0.690065559342356,2.0,0.8571428571428571,1.1673205911990796,4.0,0.9,1.0288929437289243,4.0
2024-01-04,13.9,9.0,19.0,0.0,7.3,1024.8,1.0,1.0,0.0,1.0,1.0,0.0,0.0,0.8571428571428571,0.690065559342356,2.0,0.9285714285714286,1.1411388181101405,4.0,0.9333333333333333,1.014832526809849,4.0
2024-01-05,13.9,10.0,18.0,0.0,10.8,1025.0,0.0,1.0,1.0,0.0,1.0,2.0,0.0,0.7142857142857143,0.7559289460184558,2.0,0.7857142857142857,1.1217137594956053,4.0,0.9333333333333333,1.014832526809849,4.0
2024-01-06,13.6,7.0,19.0,0.0,6.9,1026.3,1.0,0.0,1.0,1.0,2.0,0.0,1.0,0.5714285714285714,0.5345224838248503,1.0,0.8571428571428571,1.0994504121565534,4.0,0.9333333333333333,1.014832526809849,4.0
2024-01-07,14.8,9.0,20.7,0.0,4.5,1025.8,0.0,1.0,0.0,1.0,0.0,0.0,3.0,0.5714285714285714,0.5345224838248503,1.0,0.8571428571428571,1.0994504121565534,4.0,0.8333333333333334,0.9498941259817915,4.0
2024-01-08,13.5,8.7,20.0,0.0,12.7,1026.4,0.0,0.0,1.0,0.0,1.0,0.0,2.0,0.42857142857142855,0.53452248382485,1.0,0.8571428571428571,1.0994504121565534,4.0,0.7666666666666667,0.9352607356658141,4.0
2024-01-09,12.6,6.0,21.7,0.0,9.0,1025.2,0.0,0.0,0.0,1.0,0.0,4.0,1.0,0.42857142857142855,0.53452248382485,1.0,0.5714285714285714,0.6462061726588691,2.0,0.7333333333333333,0.9444331755018481,4.0
2024-01-10,12.7,5.0,19.5,0.0,6.6,1024.5,1.0,0.0,0.0,0.0,1.0,0.0,0.0,0.42857142857142855,0.53452248382485,1.0,0.6428571428571429,0.6333236937766561,2.0,0.7666666666666667,0.9352607356658141,4.0
2024-01-11,13.3,5.2,22.1,0.0,5.0,1023.5,3.0,1.0,0.0,0.0,1.0,1.0,0.0,0.7142857142857143,1.1126972805283746,3.0,0.7857142857142857,0.8925823753039844,3.0,0.8666666666666667,1.0080138659874611,4.0
2024-01-12,13.7,7.7,19.6,0.0,8.1,1023.1,0.0,3.0,1.0,0.0,0.0,1.0,2.0,0.7142857142857143,1.1126972805283746,3.0,0.7142857142857143,0.9138735334633789,3.0,0.8,0.996545758244879,4.0
2024-01-13,14.2,9.7,19.6,0.0,9.8,1023.5,0.0,0.0,3.0,1.0,1.0,2.0,2.0,0.5714285714285714,1.1338934190276826,3.0,0.5714285714285714,0.8516306272526439,3.0,0.7333333333333333,0.9802650357071214,4.0
2024-01-14,15.2,10.4,20.2,0.0,13.9,1024.2,0.0,0.0,0.0,3.0,0.0,0.0,1.0,0.5714285714285714,1.1338934190276826,3.0,0.5714285714285714,0.8516306272526439,3.0,0.7,0.987857312047401,4.0
2024-01-15,15.6,8.4,23.0,0.0,6.9,1026.2,1.0,0.0,0.0,0.0,0.0,1.0,1.0,0.7142857142857143,1.1126972805283746,3.0,0.5714285714285714,0.8516306272526439,3.0,0.7,0.987857312047401,4.0
2024-01-16,15.8,10.4,22.0,0.0,8.6,1026.7,1.0,1.0,0.0,0.0,0.0,0.0,1.0,0.8571428571428571,1.0690449676496987,3.0,0.6428571428571429,0.8418973861410992,3.0,0.7,0.987857312047401,4.0
2024-01-17,15.2,12.0,20.0,0.0,13.8,1024.3,1.0,1.0,1.0,0.0,1.0,1.0,0.0,0.8571428571428571,1.0690449676496987,3.0,0.6428571428571429,0.8418973861410992,3.0,0.7333333333333333,0.9802650357071214,4.0
2024-01-18,14.6,12.0,18.0,0.5,15.4,1025.0,0.0,1.0,1.0,1.0,3.0,1.0,0.0,0.42857142857142855,0.5345224838248501,1.0,0.5714285714285714,0.8516306272526439,3.0,0.7333333333333333,0.9802650357071214,4.0
2024-01-19,14.4,9.6,19.1,0.1,10.2,1025.0,1.0,0.0,1.0,1.0,0.0,0.0,1.0,0.5714285714285714,0.5345224838248505,1.0,0.6428571428571429,0.8418973861410992,3.0,0.7333333333333333,0.9802650357071214,4.0
2024-01-20,13.7,12.0,18.9,1.3,10.7,1026.2,4.0,1.0,0.0,1.0,0.0,1.0,0.0,1.1428571428571428,1.3451854182690999,4.0,0.8571428571428571,1.2314558524297665,4.0,0.8666666666666667,1.1366415543118704,4.0
2024-01-21,14.4,8.0,21.0,0.0,7.8,1026.8,0.0,4.0,1.0,0.0,0.0,0.0,2.0,1.1428571428571428,1.3451854182690999,4.0,0.8571428571428571,1.2314558524297665,4.0,0.8,1.1264836959500915,4.0
2024-01-22,14.6,8.0,21.6,0.0,6.2,1027.2,0.0,0.0,4.0,1.0,1.0,0.0,0.0,1.0,1.4142135623730963,4.0,0.8571428571428571,1.2314558524297665,4.0,0.8,1.1264836959500915,4.0
2024-01-23,16.1,8.1,23.5,0.0,4.9,1027.2,1.0,0.0,0.0,4.0,1.0,0.0,0.0,1.0,1.4142135623730963,4.0,0.9285714285714286,1.2066664642907592,4.0,0.8333333333333334,1.1167481527997296,4.0
2024-01-24,16.1,9.0,23.0,0.0,4.8,1026.4,1.0,1.0,0.0,0.0,1.0,1.0,0.0,1.0,1.4142135623730963,4.0,0.9285714285714286,1.2066664642907592,4.0,0.8666666666666667,1.105888107245541,4.0
2024-01-25,15.5,10.0,21.0,0.0,9.3,1025.3,2.0,1.0,1.0,0.0,0.0,3.0,4.0,1.2857142857142858,1.3801311186847098,4.0,0.8571428571428571,1.0994504121565531,4.0,0.8,0.9613209303008448,4.0
2024-01-26,14.2,11.5,17.3,0.2,17.2,1024.4,2.0,2.0,1.0,1.0,1.0,0.0,0.0,1.4285714285714286,1.3972762620115453,4.0,1.0,1.109400392450461,4.0,0.8666666666666667,0.973204211243256,4.0
2024-01-27,15.1,12.0,18.2,0.1,16.7,1025.5,1.0,2.0,2.0,1.0,4.0,0.0,1.0,1.0,0.8164965809277278,2.0,1.0714285714285714,1.0716117059605377,4.0,0.8666666666666667,0.973204211243256,4.0
2024-01-28,14.9,11.8,19.1,0.0,13.0,1025.2,0.0,1.0,2.0,2.0,0.0,0.0,1.0,1.0,0.8164965809277278,2.0,1.0714285714285714,1.0716117059605377,4.0,0.8333333333333334,0.9855274566525739,4.0
2024-01-29,15.0,13.0,19.0,0.0,20.4,1025.2,1.0,0.0,1.0,2.0,0.0,1.0,2.0,1.1428571428571428,0.6900655593423566,2.0,1.0714285714285714,1.0716117059605377,4.0,0.8,0.9613209303008448,4.0
2024-01-30,15.4,13.0,19.0,0.1,23.1,1026.0,3.0,1.0,0.0,1.0,1.0,1.0,0.0,1.4285714285714286,0.9759000729485353,3.0,1.2142857142857142,1.18831305306637,4.0,0.9,1.0288929437289243,4.0
2024-01-31,15.7,12.6,20.7,0.0,20.5,1026.5,2.0,3.0,1.0,0.0,1.0,1.0,1.0,1.5714285714285714,0.9759000729485355,3.0,1.2857142857142858,1.2043875831929918,4.0,0.9333333333333333,1.0482607379429234,4.0
2024-02-01,15.1,12.9,20.0,0.0,21.4,1025.8,1.0,2.0,3.0,1.0,2.0,0.0,0.0,1.4285714285714286,0.9759000729485353,3.0,1.3571428571428572,1.1507283885330324,4.0,0.9666666666666667,1.0333518722845678,4.0
2024-02-02,14.7,12.0,18.5,0.0,25.6,1025.2,1.0,1.0,2.0,3.0,2.0,1.0,1.0,1.2857142857142858,0.9511897312113438,3.0,1.3571428571428572,1.1507283885330324,4.0,0.9666666666666667,1.0333518722845678,4.0
2024-02-03,14.7,12.0,19.5,0.0,18.5,1025.2,0.0,1.0,1.0,2.0,1.0,4.0,1.0,1.1428571428571428,1.0690449676496991,3.0,1.0714285714285714,0.916874768253193,3.0,0.9333333333333333,1.0482607379429234,4.0
2024-02-04,14.9,12.0,19.0,0.0,17.8,1026.7,0.0,0.0,1.0,1.0,0.0,0.0,0.0,1.1428571428571428,1.0690449676496991,3.0,1.0714285714285714,0.916874768253193,3.0,0.9333333333333333,1.0482607379429234,4.0
2024-02-05,15.1,12.7,19.0,0.0,23.5,1025.2,2.0,0.0,0.0,1.0,1.0,0.0,1.0,1.2857142857142858,1.1126972805283752,3.0,1.2142857142857142,0.892582375303984,3.0,0.9666666666666667,1.0661996103898186,4.0
2024-02-06,14.8,12.0,18.0,0.0,18.3,1027.1,0.0,2.0,0.0,0.0,3.0,1.0,0.0,0.8571428571428571,0.8997354108424386,2.0,1.1428571428571428,0.9492622930986496,3.0,0.9666666666666667,1.0661996103898186,4.0
2024-02-07,14.9,12.7,19.5,0.0,18.0,1026.0,0.0,0.0,2.0,0.0,2.0,1.0,0.0,0.5714285714285714,0.786795792469444,2.0,1.0714285714285714,0.9972489631508774,3.0,0.9666666666666667,1.0661996103898186,4.0
2024-02-08,14.7,13.0,18.4,0.8,18.8,1026.0,0.0,0.0,0.0,2.0,1.0,2.0,0.0,0.42857142857142855,0.7867957924694435,2.0,0.9285714285714286,0.9972489631508775,3.0,0.9666666666666667,1.0661996103898186,4.0
2024-02-09,15.4,12.9,19.1,0.0,19.2,1025.3,1.0,0.0,0.0,0.0,1.0,2.0,1.0,0.42857142857142855,0.7867957924694435,2.0,0.8571428571428571,0.9492622930986497,3.0,0.9666666666666667,1.0661996103898186,4.0
2024-02-10,15.1,13.0,18.4,0.3,21.5,1024.6,2.0,1.0,0.0,0.0,0.0,1.0,3.0,0.7142857142857143,0.9511897312113428,2.0,0.9285714285714286,0.9972489631508775,3.0,0.9333333333333333,1.0148325268098493,4.0
2024-02-11,13.3,12.0,14.0,1.8,15.5,1025.5,1.0,2.0,1.0,0.0,0.0,0.0,0.0,0.8571428571428571,0.8997354108424387,2.0,1.0,0.9607689228305257,3.0,0.9666666666666667,0.9994251221140293,4.0
2024-02-12,14.2,10.0,19.0,0.0,9.2,1025.1,0.0,1.0,2.0,1.0,2.0,1.0,0.0,0.5714285714285714,0.786795792469444,2.0,0.9285714285714286,0.9972489631508775,3.0,0.9666666666666667,0.9994251221140293,4.0
2024-02-13,15.8,12.6,19.6,0.3,18.1,1023.9,1.0,0.0,1.0,2.0,0.0,3.0,0.0,0.7142857142857143,0.7559289460184556,2.0,0.7857142857142857,0.8017837257372769,2.0,1.0,0.9826073688810344,4.0
2024-02-14,16.6,13.0,21.0,0.2,18.4,1023.2,1.0,1.0,0.0,1.0,0.0,2.0,1.0,0.8571428571428571,0.6900655593423558,2.0,0.7142857142857143,0.7262730392025669,2.0,1.0,0.9826073688810344,4.0
2024-02-15,17.0,14.0,20.0,0.5,17.9,1024.1,1.0,1.0,1.0,0.0,0.0,1.0,1.0,1.0,0.5773502691896282,2.0,0.7142857142857143,0.7262730392025669,2.0,1.0,0.9826073688810344,4.0
2024-02-16,16.5,14.0,21.0,0.2,16.4,1026.8,2.0,1.0,1.0,1.0,1.0,1.0,1.0,1.1428571428571428,0.6900655593423567,2.0,0.7857142857142857,0.8017837257372769,2.0,1.0333333333333334,0.9994251221140293,4.0
2024-02-17,16.6,11.4,22.2,0.0,9.6,1027.2,1.0,2.0,1.0,1.0,2.0,0.0,0.0,1.0,0.5773502691896282,2.0,0.8571428571428571,0.770328886519647,2.0,1.0666666666666667,0.9802650357071212,4.0
2024-02-18,17.1,11.5,23.0,0.0,7.0,1025.6,0.0,1.0,2.0,1.0,1.0,0.0,1.0,0.8571428571428571,0.6900655593423558,2.0,0.8571428571428571,0.7703288865196471,2.0,1.0333333333333334,0.9994251221140293,4.0
2024-02-19,16.1,11.5,21.8,0.0,13.8,1023.4,1.0,0.0,1.0,2.0,0.0,2.0,4.0,1.0,0.5773502691896282,2.0,0.7857142857142857,0.6992932067530722,2.0,0.9333333333333333,0.8276819867946666,3.0
2024-02-20,16.0,12.0,20.4,0.0,13.5,1024.3,0.0,1.0,0.0,1.0,1.0,0.0,0.0,0.8571428571428571,0.6900655593423558,2.0,0.7857142857142857,0.6992932067530722,2.0,0.9333333333333333,0.8276819867946666,3.0
2024-02-21,17.1,10.0,22.6,0.0,10.3,1025.1,2.0,0.0,1.0,0.0,1.0,0.0,0.0,1.0,0.8164965809277278,2.0,0.9285714285714286,0.7300459115473757,2.0,1.0,0.830454798537399,3.0
2024-02-22,17.7,11.0,23.6,0.0,11.8,1025.5,0.0,2.0,0.0,1.0,1.0,0.0,1.0,0.8571428571428571,0.8997354108424387,2.0,0.9285714285714286,0.7300459115473757,2.0,0.9666666666666667,0.8502873077655136,3.0
2024-02-23,18.6,11.3,26.2,0.0,8.3,1025.5,0.0,0.0,2.0,0.0,2.0,1.0,1.0,0.5714285714285714,0.786795792469444,2.0,0.8571428571428571,0.7703288865196471,2.0,0.9333333333333333,0.8683449709106088,3.0
2024-02-24,18.3,12.2,24.0,0.0,10.8,1026.5,1.0,0.0,0.0,2.0,1.0,2.0,2.0,0.5714285714285714,0.786795792469444,2.0,0.7857142857142857,0.6992932067530722,2.0,0.9,0.8448627719625683,3.0
2024-02-25,18.7,14.0,23.0,0.0,15.7,1024.0,1.0,1.0,0.0,0.0,0.0,1.0,2.0,0.7142857142857143,0.7559289460184556,2.0,0.7857142857142857,0.6992932067530722,2.0,0.8666666666666667,0.8193072487266855,3.0
2024-02-26,17.8,13.6,22.0,0.0,16.0,1021.6,1.0,1.0,1.0,0.0,1.0,0.0,1.0,0.7142857142857143,0.7559289460184556,2.0,0.8571428571428571,0.6629935441318003,2.0,0.8666666666666667,0.8193072487266855,3.0
2024-02-27,16.3,13.4,20.0,0.0,18.5,1021.9,0.0,1.0,1.0,1.0,0.0,1.0,0.0,0.7142857142857143,0.7559289460184555,2.0,0.7857142857142857,0.6992932067530722,2.0,0.8666666666666667,0.8193072487266855,3.0
2024-02-28,15.6,11.5,21.0,0.0,11.7,1022.7,0.0,0.0,1.0,1.0,2.0,1.0,1.0,0.42857142857142855,0.5345224838248493,1.0,0.7142857142857143,0.726273039202567,2.0,0.8333333333333334,0.8339078479367932,3.0
2024-02-29,16.4,10.0,22.4,0.0,9.3,1022.6,0.0,0.0,0.0,1.0,0.0,1.0,3.0,0.42857142857142855,0.5345224838248493,1.0,0.6428571428571429,0.7449463436684961,2.0,0.7333333333333333,0.7396799556440665,2.0
2024-03-01,17.2,12.9,22.3,0.1,12.7,1022.8,0.0,0.0,0.0,0.0,0.0,2.0,2.0,0.42857142857142855,0.5345224838248493,1.0,0.5,0.6504436355879956,2.0,0.6666666666666666,0.7111590022187588,2.0
2024-03-02,17.6,14.0,22.0,0.0,15.3,1024.4,0.0,0.0,0.0,0.0,1.0,1.0,1.0,0.2857142857142857,0.48795003647426666,1.0,0.42857142857142855,0.6462061726588688,2.0,0.6333333333333333,0.7183954022841373,2.0
2024-03-03,17.0,14.8,21.0,0.2,11.7,1023.0,0.0,0.0,0.0,0.0,1.0,0.0,1.0,0.14285714285714285,0.3779644730092266,1.0,0.42857142857142855,0.6462061726588688,2.0,0.6,0.7239737088005903,2.0
2024-03-04,17.1,13.4,22.4,0.0,16.8,1022.4,0.0,0.0,0.0,0.0,1.0,1.0,0.0,0.0,0.0,0.0,0.35714285714285715,0.6333236937766559,2.0,0.6,0.7239737088005903,2.0
2024-03-05,17.9,13.2,22.8,0.0,18.8,1023.6,1.0,0.0,0.0,0.0,0.0,0.0,0.0,0.14285714285714285,0.3779644730092266,1.0,0.42857142857142855,0.6462061726588688,2.0,0.6333333333333333,0.7183954022841373,2.0
2024-03-06,17.0,15.0,18.8,0.1,18.2,1022.8,0.0,1.0,0.0,0.0,0.0,2.0,2.0,0.14285714285714285,0.3779644730092266,1.0,0.2857142857142857,0.46880723093850213,1.0,0.5666666666666667,0.6789105539243622,2.0
2024-03-07,17.3,14.0,21.1,1.2,19.4,1021.4,2.0,0.0,1.0,0.0,0.0,0.0,0.0,0.42857142857142855,0.7867957924694435,2.0,0.42857142857142855,0.6462061726588688,2.0,0.6333333333333333,0.7183954022841375,2.0
2024-03-08,16.1,13.8,20.0,0.8,17.0,1019.4,1.0,2.0,0.0,1.0,0.0,0.0,0.0,0.5714285714285714,0.7867957924694439,2.0,0.5,0.6504436355879956,2.0,0.6666666666666666,0.7111590022187589,2.0
2024-03-09,17.5,14.6,23.0,0.4,20.2,1020.5,0.0,1.0,2.0,0.0,0.0,1.0,0.0,0.5714285714285714,0.7867957924694439,2.0,0.42857142857142855,0.6462061726588688,2.0,0.6666666666666666,0.7111590022187589,2.0
2024-03-10,18.0,11.9,24.0,0.0,10.9,1022.6,0.0,0.0,1.0,2.0,0.0,1.0,1.0,0.5714285714285714,0.7867957924694439,2.0,0.35714285714285715,0.6333236937766559,2.0,0.6333333333333333,0.7183954022841375,2.0
2024-03-11,17.3,15.0,22.7,2.4,10.9,1022.2,0.0,0.0,0.0,1.0,0.0,1.0,2.0,0.5714285714285714,0.7867957924694439,2.0,0.2857142857142857,0.6112498455021318,2.0,0.5666666666666667,0.6789105539243622,2.0
2024-03-12,18.1,12.2,26.0,0.0,7.9,1025.3,0.0,0.0,0.0,0.0,1.0,0.0,1.0,0.42857142857142855,0.7867957924694435,2.0,0.2857142857142857,0.6112498455021318,2.0,0.5333333333333333,0.6814453874610592,2.0
2024-03-13,19.0,12.5,25.0,1.3,8.6,1023.7,1.0,0.0,0.0,0.0,0.0,0.0,0.0,0.5714285714285714,0.7867957924694439,2.0,0.35714285714285715,0.6333236937766559,2.0,0.5666666666666667,0.6789105539243622,2.0
2024-03-14,20.2,15.2,26.0,0.0,12.5,1026.9,0.0,1.0,0.0,0.0,2.0,0.0,1.0,0.2857142857142857,0.48795003647426666,1.0,0.35714285714285715,0.6333236937766559,2.0,0.5333333333333333,0.6814453874610592,2.0
2024-03-15,20.2,13.8,26.7,0.0,8.8,1020.6,1.0,0.0,1.0,0.0,1.0,0.0,1.0,0.2857142857142857,0.48795003647426666,1.0,0.42857142857142855,0.6462061726588688,2.0,0.5333333333333333,0.6814453874610592,2.0
2024-03-16,20.6,15.2,26.9,0.0,10.6,1023.2,1.0,1.0,0.0,1.0,0.0,0.0,1.0,0.42857142857142855,0.5345224838248493,1.0,0.5,0.6504436355879956,2.0,0.5333333333333333,0.6814453874610592,2.0
2024-03-17,20.3,16.6,26.6,2.3,12.2,1025.9,0.0,1.0,1.0,0.0,0.0,0.0,2.0,0.42857142857142855,0.5345224838248493,1.0,0.5,0.6504436355879956,2.0,0.4666666666666667,0.6288102248298559,2.0
2024-03-18,20.1,15.0,25.2,0.0,12.6,1023.9,0.0,0.0,1.0,1.0,0.0,0.0,1.0,0.42857142857142855,0.5345224838248493,1.0,0.5,0.6504436355879956,2.0,0.43333333333333335,0.6260623155792919,2.0
2024-03-19,19.9,17.0,24.0,0.0,12.1,1022.9,1.0,0.0,0.0,1.0,0.0,1.0,0.0,0.5714285714285714,0.5345224838248498,1.0,0.5,0.6504436355879956,2.0,0.4666666666666667,0.6288102248298559,2.0
2024-03-20,19.7,15.5,24.4,1.3,10.8,1024.2,0.0,1.0,0.0,0.0,1.0,0.0,1.0,0.42857142857142855,0.5345224838248493,1.0,0.5,0.6504436355879956,2.0,0.43333333333333335,0.6260623155792919,2.0
2024-03-21,19.7,15.0,24.0,0.0,10.6,1021.8,0.0,0.0,1.0,0.0,0.0,2.0,0.0,0.42857142857142855,0.5345224838248493,1.0,0.35714285714285715,0.49724515809885317,1.0,0.43333333333333335,0.6260623155792919,2.0
2024-03-22,19.1,16.7,24.5,0.5,17.0,1020.9,0.0,0.0,0.0,1.0,1.0,1.0,2.0,0.2857142857142857,0.48795003647426666,1.0,0.2857142857142857,0.46880723093850213,1.0,0.36666666666666664,0.5560534167675348,2.0
2024-03-23,19.2,14.5,24.0,0.0,16.1,1020.4,0.0,0.0,0.0,0.0,1.0,0.0,0.0,0.14285714285714285,0.37796447300922664,1.0,0.2857142857142857,0.46880723093850213,1.0,0.36666666666666664,0.5560534167675348,2.0
2024-03-24,18.2,16.0,22.7,0.9,20.6,1019.4,1.0,0.0,0.0,0.0,0.0,0.0,0.0,0.2857142857142857,0.48795003647426666,1.0,0.35714285714285715,0.49724515809885317,1.0,0.4,0.5632418479750453,2.0
2024-03-25,15.7,14.0,19.2,2.0,17.9,1022.0,3.0,1.0,0.0,0.0,0.0,0.0,1.0,0.7142857142857143,1.1126972805283744,3.0,0.5714285714285714,0.8516306272526437,3.0,0.4666666666666667,0.730296743340221,3.0
2024-03-26,15.8,13.0,20.0,0.3,18.3,1022.7,1.0,3.0,1.0,0.0,1.0,0.0,1.0,0.7142857142857143,1.1126972805283744,3.0,0.6428571428571429,0.8418973861410991,3.0,0.4666666666666667,0.730296743340221,3.0
2024-03-27,16.7,10.3,21.4,0.4,14.0,1025.5,0.0,1.0,3.0,1.0,0.0,1.0,1.0,0.7142857142857143,1.1126972805283744,3.0,0.5714285714285714,0.8516306272526437,3.0,0.43333333333333335,0.7279320417946057,3.0
2024-03-28,18.0,14.0,23.0,0.0,15.2,1026.0,0.0,0.0,1.0,3.0,0.0,0.0,0.0,0.7142857142857143,1.1126972805283744,3.0,0.5714285714285714,0.8516306272526437,3.0,0.43333333333333335,0.7279320417946057,3.0
2024-03-29,17.9,15.0,23.0,0.0,15.4,1023.3,0.0,0.0,0.0,1.0,0.0,1.0,0.0,0.7142857142857143,1.1126972805283744,3.0,0.5,0.854850414265114,3.0,0.43333333333333335,0.7279320417946057,3.0
2024-03-30,18.0,16.0,21.0,1.3,18.3,1022.5,0.0,0.0,0.0,0.0,0.0,1.0,0.0,0.7142857142857143,1.1126972805283744,3.0,0.42857142857142855,0.8516306272526439,3.0,0.43333333333333335,0.7279320417946057,3.0
2024-03-31,15.1,12.0,17.0,2.0,19.0,1024.0,0.0,0.0,0.0,0.0,1.0,0.0,0.0,0.5714285714285714,1.1338934190276821,3.0,0.42857142857142855,0.8516306272526439,3.0,0.43333333333333335,0.7279320417946057,3.0
2024-04-01,16.3,11.0,20.4,1.5,14.9,1023.5,0.0,0.0,0.0,0.0,3.0,0.0,0.0,0.14285714285714285,0.37796447300922664,1.0,0.42857142857142855,0.8516306272526439,3.0,0.43333333333333335,0.7279320417946057,3.0
2024-04-02,15.9,13.0,20.0,2.0,14.6,1021.9,1.0,0.0,0.0,0.0,1.0,1.0,0.0,0.14285714285714285,0.37796447300922664,1.0,0.42857142857142855,0.8516306272526439,3.0,0.4666666666666667,0.730296743340221,3.0
2024-04-03,16.9,11.4,21.4,1.1,13.9,1022.7,1.0,1.0,0.0,0.0,0.0,0.0,0.0,0.2857142857142857,0.4879500364742667,1.0,0.5,0.854850414265114,3.0,0.5,0.7310832774866957,3.0
2024-04-04,17.0,12.4,21.0,0.8,8.1,1024.6,1.0,1.0,1.0,0.0,0.0,0.0,1.0,0.42857142857142855,0.5345224838248493,1.0,0.5714285714285714,0.8516306272526437,3.0,0.5,0.7310832774866957,3.0
2024-04-05,18.1,12.5,23.1,0.0,10.2,1025.2,0.0,1.0,1.0,1.0,0.0,0.0,0.0,0.42857142857142855,0.5345224838248493,1.0,0.5714285714285714,0.8516306272526437,3.0,0.5,0.7310832774866957,3.0
2024-04-06,18.7,14.0,24.0,0.0,9.7,1024.1,0.0,0.0,1.0,1.0,0.0,0.0,2.0,0.42857142857142855,0.5345224838248493,1.0,0.5714285714285714,0.8516306272526437,3.0,0.43333333333333335,0.6789105539243623,3.0
2024-04-07,19.7,15.0,23.8,0.2,14.7,1022.2,0.0,0.0,0.0,1.0,0.0,1.0,1.0,0.42857142857142855,0.5345224838248493,1.0,0.5,0.854850414265114,3.0,0.4,0.6746646676632049,3.0
2024-04-08,19.9,17.0,24.9,0.2,17.7,1022.2,1.0,0.0,0.0,0.0,0.0,3.0,0.0,0.5714285714285714,0.5345224838248499,1.0,0.35714285714285715,0.4972451580988533,1.0,0.43333333333333335,0.6789105539243623,3.0
2024-04-09,19.9,16.2,24.0,0.0,13.4,1023.0,0.0,1.0,0.0,0.0,1.0,1.0,0.0,0.42857142857142855,0.5345224838248495,1.0,0.2857142857142857,0.4688072309385022,1.0,0.43333333333333335,0.6789105539243623,3.0
2024-04-10,19.6,16.0,24.0,0.0,8.7,1023.7,1.0,0.0,1.0,0.0,1.0,0.0,0.0,0.42857142857142855,0.5345224838248495,1.0,0.35714285714285715,0.4972451580988533,1.0,0.4666666666666667,0.6814453874610593,3.0
2024-04-11,20.1,16.1,24.0,0.0,14.4,1023.6,2.0,1.0,0.0,1.0,1.0,0.0,0.0,0.5714285714285714,0.786795792469444,2.0,0.5,0.6504436355879957,2.0,0.5333333333333333,0.730296743340221,3.0
2024-04-12,20.4,14.4,25.1,0.0,12.4,1022.8,1.0,2.0,1.0,0.0,0.0,0.0,1.0,0.7142857142857143,0.7559289460184556,2.0,0.5714285714285714,0.6462061726588689,2.0,0.5333333333333333,0.730296743340221,3.0
2024-04-13,20.1,16.6,25.0,0.0,23.0,1021.5,1.0,1.0,2.0,1.0,0.0,0.0,0.0,0.8571428571428571,0.6900655593423558,2.0,0.6428571428571429,0.6333236937766559,2.0,0.5666666666666667,0.7279320417946057,3.0
2024-04-14,19.7,16.5,24.1,1.1,20.7,1021.5,0.0,1.0,1.0,2.0,0.0,0.0,1.0,0.8571428571428571,0.6900655593423559,2.0,0.6428571428571429,0.6333236937766559,2.0,0.5333333333333333,0.730296743340221,3.0
2024-04-15,19.2,16.8,22.5,0.0,23.0,1021.2,0.0,0.0,1.0,1.0,1.0,0.0,1.0,0.7142857142857143,0.7559289460184557,2.0,0.6428571428571429,0.6333236937766559,2.0,0.5,0.7310832774866957,3.0
2024-04-16,19.0,15.0,27.1,0.0,18.8,1022.0,4.0,0.0,0.0,1.0,0.0,1.0,0.0,1.2857142857142858,1.3801311186847098,4.0,0.8571428571428571,1.0994504121565531,4.0,0.6333333333333333,0.9643054793328012,4.0
2024-04-17,19.1,12.6,25.6,0.0,8.8,1022.0,0.0,4.0,0.0,0.0,1.0,1.0,0.0,1.1428571428571428,1.463850109422801,4.0,0.7857142857142857,1.121713759495605,4.0,0.6333333333333333,0.9643054793328012,4.0
2024-04-18,19.8,12.7,24.7,0.0,11.6,1022.7,0.0,0.0,4.0,0.0,2.0,1.0,1.0,0.8571428571428571,1.4638501094228007,4.0,0.7142857142857143,1.1387288073563884,4.0,0.6,0.9684683962230042,4.0
2024-04-19,19.9,16.5,24.0,3.1,16.5,1021.2,0.0,0.0,0.0,4.0,1.0,0.0,0.0,0.7142857142857143,1.496026483086192,4.0,0.7142857142857143,1.1387288073563884,4.0,0.6,0.9684683962230042,4.0
2024-04-20,18.0,13.5,25.3,0.4,8.5,1022.0,0.0,0.0,0.0,0.0,1.0,0.0,0.0,0.5714285714285714,1.5118578920369095,4.0,0.7142857142857143,1.1387288073563884,4.0,0.6,0.9684683962230042,4.0
2024-04-21,18.0,14.2,24.0,0.2,10.7,1022.3,0.0,0.0,0.0,0.0,0.0,0.0,0.0,0.5714285714285714,1.5118578920369095,4.0,0.7142857142857143,1.1387288073563884,4.0,0.6,0.9684683962230042,4.0
2024-04-22,19.8,13.7,25.0,0.6,7.7,1023.5,0.0,0.0,0.0,0.0,0.0,1.0,0.0,0.5714285714285714,1.5118578920369095,4.0,0.6428571428571429,1.1507283885330328,4.0,0.6,0.9684683962230042,4.0
2024-04-23,21.6,14.1,27.1,0.0,12.5,1023.8,2.0,0.0,0.0,0.0,4.0,0.0,1.0,0.2857142857142857,0.755928946018455,2.0,0.7857142857142857,1.1883130530663704,4.0,0.6333333333333333,0.9994251221140295,4.0
2024-04-24,20.6,16.0,26.0,0.2,6.5,1022.3,1.0,2.0,0.0,0.0,0.0,1.0,3.0,0.42857142857142855,0.786795792469444,2.0,0.7857142857142857,1.1883130530663704,4.0,0.5666666666666667,0.8976341829703127,4.0
2024-04-25,20.8,16.0,26.0,0.5,9.9,1021.4,0.0,1.0,2.0,0.0,0.0,2.0,1.0,0.42857142857142855,0.786795792469444,2.0,0.6428571428571429,1.1507283885330328,4.0,0.5333333333333333,0.8995528902176069,4.0
2024-04-26,19.4,15.8,26.5,0.1,11.8,1021.4,0.0,0.0,1.0,2.0,0.0,1.0,0.0,0.42857142857142855,0.786795792469444,2.0,0.5714285714285714,1.1578684470436815,4.0,0.5333333333333333,0.8995528902176069,4.0
2024-04-27,17.2,13.6,24.1,0.4,9.7,1021.8,1.0,0.0,0.0,1.0,0.0,1.0,0.0,0.5714285714285714,0.7867957924694443,2.0,0.5714285714285714,1.1578684470436815,4.0,0.5666666666666667,0.8976341829703127,4.0
2024-04-28,17.3,12.9,25.1,0.0,6.6,1023.0,0.0,1.0,0.0,0.0,0.0,0.0,0.0,0.5714285714285714,0.7867957924694443,2.0,0.5714285714285714,1.1578684470436815,4.0,0.5666666666666667,0.8976341829703127,4.0
2024-04-29,19.4,13.0,24.5,0.0,14.2,1021.7,0.0,0.0,1.0,0.0,0.0,0.0,0.0,0.5714285714285714,0.7867957924694443,2.0,0.5714285714285714,1.1578684470436815,4.0,0.5666666666666667,0.8976341829703127,4.0
2024-04-30,19.9,16.0,24.2,0.6,9.8,1021.7,0.0,0.0,0.0,1.0,2.0,4.0,0.0,0.2857142857142857,0.48795003647426743,1.0,0.2857142857142857,0.6112498455021316,2.0,0.5666666666666667,0.8976341829703127,4.0
2024-05-01,17.8,15.7,22.0,1.9,13.4,1020.1,0.0,0.0,0.0,0.0,1.0,0.0,0.0,0.14285714285714285,0.37796447300922764,1.0,0.2857142857142857,0.6112498455021316,2.0,0.5666666666666667,0.8976341829703127,4.0
2024-05-02,18.2,16.0,21.6,1.1,17.1,1020.5,1.0,0.0,0.0,0.0,0.0,0.0,1.0,0.2857142857142857,0.48795003647426743,1.0,0.35714285714285715,0.6333236937766556,2.0,0.5666666666666667,0.8976341829703127,4.0
2024-05-03,18.6,12.8,24.1,0.0,14.1,1021.7,0.0,1.0,0.0,0.0,0.0,0.0,1.0,0.2857142857142857,0.48795003647426743,1.0,0.35714285714285715,0.6333236937766556,2.0,0.5333333333333333,0.8995528902176069,4.0
2024-05-04,18.8,13.0,24.5,0.0,11.0,1022.8,1.0,0.0,1.0,0.0,1.0,0.0,1.0,0.2857142857142857,0.48795003647426743,1.0,0.42857142857142855,0.6462061726588686,2.0,0.5333333333333333,0.8995528902176069,4.0
2024-05-05,20.1,13.0,26.0,0.0,10.3,1022.7,2.0,1.0,0.0,1.0,0.0,0.0,0.0,0.5714285714285714,0.7867957924694443,2.0,0.5714285714285714,0.7559289460184583,2.0,0.6,0.9321831993987976,4.0
2024-05-06,19.7,14.0,25.3,0.0,8.9,1023.7,1.0,2.0,1.0,0.0,0.0,0.0,0.0,0.7142857142857143,0.7559289460184561,2.0,0.6428571428571429,0.7449463436684959,2.0,0.6333333333333333,0.9278574999588483,4.0
2024-05-07,20.5,12.9,26.4,0.0,8.5,1024.3,0.0,1.0,2.0,1.0,0.0,2.0,0.0,0.7142857142857143,0.7559289460184561,2.0,0.5,0.6504436355879955,2.0,0.6333333333333333,0.9278574999588483,4.0
2024-05-08,20.5,13.0,27.0,0.0,10.7,1023.8,1.0,0.0,1.0,2.0,0.0,1.0,1.0,0.8571428571428571,0.6900655593423564,2.0,0.5,0.6504436355879955,2.0,0.6333333333333333,0.9278574999588483,4.0
2024-05-09,22.1,16.9,28.0,0.1,9.9,1023.1,1.0,1.0,0.0,1.0,1.0,0.0,0.0,0.8571428571428571,0.6900655593423564,2.0,0.5714285714285714,0.6462061726588686,2.0,0.6666666666666666,0.9222660747548276,4.0
2024-05-10,19.4,16.5,27.6,4.4,7.1,1024.5,2.0,1.0,1.0,0.0,0.0,0.0,1.0,1.1428571428571428,0.690065559342357,2.0,0.7142857142857143,0.7262730392025669,2.0,0.7,0.9523111632886264,4.0
2024-05-11,21.7,15.0,27.2,0.0,9.3,1026.0,1.0,2.0,1.0,1.0,1.0,1.0,2.0,1.1428571428571428,0.690065559342357,2.0,0.7142857142857143,0.7262730392025669,2.0,0.6666666666666666,0.9222660747548276,4.0
2024-05-12,23.0,17.0,29.0,0.0,5.7,1025.0,0.0,1.0,2.0,1.0,2.0,0.0,1.0,0.8571428571428571,0.6900655593423564,2.0,0.7142857142857143,0.7262730392025669,2.0,0.6333333333333333,0.9278574999588483,4.0
2024-05-13,22.2,17.4,28.3,0.0,7.5,1022.8,0.0,0.0,1.0,2.0,1.0,0.0,1.0,0.7142857142857143,0.7559289460184561,2.0,0.7142857142857143,0.7262730392025669,2.0,0.6,0.9321831993987976,4.0
2024-05-14,22.7,19.0,27.0,3.0,8.5,1022.4,0.0,0.0,0.0,1.0,0.0,0.0,0.0,0.7142857142857143,0.7559289460184561,2.0,0.7142857142857143,0.7262730392025669,2.0,0.6,0.9321831993987976,4.0
2024-05-15,22.8,17.5,28.0,3.8,9.1,1022.8,1.0,0.0,0.0,0.0,1.0,0.0,0.0,0.7142857142857143,0.7559289460184561,2.0,0.7857142857142857,0.699293206753072,2.0,0.6333333333333333,0.9278574999588483,4.0
2024-05-16,23.1,20.0,29.4,2.8,8.2,1024.1,2.0,1.0,0.0,0.0,1.0,1.0,4.0,0.8571428571428571,0.8997354108424389,2.0,0.8571428571428571,0.7703288865196469,2.0,0.5666666666666667,0.7279320417946057,2.0
2024-05-17,24.1,18.0,29.0,0.0,11.0,1024.2,0.0,2.0,1.0,0.0,2.0,0.0,0.0,0.5714285714285714,0.7867957924694443,2.0,0.8571428571428571,0.7703288865196469,2.0,0.5666666666666667,0.7279320417946057,2.0
2024-05-18,23.4,19.0,30.5,0.2,11.7,1024.3,0.0,0.0,2.0,1.0,1.0,1.0,0.0,0.42857142857142855,0.7867957924694441,2.0,0.7857142857142857,0.8017837257372767,2.0,0.5666666666666667,0.7279320417946057,2.0
2024-05-19,23.2,18.6,29.8,0.4,7.7,1023.5,0.0,0.0,0.0,2.0,0.0,2.0,0.0,0.42857142857142855,0.7867957924694441,2.0,0.6428571428571429,0.744946343668496,2.0,0.5666666666666667,0.7279320417946057,2.0
2024-05-20,22.5,17.0,27.1,0.0,6.2,1023.9,2.0,0.0,0.0,0.0,0.0,1.0,0.0,0.7142857142857143,0.9511897312113431,2.0,0.7142857142857143,0.8254203058555606,2.0,0.6333333333333333,0.764890496257057,2.0
2024-05-21,22.0,18.9,27.9,0.2,8.3,1024.7,2.0,2.0,0.0,0.0,0.0,0.0,0.0,1.0,1.0000000000000016,2.0,0.8571428571428571,0.8644378215075696,2.0,0.7,0.7943767889097841,2.0
2024-05-22,22.4,15.0,28.2,0.0,10.0,1023.8,2.0,2.0,2.0,0.0,1.0,1.0,0.0,1.1428571428571428,1.0690449676496994,2.0,0.9285714285714286,0.916874768253193,2.0,0.7666666666666667,0.817200154156876,2.0
2024-05-23,23.8,17.1,29.5,0.0,9.1,1023.1,0.0,2.0,2.0,2.0,2.0,1.0,2.0,0.8571428571428571,1.0690449676496987,2.0,0.8571428571428571,0.9492622930986497,2.0,0.7,0.7943767889097841,2.0
2024-05-24,24.7,18.8,30.3,1.1,9.6,1023.1,1.0,0.0,2.0,2.0,0.0,2.0,1.0,1.0,1.0000000000000016,2.0,0.7857142857142857,0.8925823753039842,2.0,0.7,0.7943767889097841,2.0
2024-05-25,25.3,18.9,31.3,0.0,9.2,1023.1,0.0,1.0,0.0,2.0,0.0,1.0,0.0,1.0,1.0000000000000013,2.0,0.7142857142857143,0.9138735334633786,2.0,0.7,0.7943767889097841,2.0
2024-05-26,24.8,19.9,31.3,1.1,6.9,1023.6,0.0,0.0,1.0,0.0,0.0,0.0,0.0,1.0,1.0000000000000013,2.0,0.7142857142857143,0.9138735334633786,2.0,0.7,0.7943767889097841,2.0
2024-05-27,24.9,17.5,31.7,0.0,6.7,1023.3,2.0,0.0,0.0,1.0,2.0,0.0,1.0,1.0,1.0000000000000013,2.0,0.8571428571428571,0.9492622930986497,2.0,0.7333333333333333,0.8276819867946668,2.0
2024-05-28,25.5,18.0,32.0,0.0,8.7,1024.1,2.0,2.0,0.0,0.0,2.0,0.0,0.0,1.0,1.0000000000000013,2.0,1.0,0.9607689228305257,2.0,0.8,0.8469010445797925,2.0
2024-05-29,25.9,19.0,32.1,0.0,8.0,1022.4,1.0,2.0,2.0,0.0,2.0,1.0,0.0,0.8571428571428571,0.8997354108424387,2.0,1.0,0.9607689228305257,2.0,0.8333333333333334,0.833907847936793,2.0
2024-05-30,26.3,19.3,33.0,0.0,7.5,1018.6,0.0,1.0,2.0,2.0,0.0,2.0,0.0,0.8571428571428571,0.8997354108424387,2.0,0.8571428571428571,0.9492622930986497,2.0,0.8333333333333334,0.833907847936793,2.0
2024-05-31,26.8,20.8,32.0,0.0,9.1,1024.2,1.0,0.0,1.0,2.0,1.0,0.0,0.0,0.8571428571428571,0.8997354108424387,2.0,0.9285714285714286,0.916874768253193,2.0,0.8666666666666667,0.8193072487266854,2.0
2024-06-01,27.0,19.5,33.0,0.0,10.9,1023.8,0.0,1.0,0.0,1.0,0.0,0.0,1.0,0.8571428571428571,0.8997354108424387,2.0,0.9285714285714286,0.916874768253193,2.0,0.8333333333333334,0.833907847936793,2.0
2024-06-02,25.4,18.9,32.0,0.0,7.8,1022.9,5.0,0.0,1.0,0.0,0.0,0.0,0.0,1.5714285714285714,1.7182493859684507,5.0,1.2857142857142858,1.3827826698682326,5.0,1.0,1.1141720290623105,5.0
2024-06-03,25.2,19.5,32.4,0.0,9.4,1023.4,0.0,5.0,0.0,1.0,2.0,2.0,1.0,1.2857142857142858,1.7994708216848758,5.0,1.1428571428571428,1.4064216928154882,5.0,0.9666666666666667,1.1290317283753188,5.0
2024-06-04,26.4,17.8,32.3,0.0,12.4,1023.8,1.0,0.0,5.0,0.0,2.0,2.0,2.0,1.1428571428571428,1.7728105208558376,5.0,1.0714285714285714,1.384768001357059,5.0,0.9333333333333333,1.1121068335350706,5.0
2024-06-05,26.8,18.0,32.1,0.0,14.0,1023.2,1.0,1.0,0.0,5.0,1.0,2.0,1.0,1.1428571428571428,1.7728105208558376,5.0,1.0,1.358732440973517,5.0,0.9333333333333333,1.1121068335350706,5.0
2024-06-06,26.4,20.0,34.0,0.0,9.7,1024.1,1.0,1.0,1.0,0.0,0.0,0.0,0.0,1.2857142857142858,1.7043362064926946,5.0,1.0714285714285714,1.3280573269766143,5.0,0.9666666666666667,1.0980651740387637,5.0
2024-06-07,26.4,18.0,34.0,0.0,6.4,1023.5,1.0,1.0,1.0,1.0,1.0,1.0,1.0,1.2857142857142858,1.7043362064926946,5.0,1.0714285714285714,1.3280573269766143,5.0,0.9666666666666667,1.0980651740387637,5.0
2024-06-08,25.8,18.9,31.4,0.0,8.8,1022.0,1.0,1.0,1.0,1.0,0.0,0.0,1.0,1.4285714285714286,1.6183471874253754,5.0,1.1428571428571428,1.2924123453177303,5.0,0.9666666666666667,1.0980651740387637,5.0
2024-06-09,25.6,20.1,31.8,0.0,10.7,1021.2,0.0,1.0,1.0,1.0,5.0,0.0,2.0,0.7142857142857143,0.4879500364742684,1.0,1.1428571428571428,1.2924123453177303,5.0,0.9,1.093870067301382,5.0
2024-06-10,25.3,20.0,31.0,0.0,9.5,1022.2,1.0,0.0,1.0,1.0,0.0,2.0,1.0,0.8571428571428571,0.37796447300923025,1.0,1.0714285714285714,1.268814450536451,5.0,0.9,1.093870067301382,5.0
2024-06-11,26.6,19.0,33.0,0.0,11.1,1022.4,1.0,1.0,0.0,1.0,1.0,2.0,0.0,0.8571428571428571,0.37796447300923025,1.0,1.0,1.240347345892087,5.0,0.9333333333333333,1.080655399261958,5.0
2024-06-12,27.1,19.8,33.0,0.0,12.6,1022.9,1.0,1.0,1.0,0.0,1.0,1.0,0.0,0.8571428571428571,0.37796447300923025,1.0,1.0,1.240347345892087,5.0,0.9666666666666667,1.0661996103898188,5.0
2024-06-13,24.3,18.3,32.0,0.0,9.1,1023.8,1.0,1.0,1.0,1.0,1.0,0.0,0.0,0.8571428571428571,0.37796447300923025,1.0,1.0714285714285714,1.2066664642907592,5.0,1.0,1.0504514628777801,5.0
2024-06-14,22.8,18.2,30.0,1.3,7.7,1023.1,0.0,1.0,1.0,1.0,1.0,1.0,1.0,0.7142857142857143,0.4879500364742684,1.0,1.0,1.240347345892087,5.0,0.9666666666666667,1.0661996103898188,5.0
2024-06-15,24.3,19.6,32.0,0.0,10.0,1021.0,1.0,0.0,1.0,1.0,1.0,0.0,2.0,0.7142857142857143,0.4879500364742684,1.0,1.0714285714285714,1.2066664642907592,5.0,0.9333333333333333,1.0482607379429236,5.0
2024-06-16,24.5,18.0,31.5,0.0,9.4,1021.4,5.0,1.0,0.0,1.0,0.0,5.0,0.0,1.4285714285714286,1.6183471874253754,5.0,1.0714285714285714,1.2066664642907592,5.0,1.1,1.2689936278745477,5.0
2024-06-17,25.0,17.2,33.0,0.0,8.9,1019.9,3.0,5.0,1.0,0.0,1.0,0.0,0.0,1.7142857142857142,1.704336206492695,5.0,1.2857142857142858,1.2666473875533042,5.0,1.2,1.29721186422637,5.0
2024-06-18,25.0,19.5,32.0,0.0,7.9,1021.3,9.0,3.0,5.0,1.0,1.0,1.0,0.0,2.857142857142857,3.184785258515423,9.0,1.8571428571428572,2.4133329285815144,9.0,1.5,1.9073361094685848,9.0
2024-06-19,24.4,17.4,31.1,0.0,7.6,1021.5,8.0,9.0,3.0,5.0,1.0,1.0,2.0,3.857142857142857,3.5790395093549643,9.0,2.357142857142857,2.8984649214884257,9.0,1.7,2.2460693636232376,9.0
2024-06-20,25.2,19.0,32.0,0.0,8.7,1021.7,1.0,8.0,9.0,3.0,1.0,1.0,2.0,3.857142857142857,3.5790395093549643,9.0,2.357142857142857,2.8984649214884257,9.0,1.6666666666666667,2.2488822255440177,9.0
2024-06-21,25.7,18.4,35.0,0.0,8.0,1021.1,4.0,1.0,8.0,9.0,0.0,1.0,2.0,4.428571428571429,3.154739442867028,9.0,2.5714285714285716,2.901307018842098,9.0,1.7333333333333334,2.2884015402012383,9.0
2024-06-22,26.2,19.6,34.3,0.0,8.9,1019.5,0.0,4.0,1.0,8.0,1.0,1.0,0.0,4.285714285714286,3.3523268393901056,9.0,2.5,2.9547875102567422,9.0,1.7333333333333334,2.2884015402012383,9.0
2024-06-23,26.5,22.0,33.5,0.0,8.6,1019.5,3.0,0.0,4.0,1.0,5.0,0.0,1.0,4.0,3.3665016461206942,9.0,2.7142857142857144,2.867015908532812,9.0,1.8,2.2954227317079043,9.0
2024-06-24,25.7,20.0,34.0,0.0,12.0,1019.6,5.0,3.0,0.0,4.0,3.0,1.0,0.0,4.285714285714286,3.3523268393901056,9.0,3.0,2.8823067684915693,9.0,1.9666666666666666,2.3412836640190133,9.0
2024-06-25,25.5,21.0,34.0,0.0,9.4,1012.6,3.0,5.0,3.0,0.0,9.0,1.0,0.0,3.4285714285714284,2.6367367999823124,8.0,3.142857142857143,2.8245392505720264,9.0,2.066666666666667,2.318342650187448,9.0
2024-06-26,25.4,20.0,34.0,0.0,7.5,1018.3,2.0,3.0,5.0,3.0,8.0,1.0,2.0,2.5714285714285716,1.7182493859684518,5.0,3.2142857142857144,2.7784492472924938,9.0,2.066666666666667,2.318342650187448,9.0
2024-06-27,25.6,20.9,33.0,0.0,11.1,1019.7,3.0,2.0,3.0,5.0,1.0,1.0,2.0,2.857142857142857,1.5735915849388895,5.0,3.357142857142857,2.706321456179186,9.0,2.1,2.324531840148047,9.0
2024-06-28,24.6,19.3,32.0,0.2,8.6,1019.9,6.0,3.0,2.0,3.0,4.0,0.0,1.0,3.142857142857143,1.951800145897069,6.0,3.7857142857142856,2.607048771446998,9.0,2.2666666666666666,2.420221325492322,9.0
2024-06-29,25.8,22.0,30.0,0.0,10.3,1019.2,5.0,6.0,3.0,2.0,0.0,1.0,0.0,3.857142857142857,1.463850109422804,6.0,4.071428571428571,2.4950500446433397,9.0,2.433333333333333,2.430883666961224,9.0
2024-06-30,25.2,18.5,31.0,0.0,10.5,1020.3,4.0,5.0,6.0,3.0,3.0,5.0,1.0,4.0,1.4142135623730994,6.0,4.0,2.4806946917841706,9.0,2.533333333333333,2.431592827378983,9.0
2024-07-01,25.9,21.7,32.0,0.0,11.2,1021.0,4.0,4.0,5.0,6.0,5.0,3.0,0.0,3.857142857142857,1.345185418269103,6.0,4.071428571428571,2.464026901522907,9.0,2.6666666666666665,2.39731650742692,9.0
2024-07-02,24.9,20.6,29.0,0.0,9.0,1020.5,1.0,4.0,4.0,5.0,3.0,9.0,5.0,3.5714285714285716,1.7182493859684524,6.0,3.5,2.1393744592574446,8.0,2.533333333333333,2.3741907272153595,9.0
2024-07-03,24.4,19.0,29.0,0.0,11.1,1019.4,2.0,1.0,4.0,4.0,2.0,8.0,0.0,3.5714285714285716,1.7182493859684524,6.0,3.0714285714285716,1.7304639535412176,6.0,2.6,2.328237456784082,9.0
2024-07-04,24.3,19.0,30.0,0.0,10.4,1021.7,6.0,2.0,1.0,4.0,3.0,1.0,1.0,4.0,1.9148542155126793,6.0,3.4285714285714284,1.785164750607964,6.0,2.7666666666666666,2.387948670004175,9.0
2024-07-05,24.1,20.0,29.0,0.1,9.1,1021.0,1.0,6.0,2.0,1.0,6.0,4.0,1.0,3.2857142857142856,1.9760470401187102,6.0,3.2142857142857144,1.8883680959850155,6.0,2.7666666666666666,2.387948670004175,9.0
2024-07-06,24.5,18.5,31.8,0.0,9.4,1019.0,3.0,1.0,6.0,2.0,5.0,0.0,1.0,3.0,1.8257418583505567,6.0,3.4285714285714284,1.6508406117111163,6.0,2.8333333333333335,2.3647312792341757,9.0
2024-07-07,24.7,18.4,31.4,0.0,12.2,1019.6,3.0,3.0,1.0,6.0,4.0,3.0,1.0,2.857142857142857,1.7728105208558396,6.0,3.4285714285714284,1.6508406117111163,6.0,2.9,2.339319087491795,9.0
2024-07-08,25.5,19.4,32.0,0.0,9.4,1019.8,3.0,3.0,3.0,1.0,4.0,5.0,1.0,2.7142857142857144,1.7043362064926966,6.0,3.2857142857142856,1.589802669350047,6.0,2.966666666666667,2.311639712610842,9.0
2024-07-09,25.5,19.6,31.7,0.0,7.7,1020.5,3.0,3.0,3.0,3.0,1.0,3.0,0.0,3.0,1.5275252316519503,6.0,3.2857142857142856,1.589802669350047,6.0,3.066666666666667,2.2427405238839513,9.0
2024-07-10,26.9,20.0,33.0,0.0,11.1,1020.9,1.0,3.0,3.0,3.0,2.0,2.0,1.0,2.857142857142857,1.6761634196950548,6.0,3.2142857142857144,1.67233468441676,6.0,3.066666666666667,2.2427405238839513,9.0
2024-07-11,26.2,22.0,32.0,0.0,13.9,1021.5,5.0,1.0,3.0,3.0,6.0,3.0,1.0,2.7142857142857144,1.3801311186847123,5.0,3.357142857142857,1.7368026705655204,6.0,3.2,2.2345253295221017,9.0
2024-07-12,27.8,21.9,32.0,0.9,10.3,1021.0,12.0,5.0,1.0,3.0,1.0,6.0,1.0,4.285714285714286,3.5923198500080584,12.0,3.7857142857142856,2.8332794651203286,12.0,3.566666666666667,2.7124659010516265,12.0
2024-07-13,26.5,22.0,35.0,0.0,12.5,1020.0,4.0,12.0,5.0,1.0,3.0,5.0,1.0,4.428571428571429,3.5523298860111,12.0,3.7142857142857144,2.812843385630974,12.0,3.6666666666666665,2.6695386832951478,12.0
2024-07-14,24.0,20.0,29.3,1.1,12.0,1020.2,6.0,4.0,12.0,5.0,3.0,4.0,0.0,4.857142857142857,3.5321651258386106,12.0,3.857142857142857,2.878491668515699,12.0,3.8666666666666667,2.609443504331689,12.0
2024-07-15,25.7,21.0,32.0,0.6,12.8,1020.2,13.0,6.0,4.0,12.0,3.0,4.0,1.0,6.285714285714286,4.535573676110729,13.0,4.5,3.7774635364528373,13.0,4.266666666666667,3.0392073981871324,13.0
2024-07-16,25.7,18.8,33.6,0.0,8.6,1019.9,10.0,13.0,6.0,4.0,3.0,1.0,5.0,7.285714285714286,4.461475305855892,13.0,5.142857142857143,3.8998450236889184,13.0,4.433333333333334,3.2129407877748264,13.0
2024-07-17,24.4,18.1,30.0,0.0,9.1,1020.8,0.0,10.0,13.0,6.0,1.0,2.0,3.0,7.142857142857143,4.705619740571604,13.0,5.0,4.05728215207403,13.0,4.333333333333333,3.304472761256333,13.0
2024-07-18,24.9,18.8,33.0,0.0,10.8,1020.7,7.0,0.0,10.0,13.0,5.0,6.0,9.0,7.428571428571429,4.613644360558614,13.0,5.071428571428571,4.084949594158195,13.0,4.266666666666667,3.226328470924628,13.0
2024-07-19,25.4,21.4,32.0,0.0,10.6,1019.3,5.0,7.0,0.0,10.0,12.0,1.0,8.0,6.428571428571429,4.197504927816957,13.0,5.357142857142857,3.914610558430536,13.0,4.166666666666667,3.1522661069769153,13.0
2024-07-20,25.2,20.0,32.0,0.2,14.3,1019.4,8.0,5.0,7.0,0.0,4.0,3.0,1.0,7.0,4.082482904638632,13.0,5.714285714285714,3.911100011084261,13.0,4.4,3.168813549318549,13.0
2024-07-21,25.8,19.4,33.0,0.0,12.1,1020.9,2.0,8.0,5.0,7.0,6.0,3.0,4.0,6.428571428571429,4.503966505838415,13.0,5.642857142857143,3.973123995763824,13.0,4.333333333333333,3.1984191497474592,13.0
2024-07-22,26.5,22.0,33.0,0.0,12.1,1021.0,7.0,2.0,8.0,5.0,13.0,3.0,0.0,5.571428571428571,3.5050983275386582,10.0,5.928571428571429,3.911802372589624,13.0,4.566666666666666,3.1259021686252573,13.0
2024-07-23,25.0,19.0,31.3,0.0,8.5,1022.0,6.0,7.0,2.0,8.0,10.0,3.0,3.0,5.0,2.943920288775951,8.0,6.142857142857143,3.820131750791666,13.0,4.666666666666667,3.122038826917693,13.0
2024-07-24,24.1,17.0,32.0,0.0,13.0,1021.2,6.0,6.0,7.0,2.0,0.0,1.0,5.0,5.857142857142857,1.9518001458970697,8.0,6.5,3.524638552118065,13.0,4.7,3.131045875719815,13.0
2024-07-25,22.7,18.0,27.7,0.6,13.9,1020.0,5.0,6.0,6.0,7.0,7.0,5.0,3.0,5.571428571428571,1.9023794624226873,8.0,6.5,3.524638552118065,13.0,4.766666666666667,3.114851336833703,13.0
2024-07-26,21.4,16.0,26.8,0.8,12.0,1019.8,3.0,5.0,6.0,6.0,5.0,12.0,2.0,5.285714285714286,2.138089935299398,8.0,5.857142857142857,3.2547513873422957,13.0,4.8,3.0894704378269897,13.0
2024-07-27,21.7,18.0,28.0,0.0,12.4,1021.3,3.0,3.0,5.0,6.0,8.0,4.0,3.0,4.571428571428571,1.9023794624226864,7.0,5.785714285714286,3.309161442200948,13.0,4.8,3.0894704378269897,13.0
2024-07-28,22.4,17.0,30.0,0.0,6.8,1022.0,4.0,3.0,3.0,5.0,2.0,6.0,6.0,4.857142857142857,1.57359158493889,7.0,5.642857142857143,3.3422043130738848,13.0,4.733333333333333,3.084257394926843,13.0
2024-07-29,22.0,17.6,28.8,0.0,11.5,1019.8,2.0,4.0,3.0,3.0,7.0,13.0,5.0,4.142857142857143,1.573591584938889,6.0,4.857142857142857,2.7134180220963695,10.0,4.633333333333334,3.1236951298690805,13.0
2024-07-30,22.5,18.0,29.0,3.6,6.9,1019.6,3.0,2.0,4.0,3.0,6.0,10.0,4.0,3.7142857142857144,1.3801311186847112,6.0,4.357142857142857,2.307417566062943,8.0,4.6,3.1359978888099853,13.0
2024-07-31,22.6,18.6,29.0,0.4,9.9,1021.3,1.0,3.0,2.0,4.0,6.0,0.0,4.0,3.0,1.2909944487358078,5.0,4.428571428571429,2.173769703826681,8.0,4.5,3.202908161289544,13.0
2024-08-01,21.4,17.0,27.0,0.3,11.3,1022.5,4.0,1.0,3.0,2.0,5.0,7.0,1.0,2.857142857142857,1.0690449676497003,4.0,4.214285714285714,2.04482729865353,8.0,4.6,3.1359978888099853,13.0
2024-08-02,19.2,16.0,25.5,2.9,11.4,1021.4,7.0,4.0,1.0,3.0,3.0,5.0,2.0,3.4285714285714284,1.9023794624226855,7.0,4.357142857142857,2.1699749327564177,8.0,4.766666666666667,3.1259021686252573,13.0
2024-08-03,20.8,17.0,27.4,0.9,11.6,1020.8,6.0,7.0,4.0,1.0,3.0,8.0,6.0,3.857142857142857,2.1157009420498176,7.0,4.214285714285714,1.9681530361296564,7.0,4.766666666666667,3.1259021686252573,13.0
2024-08-04,21.5,18.0,28.0,1.2,9.8,1021.2,7.0,6.0,7.0,4.0,4.0,2.0,1.0,4.285714285714286,2.4299715851758257,7.0,4.571428571428571,1.98898063239539,7.0,4.966666666666667,3.0680032069997765,13.0
2024-08-05,22.4,19.0,30.0,21.2,9.3,1019.9,2.0,7.0,6.0,7.0,2.0,7.0,3.0,4.285714285714286,2.4299715851758257,7.0,4.214285714285714,1.9681530361296564,7.0,4.933333333333334,3.0954174509106673,13.0
2024-08-06,20.8,17.4,28.0,17.1,10.3,1020.7,6.0,2.0,7.0,6.0,3.0,6.0,3.0,4.714285714285714,2.4299715851758257,7.0,4.214285714285714,1.9681530361296564,7.0,5.033333333333333,3.0792221737643897,13.0
2024-08-07,20.1,15.7,27.0,6.8,14.2,1021.3,4.0,6.0,2.0,7.0,1.0,6.0,3.0,5.142857142857143,1.864454471471612,7.0,4.071428571428571,1.8999710813299557,7.0,5.066666666666666,3.061815253028529,13.0
2024-08-08,22.3,19.7,29.1,1.1,10.7,1021.5,5.0,4.0,6.0,2.0,4.0,5.0,3.0,5.285714285714286,1.799470821684878,7.0,4.071428571428571,1.8999710813299557,7.0,5.133333333333334,3.036937356243477,13.0
2024-08-09,23.6,19.3,30.6,3.1,7.5,1021.8,5.0,5.0,4.0,6.0,7.0,3.0,1.0,5.0,1.6329931618554556,7.0,4.214285714285714,1.8883680959850166,7.0,5.266666666666667,2.9353180328582766,13.0
2024-08-10,24.1,19.1,32.0,4.2,11.8,1020.8,12.0,5.0,5.0,4.0,6.0,3.0,5.0,5.857142857142857,3.132015933791497,12.0,4.857142857142857,2.769536002714115,12.0,5.5,3.181303137893716,13.0
2024-08-11,22.0,17.9,30.0,1.6,7.9,1019.7,6.0,12.0,5.0,5.0,7.0,4.0,12.0,5.714285714285714,3.0937725468153903,12.0,5.0,2.7735009811261477,12.0,5.3,2.937862230050724,13.0
2024-08-12,22.1,18.6,28.0,0.5,13.7,1019.5,5.0,6.0,12.0,5.0,2.0,2.0,4.0,6.142857142857143,2.6726124191242464,12.0,5.214285714285714,2.6363894724697756,12.0,5.333333333333333,2.928261027244353,13.0
2024-08-13,23.6,20.7,31.0,1.3,8.7,1019.8,3.0,5.0,6.0,12.0,6.0,3.0,6.0,5.714285714285714,2.927700218845602,12.0,5.214285714285714,2.6363894724697756,12.0,5.233333333333333,2.9558047312357076,13.0
2024-08-14,21.1,17.4,27.0,5.2,12.1,1019.9,2.0,3.0,5.0,6.0,4.0,1.0,13.0,5.428571428571429,3.2071349029490945,12.0,5.285714285714286,2.5246042013801655,12.0,4.866666666666666,2.622624814863961,12.0
2024-08-15,23.2,17.5,30.2,0.0,12.5,1021.0,1.0,2.0,3.0,5.0,5.0,4.0,10.0,4.857142857142857,3.6253078686998643,12.0,5.071428571428571,2.7586029271879853,12.0,4.566666666666666,2.528231402183847,12.0
2024-08-16,22.9,18.0,31.0,0.1,14.3,1020.4,3.0,1.0,2.0,3.0,5.0,7.0,0.0,4.571428571428571,3.690399384761442,12.0,4.785714285714286,2.750624304759571,12.0,4.666666666666667,2.3973165074269196,12.0
2024-08-17,22.0,18.1,29.5,8.0,10.7,1018.9,1.0,3.0,1.0,2.0,12.0,6.0,7.0,3.0,1.9148542155126784,6.0,4.428571428571429,2.9013070188420986,12.0,4.466666666666667,2.4457328544635235,12.0
2024-08-18,22.6,17.9,30.0,1.0,8.8,1020.3,0.0,1.0,3.0,1.0,6.0,7.0,5.0,2.142857142857143,1.6761634196950534,5.0,3.9285714285714284,3.024624216055882,12.0,4.3,2.5750795099877237,12.0
2024-08-19,22.4,17.8,31.0,0.0,10.9,1020.6,3.0,0.0,1.0,3.0,5.0,2.0,8.0,1.8571428571428572,1.2149857925879142,3.0,4.0,2.9871519752227087,12.0,4.133333333333334,2.4876707473310113,12.0
2024-08-20,23.1,19.0,30.0,0.4,14.8,1019.5,3.0,3.0,0.0,1.0,3.0,6.0,2.0,1.8571428571428572,1.2149857925879142,3.0,3.7857142857142856,2.93987366103667,12.0,4.166666666666667,2.46469321492111,12.0
2024-08-21,21.2,18.0,26.0,0.0,8.0,1018.0,2.0,3.0,3.0,0.0,2.0,4.0,7.0,1.8571428571428572,1.2149857925879142,3.0,3.642857142857143,2.977018199917053,12.0,4.0,2.435371528690975,12.0
2024-08-22,21.3,18.0,28.0,18.9,8.3,1019.3,0.0,2.0,3.0,3.0,1.0,5.0,6.0,1.7142857142857142,1.3801311186847105,3.0,3.2857142857142856,3.0990959333966432,12.0,3.8,2.5106668986271488,12.0
2024-08-23,20.5,17.0,27.4,2.2,11.8,1018.7,1.0,0.0,2.0,3.0,3.0,5.0,6.0,1.4285714285714286,1.2724180205607054,3.0,3.0,3.113247129976626,12.0,3.6333333333333333,2.5255021123610706,12.0
2024-08-24,19.7,17.0,27.0,8.5,15.5,1021.4,2.0,1.0,0.0,2.0,1.0,12.0,5.0,1.5714285714285714,1.2724180205607056,3.0,2.2857142857142856,1.7288756430151344,6.0,3.533333333333333,2.5289132643984797,12.0
2024-08-25,20.4,16.0,28.7,5.8,10.1,1017.1,0.0,2.0,1.0,0.0,0.0,6.0,3.0,1.5714285714285714,1.2724180205607056,3.0,1.8571428571428572,1.4600918230947455,5.0,3.433333333333333,2.6087826905353353,12.0
2024-08-26,21.1,17.2,28.0,4.8,7.5,1013.6,3.0,0.0,2.0,1.0,3.0,5.0,3.0,1.5714285714285714,1.2724180205607056,3.0,1.7142857142857142,1.204387583192992,3.0,3.433333333333333,2.6087826905353353,12.0
2024-08-27,19.3,16.0,26.2,0.5057127010537992,10.7,1012.8,2.0,3.0,0.0,2.0,3.0,3.0,4.0,1.4285714285714286,1.133893419027684,3.0,1.6428571428571428,1.1507283885330326,3.0,3.3666666666666667,2.619335705905199,12.0
2024-08-28,20.3,15.5,26.5,0.5057127010537992,12.8,1023.1316749585407,0.0,2.0,3.0,0.0,2.0,2.0,2.0,1.1428571428571428,1.2149857925879137,3.0,1.5,1.2247448713915914,3.0,3.3,2.6800669060099334,12.0
2024-08-29,21.2,17.5,29.0,0.5057127010537992,11.5,1023.1316749585407,2.0,0.0,2.0,3.0,0.0,1.0,3.0,1.4285714285714286,1.133893419027684,3.0,1.5714285714285714,1.2224996910042554,3.0,3.2666666666666666,2.6901266901756515,12.0
2024-08-30,23.1,17.0,29.1,0.5057127010537992,10.2,1023.1316749585407,2.0,2.0,0.0,2.0,1.0,3.0,1.0,1.5714285714285714,1.133893419027684,3.0,1.5,1.1602387022306453,3.0,3.3,2.6671694928234837,12.0
2024-08-31,23.5,18.0,29.0,0.5057127010537992,11.8,1023.1316749585407,1.0,2.0,2.0,0.0,2.0,1.0,4.0,1.4285714285714286,1.133893419027684,3.0,1.5,1.1602387022306453,3.0,3.2,2.6961019115087956,12.0
2024-09-01,21.2,17.0,28.7,0.5057127010537992,8.5,1023.1316749585407,2.0,1.0,2.0,2.0,0.0,0.0,7.0,1.7142857142857142,0.9511897312113446,3.0,1.6428571428571428,1.081817762069784,3.0,3.033333333333333,2.6061377597871744,12.0
2024-09-02,22.1,17.0,28.0,0.5057127010537992,7.6,1023.1316749585407,2.0,2.0,1.0,2.0,3.0,3.0,6.0,1.5714285714285714,0.7867957924694463,2.0,1.5714285714285714,1.0163498575623644,3.0,2.9,2.5508619232965444,12.0
2024-09-03,22.7,15.5,30.0,0.5057127010537992,8.4,1023.1316749585407,0.0,2.0,2.0,1.0,2.0,3.0,7.0,1.2857142857142858,0.9511897312113443,2.0,1.3571428571428572,1.0082080720186295,3.0,2.6666666666666665,2.482119968943865,12.0
2024-09-04,23.7,16.1,30.0,0.5057127010537992,9.6,1022.4,2.0,0.0,2.0,2.0,0.0,2.0,2.0,1.5714285714285714,0.7867957924694463,2.0,1.3571428571428572,1.0082080720186295,3.0,2.6666666666666665,2.482119968943865,12.0
2024-09-05,23.2,16.0,31.0,0.0,7.9,1021.8,1.0,2.0,0.0,2.0,2.0,0.0,6.0,1.4285714285714286,0.7867957924694463,2.0,1.4285714285714286,0.9376144618769938,3.0,2.5,2.417607823077785,12.0
2024-09-06,22.5,16.7,29.0,0.2,8.1,1022.7,2.0,1.0,2.0,0.0,2.0,1.0,4.0,1.4285714285714286,0.7867957924694463,2.0,1.5,0.9405399431259632,3.0,2.433333333333333,2.4023455970813403,12.0
2024-09-07,23.8,20.0,30.0,0.0,11.4,1023.2,1.0,2.0,1.0,2.0,1.0,2.0,5.0,1.4285714285714286,0.7867957924694463,2.0,1.4285714285714286,0.9376144618769938,3.0,2.3,2.365703219792783,12.0
2024-09-08,23.6,16.4,31.2,0.0,8.4,1023.1,4.0,1.0,2.0,1.0,2.0,0.0,5.0,1.7142857142857142,1.2535663410560194,4.0,1.7142857142857142,1.0690449676497003,4.0,2.2666666666666666,2.333169123942701,12.0
2024-09-09,23.0,17.0,29.9,0.0,7.7,1022.8,4.0,4.0,1.0,2.0,2.0,3.0,12.0,2.0,1.5275252316519485,4.0,1.7857142857142858,1.1883130530663701,4.0,2.0,1.4855627054164189,6.0
2024-09-10,23.0,15.6,30.0,0.0,7.6,1022.3,2.0,4.0,4.0,1.0,0.0,2.0,6.0,2.2857142857142856,1.2535663410560198,4.0,1.7857142857142858,1.1883130530663701,4.0,1.8666666666666667,1.279367659898989,5.0
2024-09-11,25.4,19.0,31.0,0.0,13.2,1022.4,1.0,2.0,4.0,4.0,2.0,0.0,5.0,2.142857142857143,1.3451854182691008,4.0,1.8571428571428572,1.0994504121565531,4.0,1.7333333333333334,1.142692927446738,4.0
2024-09-12,25.8,17.0,31.7,0.0,10.7,1022.3,1.0,1.0,2.0,4.0,1.0,2.0,3.0,2.142857142857143,1.3451854182691008,4.0,1.7857142857142858,1.121713759495605,4.0,1.6666666666666667,1.1244411127720155,4.0
2024-09-13,23.8,18.3,31.0,0.0,10.2,1022.2,3.0,1.0,1.0,2.0,2.0,2.0,2.0,2.2857142857142856,1.3801311186847105,4.0,1.8571428571428572,1.1673205911990794,4.0,1.7,1.1492126240049871,4.0
2024-09-14,23.5,16.6,30.0,0.0,5.1,1022.5,1.0,3.0,1.0,1.0,1.0,1.0,1.0,2.2857142857142856,1.3801311186847105,4.0,1.8571428571428572,1.1673205911990794,4.0,1.7,1.1492126240049871,4.0
2024-09-15,22.8,19.0,31.3,0.0,8.3,1021.4,3.0,1.0,3.0,1.0,4.0,2.0,3.0,2.142857142857143,1.2149857925879142,4.0,1.9285714285714286,1.206666464290759,4.0,1.7,1.1492126240049871,4.0
2024-09-16,23.2,16.7,30.9,0.2,10.2,1022.0,1.0,3.0,1.0,3.0,4.0,2.0,1.0,1.7142857142857142,0.9511897312113448,3.0,1.8571428571428572,1.231455852429766,4.0,1.7,1.1492126240049871,4.0
2024-09-17,23.3,18.7,30.0,0.5,7.5,1023.8,1.0,1.0,3.0,1.0,2.0,0.0,0.0,1.5714285714285714,0.975900072948536,3.0,1.9285714285714286,1.14113881811014,4.0,1.7333333333333334,1.1121068335350774,4.0
2024-09-18,22.0,10.2,29.0,1.0,8.8,1023.5,3.0,1.0,1.0,3.0,1.0,2.0,3.0,1.8571428571428572,1.0690449676497003,3.0,2.0,1.1766968108291065,4.0,1.7333333333333334,1.1121068335350774,4.0
2024-09-19,23.9,15.0,30.8,0.0,11.9,1022.9,2.0,3.0,1.0,1.0,1.0,1.0,3.0,2.0,1.0000000000000029,3.0,2.0714285714285716,1.14113881811014,4.0,1.7,1.087547065965271,4.0
2024-09-20,23.7,17.0,30.1,0.0,11.7,1023.8,4.0,2.0,3.0,1.0,3.0,2.0,2.0,2.142857142857143,1.2149857925879144,4.0,2.2142857142857144,1.2513728724621096,4.0,1.7666666666666666,1.1651056880677522,4.0
2024-09-21,22.3,16.0,30.0,0.0,9.1,1024.5,2.0,4.0,2.0,3.0,1.0,1.0,0.0,2.2857142857142856,1.1126972805283764,4.0,2.2857142857142856,1.2043875831929918,4.0,1.8333333333333333,1.116748152799736,4.0
2024-09-22,22.2,14.8,30.2,0.0,7.8,1023.7,4.0,2.0,4.0,2.0,3.0,4.0,1.0,2.4285714285714284,1.2724180205607059,4.0,2.2857142857142856,1.2043875831929918,4.0,1.9333333333333333,1.1724814044061311,4.0
2024-09-23,22.7,16.1,30.3,0.0,5.7,1022.7,2.0,4.0,2.0,4.0,1.0,4.0,2.0,2.5714285714285716,1.1338934190276844,4.0,2.142857142857143,1.099450412156553,4.0,1.9333333333333333,1.1724814044061311,4.0
2024-09-24,22.5,15.9,30.0,0.0,5.5,1023.2,1.0,2.0,4.0,2.0,1.0,2.0,0.0,2.5714285714285716,1.1338934190276844,4.0,2.0714285714285716,1.14113881811014,4.0,1.9666666666666666,1.1290317283753248,4.0
2024-09-25,24.1,14.8,30.5,0.0,10.4,1023.0,0.0,1.0,2.0,4.0,3.0,1.0,3.0,2.142857142857143,1.4638501094228018,4.0,2.0,1.2403473458920868,4.0,1.8666666666666667,1.166584561971355,4.0
2024-09-26,23.8,15.9,30.9,0.0,7.4,1022.3,1.0,0.0,1.0,2.0,2.0,1.0,2.0,2.0,1.5275252316519485,4.0,2.0,1.2403473458920868,4.0,1.8333333333333333,1.17688464654119,4.0
2024-09-27,24.1,16.6,30.2,0.0,13.2,1022.7,2.0,1.0,0.0,1.0,4.0,3.0,0.0,1.7142857142857142,1.2535663410560194,4.0,1.9285714285714286,1.206666464290759,4.0,1.9,1.1249521062602281,4.0
2024-09-28,24.1,17.4,30.0,0.0,14.3,1022.5,3.0,2.0,1.0,0.0,2.0,1.0,2.0,1.8571428571428572,1.3451854182691005,4.0,2.0714285714285716,1.2066664642907587,4.0,1.9333333333333333,1.1426929274467374,4.0
2024-09-29,23.6,16.2,29.9,0.0,10.3,1021.9,2.0,3.0,2.0,1.0,4.0,3.0,2.0,1.5714285714285714,0.9759000729485358,3.0,2.0,1.1766968108291065,4.0,1.9333333333333333,1.1426929274467374,4.0
2024-09-30,22.1,15.6,29.0,0.0,8.3,1022.7,1.0,2.0,3.0,2.0,2.0,1.0,1.0,1.4285714285714286,0.9759000729485356,3.0,2.0,1.1766968108291065,4.0,1.9333333333333333,1.1426929274467374,4.0
2024-10-01,21.8,15.2,29.7,0.0,6.0,1023.0,1.0,1.0,2.0,3.0,1.0,1.0,2.0,1.4285714285714286,0.9759000729485356,3.0,2.0,1.1766968108291065,4.0,1.9,1.155198146908444,4.0
2024-10-02,23.2,15.9,29.4,0.0,10.3,1023.8,1.0,1.0,1.0,2.0,0.0,3.0,2.0,1.5714285714285714,0.7867957924694463,3.0,1.8571428571428572,1.1673205911990794,4.0,1.8666666666666667,1.166584561971355,4.0
2024-10-03,23.8,17.5,29.7,0.0,15.1,1024.7,0.0,1.0,1.0,1.0,1.0,2.0,0.0,1.4285714285714286,0.9759000729485356,3.0,1.7142857142857142,1.266647387553304,4.0,1.8666666666666667,1.166584561971355,4.0
2024-10-04,23.2,18.0,29.3,0.0,16.0,1025.1,3.0,0.0,1.0,1.0,2.0,4.0,2.0,1.5714285714285714,1.133893419027684,3.0,1.6428571428571428,1.1507283885330326,4.0,1.9,1.1846722229638385,4.0
2024-10-05,23.2,15.2,29.9,0.0,9.8,1024.3,1.0,3.0,0.0,1.0,3.0,2.0,1.0,1.2857142857142858,0.9511897312113442,3.0,1.5714285714285714,1.1578684470436815,4.0,1.9,1.1846722229638385,4.0
2024-10-06,22.1,15.2,31.9,0.0,8.1,1024.2,3.0,1.0,3.0,0.0,2.0,4.0,2.0,1.4285714285714286,1.1338934190276837,3.0,1.5,1.0190493307301394,3.0,1.9333333333333333,1.2015315896469612,4.0
2024-10-07,22.1,16.0,29.2,0.0,9.7,1025.3,6.0,3.0,1.0,3.0,1.0,2.0,1.0,2.142857142857143,2.0354009783964306,6.0,1.7857142857142858,1.5776599725577736,6.0,2.1,1.3982747990982014,6.0
2024-10-08,20.8,14.5,28.4,0.0,7.7,1026.3,4.0,6.0,3.0,1.0,1.0,1.0,4.0,2.5714285714285716,2.070196678027064,6.0,2.0,1.664100588675689,6.0,2.1,1.3982747990982014,6.0
2024-10-09,21.3,14.9,28.4,0.0,8.5,1025.5,2.0,4.0,6.0,3.0,1.0,0.0,4.0,2.7142857142857144,1.976047040118709,6.0,2.142857142857143,1.5619092289760135,6.0,2.033333333333333,1.351457280719301,6.0
2024-10-10,21.9,15.2,27.9,0.0,16.2,1024.1,1.0,2.0,4.0,6.0,0.0,1.0,2.0,2.857142857142857,1.7728105208558382,6.0,2.142857142857143,1.5619092289760135,6.0,2.0,1.364576478442031,6.0
2024-10-11,20.8,14.0,28.1,0.0,7.8,1024.3,0.0,1.0,2.0,4.0,3.0,2.0,1.0,2.4285714285714284,2.070196678027064,6.0,2.0,1.664100588675689,6.0,1.9666666666666666,1.4015590662158934,6.0
2024-10-12,20.7,14.0,27.9,0.0,6.9,1024.8,0.0,0.0,1.0,2.0,1.0,3.0,1.0,2.2857142857142856,2.214669705568284,6.0,1.7857142857142858,1.7177163475234951,6.0,1.9333333333333333,1.4367908045682807,6.0
2024-10-13,20.6,16.0,27.2,0.2,4.3,1025.2,0.0,0.0,0.0,1.0,3.0,2.0,3.0,1.8571428571428572,2.3401261667248803,6.0,1.6428571428571428,1.7805419597217238,6.0,1.8333333333333333,1.4641305136221818,6.0
2024-10-14,20.5,16.6,28.0,0.0,5.9,1024.5,2.0,0.0,0.0,0.0,6.0,1.0,1.0,1.2857142857142858,1.4960264830861927,4.0,1.7142857142857142,1.7728105208558382,6.0,1.8666666666666667,1.4558640835892172,6.0
2024-10-15,20.8,13.9,28.5,0.0,5.9,1024.1,2.0,2.0,0.0,0.0,4.0,1.0,3.0,1.0,1.000000000000002,2.0,1.7857142857142858,1.7619295117556804,6.0,1.8333333333333333,1.4403862827999212,6.0
2024-10-16,21.5,15.4,27.1,0.0,10.0,1025.5,4.0,2.0,2.0,0.0,2.0,1.0,1.0,1.2857142857142858,1.4960264830861927,4.0,2.0,1.839732422015601,6.0,1.9333333333333333,1.484014437454948,6.0
2024-10-17,21.2,15.2,28.7,0.0,15.2,1025.1,0.0,4.0,2.0,2.0,1.0,0.0,1.0,1.1428571428571428,1.5735915849388875,4.0,2.0,1.839732422015601,6.0,1.9,1.5165750888103144,6.0
2024-10-18,21.1,14.9,27.1,0.0,11.0,1023.9,4.0,0.0,4.0,2.0,0.0,3.0,3.0,1.7142857142857142,1.7994708216848758,4.0,2.0714285714285716,1.8999710813299542,6.0,1.9333333333333333,1.552158304522726,6.0
2024-10-19,21.0,14.6,27.2,0.0,6.9,1024.9,1.0,4.0,0.0,4.0,0.0,1.0,2.0,1.8571428571428572,1.6761634196950528,4.0,2.0714285714285716,1.8999710813299542,6.0,1.9,1.5613875350094133,6.0
2024-10-20,19.6,16.0,24.5,8.9,12.9,1026.0,4.0,1.0,4.0,0.0,0.0,3.0,4.0,2.4285714285714284,1.6183471874253752,4.0,2.142857142857143,1.955550005542131,6.0,1.9,1.5613875350094133,6.0
2024-10-21,20.6,17.6,27.4,0.5,11.2,1025.7,1.0,4.0,1.0,4.0,2.0,6.0,2.0,2.2857142857142856,1.7043362064926943,4.0,1.7857142857142858,1.6256866681058648,4.0,1.8666666666666667,1.5698305055298063,6.0
2024-10-22,20.2,14.7,27.0,0.0,7.3,1024.9,2.0,1.0,4.0,1.0,2.0,4.0,4.0,2.2857142857142856,1.7043362064926943,4.0,1.6428571428571428,1.499083969380219,4.0,1.8,1.5177115259040772,6.0
2024-10-23,20.0,14.9,26.7,0.0,7.3,1025.0,1.0,2.0,1.0,4.0,4.0,2.0,2.0,1.8571428571428572,1.5735915849388875,4.0,1.5714285714285714,1.5045717874984463,4.0,1.7666666666666666,1.5241353305225689,6.0
2024-10-24,19.8,13.8,27.0,0.0,7.6,1024.3,2.0,1.0,2.0,1.0,0.0,1.0,1.0,2.142857142857143,1.3451854182690997,4.0,1.6428571428571428,1.499083969380219,4.0,1.8,1.5177115259040772,6.0
2024-10-25,18.8,16.0,25.0,3.4,5.8,1024.3,2.0,2.0,1.0,2.0,4.0,0.0,0.0,1.8571428571428572,1.0690449676496994,4.0,1.7857142857142858,1.423893439647972,4.0,1.8666666666666667,1.4793599112881388,6.0
2024-10-26,18.8,13.0,23.6,4.3,6.1,1025.2,1.0,2.0,2.0,1.0,1.0,0.0,1.0,1.8571428571428572,1.0690449676496994,4.0,1.8571428571428572,1.3506205330054144,4.0,1.8666666666666667,1.4793599112881388,6.0
2024-10-27,18.7,14.3,25.6,0.2,9.0,1025.6,1.0,1.0,2.0,2.0,4.0,0.0,2.0,1.4285714285714286,0.5345224838248526,2.0,1.9285714285714286,1.2688144505364507,4.0,1.8333333333333333,1.4874957741657397,6.0
2024-10-28,18.1,12.8,24.6,0.1,8.4,1024.7,3.0,1.0,1.0,2.0,1.0,2.0,3.0,1.7142857142857142,0.755928946018457,3.0,2.0,1.3008872711759838,4.0,1.8333333333333333,1.4874957741657397,6.0
2024-10-29,17.8,11.6,24.3,0.0,7.3,1024.0,0.0,3.0,1.0,1.0,2.0,2.0,2.0,1.4285714285714286,0.9759000729485352,3.0,1.8571428571428572,1.4064216928154882,4.0,1.7666666666666666,1.5241353305225689,6.0
2024-10-30,17.1,14.0,21.7,0.0,6.2,1023.7,5.0,0.0,3.0,1.0,1.0,4.0,1.0,2.0,1.6329931618554534,5.0,1.9285714285714286,1.542439911024376,5.0,1.9,1.6262925893598943,6.0
2024-10-31,17.6,13.3,22.9,0.9,6.0,1023.6,2.0,5.0,0.0,3.0,2.0,0.0,1.0,2.0,1.6329931618554534,5.0,2.0714285714285716,1.439245834257851,5.0,1.9333333333333333,1.6174337556830576,6.0
2024-11-01,17.3,13.9,23.7,0.9,11.1,1024.5,0.0,2.0,5.0,0.0,2.0,4.0,1.0,1.7142857142857142,1.7994708216848758,5.0,1.7857142857142858,1.4238934396479723,5.0,1.9,1.6473594335931332,6.0
2024-11-02,17.6,11.6,24.5,0.0,3.7,1026.0,2.0,0.0,2.0,5.0,1.0,1.0,0.0,1.8571428571428572,1.7728105208558378,5.0,1.8571428571428572,1.4064216928154885,5.0,1.9666666666666666,1.607811391695052,6.0
2024-11-03,17.3,9.8,24.5,0.0,6.3,1026.2,0.0,2.0,0.0,2.0,1.0,4.0,3.0,1.7142857142857142,1.8898223650461372,5.0,1.5714285714285714,1.3424596091494927,5.0,1.8666666666666667,1.6344003083137575,6.0
2024-11-04,17.0,11.0,23.0,0.0,8.0,1024.9,3.0,0.0,2.0,0.0,3.0,1.0,1.0,1.7142857142857142,1.8898223650461372,5.0,1.7142857142857142,1.3827826698682328,5.0,1.9333333333333333,1.6386144974533763,6.0
2024-11-05,17.5,12.0,23.6,0.4,7.0,1024.4,1.0,3.0,0.0,2.0,0.0,2.0,3.0,1.8571428571428572,1.7728105208558376,5.0,1.6428571428571428,1.3926810257774194,5.0,1.8666666666666667,1.6344003083137575,6.0
2024-11-06,17.8,12.6,23.9,0.9,7.1,1026.0,2.0,1.0,3.0,0.0,5.0,1.0,6.0,1.4285714285714286,1.1338934190276833,3.0,1.7142857142857142,1.3827826698682328,5.0,1.7333333333333334,1.4367908045682811,5.0
2024-11-07,18.8,13.1,25.3,0.2,8.5,1027.2,2.0,2.0,1.0,3.0,2.0,2.0,4.0,1.4285714285714286,1.1338934190276833,3.0,1.7142857142857142,1.3827826698682328,5.0,1.6666666666666667,1.3729739514150963,5.0
2024-11-08,17.8,13.2,24.8,0.6,6.4,1026.7,2.0,2.0,2.0,1.0,0.0,2.0,2.0,1.7142857142857142,0.9511897312113438,3.0,1.7142857142857142,1.3827826698682328,5.0,1.6666666666666667,1.3729739514150963,5.0
2024-11-09,18.2,12.1,25.3,0.0,7.5,1025.4,2.0,2.0,2.0,2.0,2.0,1.0,1.0,1.7142857142857142,0.9511897312113438,3.0,1.7857142857142858,1.3688047244316404,5.0,1.7,1.3683617186634034,5.0
2024-11-10,17.4,11.8,24.6,0.0,13.2,1025.6,3.0,2.0,2.0,2.0,0.0,1.0,0.0,2.142857142857143,0.6900655593423568,3.0,1.9285714285714286,1.3847680013570587,5.0,1.8,1.349329335326416,5.0
2024-11-11,16.8,11.3,24.6,0.0,6.6,1026.3,4.0,3.0,2.0,2.0,3.0,3.0,0.0,2.2857142857142856,0.9511897312113438,4.0,2.0,1.4675987714106875,5.0,1.9333333333333333,1.3628907749221244,5.0
2024-11-12,16.8,9.8,25.2,0.0,7.1,1025.6,2.0,4.0,3.0,2.0,1.0,0.0,0.0,2.4285714285714284,0.7867957924694454,4.0,2.142857142857143,1.3506205330054144,5.0,2.0,1.31306432859723,5.0
2024-11-13,17.1,10.1,24.6,0.0,5.8,1025.0,1.0,2.0,4.0,3.0,2.0,5.0,2.0,2.2857142857142856,0.9511897312113438,4.0,1.8571428571428572,1.099450412156553,4.0,1.9666666666666666,1.3256965204630464,5.0
2024-11-14,16.9,10.5,24.9,0.0,6.5,1024.0,2.0,1.0,2.0,4.0,2.0,2.0,2.0,2.2857142857142856,0.9511897312113438,4.0,1.8571428571428572,1.099450412156553,4.0,1.9666666666666666,1.3256965204630464,5.0
2024-11-15,16.1,8.6,24.4,0.0,5.4,1024.0,2.0,2.0,1.0,2.0,2.0,0.0,4.0,2.2857142857142856,0.9511897312113438,4.0,2.0,0.9607689228305256,4.0,1.9,1.2689936278745533,5.0
2024-11-16,16.3,8.0,24.2,0.0,4.7,1024.8,4.0,2.0,2.0,1.0,2.0,2.0,0.0,2.5714285714285716,1.1338934190276833,4.0,2.142857142857143,1.099450412156553,4.0,2.033333333333333,1.2726115785600371,5.0
2024-11-17,16.9,9.3,24.4,0.0,7.8,1024.6,2.0,4.0,2.0,2.0,3.0,0.0,4.0,2.4285714285714284,1.1338934190276833,4.0,2.2857142857142856,0.9138735334633783,4.0,1.9666666666666666,1.217213701616241,5.0
2024-11-18,16.3,11.0,23.0,0.0,10.6,1024.9,0.0,2.0,4.0,2.0,4.0,3.0,1.0,1.8571428571428572,1.2149857925879133,4.0,2.0714285714285716,1.0716117059605375,4.0,1.9333333333333333,1.257620449659718,5.0
2024-11-19,16.2,9.0,22.0,0.0,8.3,1025.3,6.0,0.0,2.0,4.0,2.0,1.0,4.0,2.4285714285714284,1.9880595947760107,6.0,2.4285714285714284,1.4525460784051276,6.0,2.0,1.4142135623730994,6.0
2024-11-20,16.5,11.0,22.0,0.0,10.0,1025.1,1.0,6.0,0.0,2.0,1.0,2.0,1.0,2.4285714285714284,1.9880595947760107,6.0,2.357142857142857,1.4990839693802185,6.0,2.0,1.4142135623730994,6.0
2024-11-21,17.5,12.0,23.0,0.0,12.7,1024.9,2.0,1.0,6.0,0.0,2.0,2.0,2.0,2.4285714285714284,1.9880595947760107,6.0,2.357142857142857,1.4990839693802185,6.0,2.0,1.4142135623730994,6.0
2024-11-22,18.4,15.5,23.6,3.3,9.6,1025.3,2.0,2.0,1.0,6.0,2.0,2.0,1.0,2.4285714285714284,1.9880595947760107,6.0,2.357142857142857,1.4990839693802185,6.0,2.033333333333333,1.401559066215893,6.0
2024-11-23,17.3,13.3,22.0,0.1,6.3,1025.7,1.0,2.0,2.0,1.0,4.0,2.0,2.0,2.0,1.9148542155126773,6.0,2.2857142857142856,1.540657773039288,6.0,2.0,1.4142135623730994,6.0
2024-11-24,16.3,11.4,21.7,0.0,9.4,1024.9,2.0,1.0,2.0,2.0,2.0,3.0,2.0,2.0,1.9148542155126773,6.0,2.2142857142857144,1.5281246137553182,6.0,2.0,1.4142135623730994,6.0
2024-11-25,15.9,11.6,21.7,0.0,11.6,1023.8,2.0,2.0,1.0,2.0,0.0,4.0,1.0,2.2857142857142856,1.7043362064926946,6.0,2.0714285714285716,1.439245834257851,6.0,2.033333333333333,1.401559066215893,6.0
2024-11-26,16.4,9.2,21.8,0.0,8.8,1024.5,1.0,2.0,2.0,1.0,6.0,2.0,1.0,1.5714285714285714,0.5345224838248525,2.0,2.0,1.4675987714106875,6.0,2.033333333333333,1.401559066215893,6.0
2024-11-27,16.9,11.1,23.2,0.0,11.1,1024.8,2.0,1.0,2.0,2.0,1.0,1.0,3.0,1.7142857142857142,0.48795003647427065,2.0,2.0714285714285716,1.439245834257851,6.0,2.0,1.389616667559307,6.0
2024-11-28,16.2,11.0,22.8,0.3,6.6,1025.6,2.0,2.0,1.0,2.0,2.0,2.0,0.0,1.7142857142857142,0.48795003647427065,2.0,2.0714285714285716,1.439245834257851,6.0,2.066666666666667,1.337350270918748,6.0
2024-11-29,15.8,10.6,21.1,0.0,10.2,1026.7,0.0,2.0,2.0,1.0,2.0,2.0,5.0,1.4285714285714286,0.7867957924694456,2.0,1.9285714285714286,1.542439911024376,6.0,1.9,1.2689936278745533,6.0
2024-11-30,15.3,8.9,20.4,0.0,10.4,1026.7,2.0,0.0,2.0,2.0,1.0,4.0,2.0,1.5714285714285714,0.7867957924694456,2.0,1.7857142857142858,1.423893439647972,6.0,1.9,1.2689936278745533,6.0
2024-12-01,15.3,10.0,20.0,0.0,12.8,1024.7,0.0,2.0,0.0,2.0,2.0,2.0,0.0,1.2857142857142858,0.9511897312113439,2.0,1.6428571428571428,1.499083969380219,6.0,1.9,1.2689936278745533,6.0
2024-12-02,15.6,9.8,21.4,0.0,10.6,1023.6,1.0,0.0,2.0,0.0,2.0,0.0,2.0,1.1428571428571428,0.8997354108424395,2.0,1.7142857142857142,1.4373357526806574,6.0,1.8666666666666667,1.2793676598989894,6.0
2024-12-03,15.8,10.0,21.0,0.0,10.8,1024.1,3.0,1.0,0.0,2.0,1.0,6.0,0.0,1.4285714285714286,1.1338934190276835,3.0,1.5,0.8548504142651138,3.0,1.9666666666666666,1.2452207485597448,6.0
2024-12-04,16.3,10.6,22.2,0.0,7.9,1025.7,3.0,3.0,1.0,0.0,2.0,1.0,3.0,1.5714285714285714,1.2724180205607052,3.0,1.6428571428571428,0.9287827316640681,3.0,1.9666666666666666,1.2452207485597448,6.0
2024-12-05,16.2,10.2,22.6,0.0,6.3,1026.0,4.0,3.0,3.0,1.0,2.0,2.0,1.0,1.8571428571428572,1.5735915849388875,4.0,1.7857142857142858,1.1217137594956048,4.0,2.066666666666667,1.2847469449832096,6.0
2024-12-06,16.4,8.6,25.6,0.0,5.4,1026.7,1.0,4.0,3.0,3.0,0.0,2.0,2.0,2.0,1.4142135623730965,4.0,1.7142857142857142,1.1387288073563884,4.0,2.033333333333333,1.299425160263741,6.0
2024-12-07,15.7,6.8,25.4,0.0,5.6,1025.7,5.0,1.0,4.0,3.0,2.0,1.0,2.0,2.4285714285714284,1.8126539343499326,5.0,2.0,1.414213562373097,5.0,2.1333333333333333,1.407696414502186,6.0
2024-12-08,14.9,6.4,24.7,0.0,5.9,1021.6,0.0,5.0,1.0,4.0,0.0,2.0,2.0,2.4285714285714284,1.8126539343499326,5.0,1.8571428571428572,1.5118578920369108,5.0,2.066666666666667,1.460593486680447,6.0
2024-12-09,15.6,4.9,24.4,0.0,6.5,1020.0,1.0,0.0,5.0,1.0,1.0,2.0,2.0,2.4285714285714284,1.8126539343499326,5.0,1.7857142857142858,1.5281246137553182,5.0,2.033333333333333,1.4735210781716372,6.0
2024-12-10,15.0,9.0,21.7,0.0,10.1,1020.2,5.0,1.0,0.0,5.0,3.0,1.0,3.0,2.7142857142857144,2.058663459163552,5.0,2.0714285714285716,1.730463953541217,5.0,2.1,1.5613875350094126,6.0
2024-12-11,14.3,7.4,23.5,0.5057127010537992,9.1,1023.1316749585407,0.0,5.0,1.0,0.0,3.0,2.0,4.0,2.2857142857142856,2.288688541085318,5.0,1.9285714285714286,1.8171950369175587,5.0,1.9666666666666666,1.5643293888377925,6.0
2024-12-12,13.8,5.0,22.1,0.5057127010537992,4.8,1023.1316749585407,4.0,0.0,5.0,1.0,4.0,2.0,2.0,2.2857142857142856,2.288688541085318,5.0,2.0714285714285716,1.8999710813299542,5.0,2.033333333333333,1.6078113916950518,6.0
2024-12-13,14.2,6.8,20.9,0.5057127010537992,7.3,1023.1316749585407,2.0,4.0,0.0,5.0,1.0,0.0,1.0,2.4285714285714284,2.225394561056748,5.0,2.2142857142857144,1.8050600428356292,5.0,2.066666666666667,1.5959719411009772,6.0
2024-12-14,14.1,6.7,20.5,0.0,5.9,1024.5,4.0,2.0,4.0,0.0,5.0,2.0,2.0,2.2857142857142856,2.058663459163552,5.0,2.357142857142857,1.8649455697209993,5.0,2.1333333333333333,1.6344003083137568,6.0
2024-12-15,14.2,8.4,21.3,0.0,7.3,1026.1,2.0,4.0,2.0,4.0,0.0,0.0,2.0,2.5714285714285716,1.8126539343499326,5.0,2.5,1.7431183374807182,5.0,2.1333333333333333,1.6344003083137568,6.0
2024-12-16,13.4,6.0,21.2,0.0,5.9,1027.0,5.0,2.0,4.0,2.0,1.0,1.0,4.0,3.142857142857143,1.8644544714716098,5.0,2.7857142857142856,1.805060042835629,5.0,2.1666666666666665,1.6832508230603496,6.0
2024-12-17,14.3,5.5,22.2,0.0,6.0,1026.5,2.0,5.0,2.0,4.0,5.0,3.0,2.0,2.7142857142857144,1.7043362064926946,5.0,2.7142857142857144,1.8156825980064084,5.0,2.1666666666666665,1.6832508230603496,6.0
2024-12-18,12.6,5.7,22.5,0.0,7.1,1025.2,3.0,2.0,5.0,2.0,0.0,3.0,0.0,3.142857142857143,1.2149857925879137,5.0,2.7142857142857144,1.8156825980064084,5.0,2.2666666666666666,1.6386144974533754,6.0
2024-12-19,13.7,5.9,20.6,0.0,5.2,1024.6,6.0,3.0,2.0,5.0,4.0,4.0,6.0,3.4285714285714284,1.6183471874253759,6.0,2.857142857142857,1.9944979263017504,6.0,2.2666666666666666,1.6386144974533754,6.0
2024-12-20,13.7,6.1,20.8,0.0,6.0,1025.2,2.0,6.0,3.0,2.0,2.0,1.0,1.0,3.4285714285714284,1.6183471874253759,6.0,2.9285714285714284,1.9400351192017808,6.0,2.3,1.622046387363392,6.0
2024-12-21,14.0,5.7,21.3,0.0,5.7,1025.1,1.0,2.0,6.0,3.0,4.0,5.0,2.0,3.0,1.825741858350555,6.0,2.642857142857143,1.9057460827371877,6.0,2.2666666666666666,1.6386144974533754,6.0
2024-12-22,14.1,8.0,19.3,0.0,9.7,1024.5,6.0,1.0,2.0,6.0,2.0,0.0,2.0,3.5714285714285716,2.070196678027064,6.0,3.0714285714285716,1.9400351192017808,6.0,2.4,1.7733661737517454,6.0
2024-12-23,14.3,10.8,19.7,0.0,9.8,1023.9,0.0,6.0,1.0,2.0,5.0,1.0,1.0,2.857142857142857,2.34012616672488,6.0,3.0,2.0380986614602734,6.0,2.3666666666666667,1.809616711814458,6.0
2024-12-24,13.9,10.2,19.2,0.0,11.2,1023.9,3.0,0.0,6.0,1.0,2.0,5.0,2.0,3.0,2.3094010767585043,6.0,2.857142857142857,1.9555500055421309,6.0,2.4,1.8118384642924614,6.0
2024-12-25,14.2,8.3,19.3,0.0,10.1,1024.8,0.0,3.0,0.0,6.0,3.0,0.0,2.0,2.5714285714285716,2.5727509827124004,6.0,2.857142857142857,1.9555500055421309,6.0,2.3333333333333335,1.863132944214154,6.0
2024-12-26,14.7,9.0,20.1,0.0,6.3,1026.0,1.0,0.0,3.0,0.0,6.0,4.0,1.0,1.8571428571428572,2.115700942049816,6.0,2.642857142857143,1.9848325973644334,6.0,2.3333333333333335,1.863132944214154,6.0
2024-12-27,15.0,9.4,21.1,0.0,9.5,1026.4,1.0,1.0,0.0,3.0,2.0,2.0,2.0,1.7142857142857142,2.1380899352993956,6.0,2.5714285714285716,2.027286390693262,6.0,2.3,1.8781869467378804,6.0
2024-12-28,15.2,8.0,21.8,0.0,7.2,1026.9,3.0,1.0,1.0,0.0,1.0,4.0,2.0,2.0,2.1602468994692874,6.0,2.5,1.9903613896824026,6.0,2.3333333333333335,1.8815498624956717,6.0
2024-12-29,15.8,9.3,22.6,0.0,6.4,1027.2,4.0,3.0,1.0,1.0,6.0,2.0,0.0,1.7142857142857142,1.6035674514745466,4.0,2.642857142857143,2.0232168923292915,6.0,2.466666666666667,1.8519948859193087,6.0
2024-12-30,15.4,11.8,21.4,0.0,11.8,1026.7,3.0,4.0,3.0,1.0,0.0,5.0,2.0,2.142857142857143,1.4638501094228005,4.0,2.5,1.9115036368906435,6.0,2.5,1.8523051807838335,6.0
2024-12-31,14.4,11.0,19.8,0.0,12.7,1026.5,1.0,3.0,4.0,3.0,3.0,2.0,0.0,1.8571428571428572,1.4638501094228002,4.0,2.4285714285714284,1.9499225118444594,6.0,2.533333333333333,1.814374278639475,6.0
2025-01-01,14.5,8.0,20.4,0.0,6.4,1025.8,3.0,1.0,3.0,4.0,0.0,3.0,1.0,2.2857142857142856,1.2535663410560185,4.0,2.4285714285714284,1.9499225118444594,6.0,2.6,1.7927055261387144,6.0
2025-01-02,14.3,7.3,20.0,0.0,8.1,1026.2,3.0,3.0,1.0,3.0,1.0,6.0,3.0,2.5714285714285716,1.133893419027683,4.0,2.2142857142857144,1.6723346844167588,6.0,2.6,1.7927055261387144,6.0
2025-01-03,14.1,7.0,21.0,0.0,6.3,1027.0,1.0,3.0,3.0,1.0,1.0,2.0,3.0,2.5714285714285716,1.133893419027683,4.0,2.142857142857143,1.7032612545052814,6.0,2.533333333333333,1.814374278639475,6.0
2025-01-04,14.1,7.0,22.0,0.0,5.6,1026.2,4.0,1.0,3.0,3.0,3.0,1.0,4.0,2.7142857142857144,1.253566341056019,4.0,2.357142857142857,1.7368026705655195,6.0,2.533333333333333,1.814374278639475,6.0
2025-01-05,14.3,8.0,21.0,0.0,9.7,1025.0,4.0,4.0,1.0,3.0,4.0,6.0,1.0,2.7142857142857144,1.253566341056019,4.0,2.2142857142857144,1.476928800355212,4.0,2.6333333333333333,1.8096167118144577,6.0
2025-01-06,15.6,9.0,21.0,0.0,19.1,1023.1,2.0,4.0,4.0,1.0,3.0,0.0,5.0,2.5714285714285716,1.2724180205607047,4.0,2.357142857142857,1.3363062095621234,4.0,2.533333333333333,1.756433167320743,6.0
2025-01-07,14.0,9.0,18.0,0.0,9.6,1024.3,1.0,2.0,4.0,4.0,1.0,3.0,0.0,2.5714285714285716,1.2724180205607047,4.0,2.2142857142857144,1.36880472443164,4.0,2.566666666666667,1.715715058195722,6.0
2025-01-08,12.7,6.6,18.2,0.0,6.2,1024.2,4.0,1.0,2.0,4.0,3.0,0.0,1.0,2.7142857142857144,1.3801311186847098,4.0,2.5,1.2860194997923469,4.0,2.6666666666666665,1.7086662137132185,6.0
2025-01-09,13.0,6.0,19.2,0.0,7.6,1023.2,4.0,4.0,1.0,2.0,3.0,1.0,5.0,2.857142857142857,1.4638501094228011,4.0,2.7142857142857144,1.2666473875533035,4.0,2.6333333333333333,1.6709141279516775,6.0
2025-01-10,13.5,9.3,18.0,0.0,12.7,1024.0,2.0,4.0,4.0,1.0,1.0,1.0,0.0,3.0,1.2909944487358074,4.0,2.7857142857142856,1.1883130530663695,4.0,2.7,1.6006464211427986,6.0
2025-01-11,13.7,9.0,19.0,0.0,7.8,1024.4,0.0,2.0,4.0,4.0,4.0,3.0,4.0,2.4285714285714284,1.618347187425375,4.0,2.5714285714285716,1.3985864135061372,4.0,2.566666666666667,1.6543220995910715,6.0
2025-01-12,12.2,9.9,16.0,1.9,8.3,1024.5,2.0,0.0,2.0,4.0,4.0,4.0,2.0,2.142857142857143,1.4638501094228002,4.0,2.4285714285714284,1.3424596091494918,4.0,2.566666666666667,1.6543220995910715,6.0
2025-01-13,13.4,8.4,19.0,0.0,6.0,1025.0,1.0,2.0,0.0,2.0,2.0,3.0,4.0,2.0,1.527525231651947,4.0,2.2857142857142856,1.3827826698682322,4.0,2.466666666666667,1.6553639735893373,6.0
2025-01-14,13.5,6.0,21.1,0.0,5.2,1025.4,4.0,1.0,2.0,0.0,1.0,1.0,2.0,2.4285714285714284,1.618347187425375,4.0,2.5,1.4005493427717803,4.0,2.533333333333333,1.6760654528683714,6.0
2025-01-15,14.5,7.0,21.0,0.0,3.5,1025.8,2.0,4.0,1.0,2.0,4.0,3.0,5.0,2.142857142857143,1.4638501094228002,4.0,2.4285714285714284,1.3985864135061372,4.0,2.433333333333333,1.6120950886075711,6.0
2025-01-16,15.0,7.4,22.0,0.0,5.7,1026.1,4.0,2.0,4.0,1.0,4.0,3.0,2.0,2.142857142857143,1.4638501094228002,4.0,2.5,1.4544361847068503,4.0,2.5,1.6347519056735969,6.0
2025-01-17,16.3,7.5,24.0,0.0,6.5,1026.0,0.0,4.0,2.0,4.0,2.0,1.0,3.0,1.8571428571428572,1.6761634196950517,4.0,2.4285714285714284,1.5548576840284842,4.0,2.4,1.6938020891595889,6.0
2025-01-18,14.7,7.4,22.0,0.0,7.5,1023.9,5.0,0.0,4.0,2.0,0.0,4.0,6.0,2.5714285714285716,1.8126539343499326,5.0,2.5,1.6525039276108349,5.0,2.3666666666666667,1.6291172420994615,6.0
2025-01-19,14.4,10.0,19.2,0.0,11.5,1023.2,0.0,5.0,0.0,4.0,2.0,4.0,2.0,2.2857142857142856,2.0586634591635518,5.0,2.2142857142857144,1.7177163475234947,5.0,2.3,1.684615990213428,6.0
2025-01-20,13.8,9.0,19.0,0.0,11.9,1023.8,4.0,0.0,5.0,0.0,1.0,2.0,1.0,2.7142857142857144,2.058663459163552,5.0,2.357142857142857,1.7805419597217234,5.0,2.4,1.6938020891595889,6.0
2025-01-21,13.7,8.4,19.0,0.0,6.7,1024.8,3.0,4.0,0.0,5.0,4.0,1.0,6.0,2.5714285714285716,1.9880595947760107,5.0,2.5,1.7431183374807182,5.0,2.3,1.5569643319724742,5.0
2025-01-22,14.3,7.3,20.0,0.0,8.0,1024.8,3.0,3.0,4.0,0.0,2.0,4.0,0.0,2.7142857142857144,1.9760470401187087,5.0,2.4285714285714284,1.6967972416057504,5.0,2.4,1.499425177215914,5.0
2025-01-23,14.3,9.1,19.0,0.0,10.5,1024.6,4.0,3.0,3.0,4.0,4.0,4.0,3.0,2.7142857142857144,1.9760470401187087,5.0,2.4285714285714284,1.6967972416057504,5.0,2.433333333333333,1.5241353305225673,5.0
2025-01-24,12.8,8.0,17.0,0.0,9.2,1023.3,1.0,4.0,3.0,3.0,0.0,2.0,0.0,2.857142857142857,1.7728105208558382,5.0,2.357142857142857,1.7368026705655195,5.0,2.466666666666667,1.4793599112881375,5.0
2025-01-25,12.3,7.5,17.6,0.0,11.4,1023.0,2.0,1.0,4.0,3.0,5.0,0.0,1.0,2.4285714285714284,1.51185789203691,4.0,2.5,1.605279750362248,5.0,2.5,1.456258787157153,5.0
2025-01-26,12.6,8.3,16.9,1.7,11.8,1023.2,0.0,2.0,1.0,4.0,0.0,2.0,1.0,2.4285714285714284,1.51185789203691,4.0,2.357142857142857,1.7368026705655195,5.0,2.466666666666667,1.502488357481623,5.0
2025-01-27,12.9,8.3,18.0,0.0,9.3,1023.4,1.0,0.0,2.0,1.0,4.0,1.0,3.0,2.0,1.4142135623730951,4.0,2.357142857142857,1.7368026705655195,5.0,2.4,1.5222487902147777,5.0
2025-01-28,12.6,7.0,18.0,0.0,5.5,1023.2,0.0,1.0,0.0,2.0,3.0,4.0,4.0,1.5714285714285714,1.511857892036908,4.0,2.0714285714285716,1.774359503694686,5.0,2.2666666666666666,1.552158304522725,5.0
2025-01-29,13.9,9.2,19.0,0.0,14.5,1024.4,3.0,0.0,1.0,0.0,3.0,2.0,3.0,1.5714285714285714,1.511857892036908,4.0,2.142857142857143,1.7913099142223303,5.0,2.2666666666666666,1.552158304522725,5.0
2025-01-30,14.9,12.0,19.0,0.0,9.8,1025.5,1.0,3.0,0.0,1.0,4.0,4.0,1.0,1.1428571428571428,1.069044967649695,3.0,1.9285714285714286,1.7304639535412167,5.0,2.2666666666666666,1.552158304522725,5.0
2025-01-31,14.6,9.9,19.1,0.0,9.9,1024.5,1.0,1.0,3.0,0.0,1.0,0.0,3.0,1.1428571428571428,1.069044967649695,3.0,2.0,1.6641005886756888,5.0,2.2,1.562491379286567,5.0
2025-02-01,14.4,10.0,19.0,0.0,13.9,1023.7,2.0,1.0,1.0,3.0,2.0,5.0,3.0,1.1428571428571428,1.069044967649695,3.0,1.7857142857142858,1.4238934396479717,4.0,2.1666666666666665,1.5554871358790043,5.0
2025-02-02,15.0,8.8,22.0,0.0,7.1,1024.2,2.0,2.0,1.0,1.0,0.0,0.0,1.0,1.4285714285714286,0.9759000729485313,3.0,1.9285714285714286,1.3280573269766138,4.0,2.2,1.540264195877921,5.0
2025-02-03,14.6,8.0,22.0,0.0,7.6,1024.0,5.0,2.0,2.0,1.0,1.0,4.0,4.0,2.0,1.632993161855452,5.0,2.0,1.4675987714106873,5.0,2.2333333333333334,1.5905612397739595,5.0
2025-02-04,14.8,8.0,24.0,0.0,5.0,1024.2,0.0,5.0,2.0,2.0,0.0,3.0,4.0,2.0,1.632993161855452,5.0,1.7857142857142858,1.528124613755318,5.0,2.1,1.6049492418657758,5.0
2025-02-05,16.1,11.0,23.0,0.0,11.9,1022.3,1.0,0.0,5.0,2.0,3.0,3.0,2.0,1.7142857142857142,1.6035674514745457,5.0,1.6428571428571428,1.4990839693802185,5.0,2.066666666666667,1.6174337556830574,5.0
2025-02-06,16.9,11.3,22.0,0.0,18.9,1021.7,2.0,1.0,0.0,5.0,1.0,4.0,1.0,1.8571428571428572,1.573591584938886,5.0,1.5,1.3445044840729659,5.0,2.1,1.6049492418657758,5.0
2025-02-07,16.6,12.0,22.4,0.0,12.4,1022.9,3.0,2.0,1.0,0.0,1.0,1.0,4.0,2.142857142857143,1.5735915849388866,5.0,1.6428571428571428,1.3926810257774191,5.0,2.066666666666667,1.5742175578808162,5.0
2025-02-08,15.6,10.7,21.0,0.0,17.3,1023.2,8.0,3.0,2.0,1.0,2.0,2.0,4.0,3.0,2.7080128015453213,8.0,2.0714285714285716,2.2001498450467745,8.0,2.2,1.8827712516944026,8.0
2025-02-09,15.7,11.0,21.8,0.0,16.4,1022.7,1.0,8.0,3.0,2.0,2.0,0.0,2.0,2.857142857142857,2.794552524023089,8.0,2.142857142857143,2.1432234119210714,8.0,2.1666666666666665,1.8952451089472615,8.0
2025-02-10,15.8,9.4,21.9,0.0,14.6,1022.0,2.0,1.0,8.0,3.0,5.0,1.0,0.0,2.4285714285714284,2.6367367999823106,8.0,2.2142857142857144,2.1187286256174938,8.0,2.2333333333333334,1.8510636892363284,8.0
2025-02-11,16.1,12.8,21.0,0.0,24.6,1022.8,4.0,2.0,1.0,8.0,0.0,0.0,2.0,3.0,2.4494897427831797,8.0,2.5,2.0662116951635845,8.0,2.3,1.8781869467378807,8.0
2025-02-12,16.5,14.0,21.0,0.0,14.0,1023.8,5.0,4.0,2.0,1.0,1.0,3.0,1.0,3.5714285714285716,2.3704530408864106,8.0,2.642857142857143,2.1699749327564164,8.0,2.433333333333333,1.9241358711314345,8.0
2025-02-13,17.1,10.9,22.2,0.0,9.9,1025.0,6.0,5.0,4.0,2.0,2.0,1.0,4.0,4.142857142857143,2.410295378065482,8.0,3.0,2.2870874995874635,8.0,2.5,2.0128894996822466,8.0
2025-02-14,17.9,11.5,24.0,0.0,10.1,1025.7,5.0,6.0,5.0,4.0,3.0,1.0,2.0,4.428571428571429,2.370453040886412,8.0,3.2857142857142856,2.2677868380553643,8.0,2.6,2.0611346055192454,8.0
2025-02-15,17.4,14.0,21.5,0.3,21.5,1022.8,3.0,5.0,6.0,5.0,8.0,2.0,4.0,3.7142857142857144,1.7994708216848783,6.0,3.357142857142857,2.2397507710643882,8.0,2.566666666666667,2.0457413011581838,8.0
2025-02-16,18.0,15.0,23.1,0.0,17.5,1022.9,2.0,3.0,5.0,6.0,1.0,2.0,0.0,3.857142857142857,1.5735915849388906,6.0,3.357142857142857,2.2397507710643882,8.0,2.6333333333333333,1.9910720268468352,8.0
2025-02-17,17.6,14.0,22.9,0.0,15.0,1023.8,1.0,2.0,3.0,5.0,2.0,5.0,5.0,3.7142857142857144,1.7994708216848783,6.0,3.0714285714285716,2.2689979392568107,8.0,2.5,1.9608231909600895,8.0
2025-02-18,17.1,13.7,22.6,0.0,15.1,1024.3,1.0,1.0,2.0,3.0,4.0,0.0,0.0,3.2857142857142856,2.058663459163553,6.0,3.142857142857143,2.17881911760769,8.0,2.533333333333333,1.925031720891059,8.0
2025-02-19,17.3,12.3,23.0,0.0,15.8,1023.4,4.0,1.0,1.0,2.0,5.0,1.0,4.0,3.142857142857143,1.9518001458970684,6.0,3.357142857142857,2.0978796202592047,8.0,2.533333333333333,1.925031720891059,8.0
2025-02-20,16.5,14.0,20.0,0.0,24.5,1022.9,1.0,4.0,1.0,1.0,6.0,2.0,3.0,2.4285714285714284,1.6183471874253748,5.0,3.2857142857142856,2.163635524139564,8.0,2.466666666666667,1.9428619723691571,8.0
2025-02-21,16.5,11.0,21.0,0.0,17.5,1023.5,3.0,1.0,4.0,1.0,5.0,3.0,3.0,2.142857142857143,1.2149857925879115,4.0,3.2857142857142856,2.163635524139564,8.0,2.466666666666667,1.9428619723691571,8.0
2025-02-22,16.0,12.0,20.7,0.0,24.0,1024.5,5.0,3.0,1.0,4.0,3.0,8.0,4.0,2.4285714285714284,1.6183471874253748,5.0,3.0714285714285716,1.7743595036946864,6.0,2.5,1.9783308882611843,8.0
2025-02-23,17.2,13.0,22.0,0.0,23.5,1025.0,2.0,5.0,3.0,1.0,2.0,1.0,1.0,2.4285714285714284,1.6183471874253748,5.0,3.142857142857143,1.7032612545052817,6.0,2.533333333333333,1.9605300714142466,8.0
2025-02-24,17.9,13.8,22.2,0.0,26.4,1025.4,0.0,2.0,5.0,3.0,1.0,2.0,2.0,2.2857142857142856,1.799470821684875,5.0,3.0,1.8810798862519218,6.0,2.466666666666667,2.0126039631889054,8.0
2025-02-25,17.6,13.9,22.0,0.0,18.3,1025.8,2.0,0.0,2.0,5.0,1.0,4.0,0.0,2.4285714285714284,1.7182493859684496,5.0,2.857142857142857,1.8752289237539828,6.0,2.533333333333333,1.9605300714142466,8.0
2025-02-26,18.1,14.0,22.1,0.0,24.3,1025.0,2.0,2.0,0.0,2.0,4.0,5.0,1.0,2.142857142857143,1.5735915849388862,5.0,2.642857142857143,1.7805419597217231,6.0,2.566666666666667,1.9419743478779792,8.0
2025-02-27,18.2,15.0,24.0,0.0,19.2,1025.8,7.0,2.0,2.0,0.0,1.0,6.0,0.0,3.0,2.3094010767585047,7.0,2.7142857142857144,1.938618517976593,7.0,2.8,2.0409598823542123,8.0
2025-02-28,17.1,11.0,22.0,0.0,17.8,1024.6,2.0,7.0,2.0,2.0,3.0,5.0,3.0,2.857142857142857,2.3401261667248803,7.0,2.5,1.829249530860634,7.0,2.7666666666666666,2.0457413011581838,8.0
2025-03-01,16.8,12.9,21.0,0.0,17.5,1023.8,0.0,2.0,7.0,2.0,5.0,3.0,1.0,2.142857142857143,2.340126166724879,7.0,2.2857142857142856,1.938618517976593,7.0,2.7333333333333334,2.083321839048754,8.0
2025-03-02,17.0,12.0,21.6,0.0,10.5,1023.8,1.0,0.0,2.0,7.0,2.0,2.0,1.0,2.0,2.380476142847616,7.0,2.2142857142857144,1.9681530361296544,7.0,2.7333333333333334,2.083321839048754,8.0
2025-03-03,16.8,11.3,22.5,0.0,17.4,1021.8,1.0,1.0,0.0,2.0,0.0,1.0,2.0,2.142857142857143,2.267786838055363,7.0,2.2142857142857144,1.9681530361296544,7.0,2.7,2.1033634804841728,8.0
2025-03-04,17.8,14.8,21.2,0.0,27.2,1020.8,2.0,1.0,1.0,0.0,2.0,1.0,2.0,2.142857142857143,2.267786838055363,7.0,2.2857142857142856,1.938618517976593,7.0,2.7,2.1033634804841728,8.0
2025-03-05,17.8,14.6,22.0,0.0,25.3,1022.1,2.0,2.0,1.0,1.0,2.0,4.0,5.0,2.142857142857143,2.267786838055363,7.0,2.142857142857143,1.8752289237539828,7.0,2.6,2.0611346055192454,8.0
2025-03-06,17.7,14.6,21.8,0.0,17.5,1023.0,1.0,2.0,2.0,1.0,7.0,1.0,0.0,1.2857142857142858,0.7559289460184485,2.0,2.142857142857143,1.8752289237539828,7.0,2.6333333333333333,2.0254132542705263,8.0
2025-03-07,16.5,13.0,21.0,0.0,22.2,1022.7,4.0,1.0,2.0,2.0,2.0,3.0,1.0,1.5714285714285714,1.272418020560701,4.0,2.2142857142857144,1.9286731759891886,7.0,2.7333333333333334,2.016027731974926,8.0
2025-03-08,15.5,13.5,19.0,0.3,24.2,1021.0,2.0,4.0,1.0,2.0,0.0,5.0,2.0,1.8571428571428572,1.0690449676496958,4.0,2.0,1.7541160386140595,7.0,2.7333333333333334,2.016027731974926,8.0
2025-03-09,16.0,13.0,20.0,0.8,19.0,1021.3,1.0,2.0,4.0,1.0,1.0,2.0,3.0,1.8571428571428572,1.0690449676496958,4.0,1.9285714285714286,1.774359503694686,7.0,2.6666666666666665,2.0398332138265363,8.0
2025-03-10,16.0,14.0,18.2,0.5,15.1,1023.3,1.0,1.0,2.0,4.0,1.0,0.0,8.0,1.8571428571428572,1.0690449676496958,4.0,2.0,1.7097008285302218,7.0,2.433333333333333,1.794307729985319,7.0
2025-03-11,17.2,13.3,23.0,0.4,10.7,1024.1,2.0,1.0,1.0,2.0,2.0,2.0,1.0,1.8571428571428572,1.0690449676496958,4.0,2.0,1.7097008285302218,7.0,2.466666666666667,1.7759569219172402,7.0
2025-03-12,18.0,13.0,23.0,0.3,9.9,1019.4,3.0,2.0,1.0,1.0,2.0,2.0,2.0,2.0,1.1547005383792504,4.0,2.0714285714285716,1.7304639535412167,7.0,2.5,1.7762804997502828,7.0
2025-03-13,18.8,13.5,24.0,0.0,6.4,1016.7,3.0,3.0,2.0,1.0,1.0,7.0,4.0,2.2857142857142856,1.1126972805283737,4.0,1.7857142857142858,1.0509022810878321,4.0,2.466666666666667,1.7564331673207436,7.0
2025-03-14,19.1,14.0,25.0,0.5057127010537992,8.1,1016.7,4.0,3.0,3.0,2.0,4.0,2.0,5.0,2.2857142857142856,1.1126972805283737,4.0,1.9285714285714286,1.2066664642907585,4.0,2.433333333333333,1.7157150581957223,7.0
2025-03-15,19.0,13.0,25.0,0.5057127010537992,9.5,1023.1316749585407,4.0,4.0,3.0,3.0,2.0,0.0,6.0,2.5714285714285716,1.2724180205607047,4.0,2.2142857142857144,1.1883130530663695,4.0,2.3666666666666667,1.6078113916950516,7.0
2025-03-16,19.1,14.0,24.0,0.5057127010537992,12.8,1023.1316749585407,1.0,4.0,4.0,3.0,1.0,1.0,5.0,2.5714285714285716,1.2724180205607047,4.0,2.2142857142857144,1.1883130530663695,4.0,2.2333333333333334,1.5465943304527265,7.0
2025-03-17,18.4,13.4,23.0,0.5057127010537992,11.9,1023.1316749585407,3.0,1.0,4.0,4.0,1.0,1.0,3.0,2.857142857142857,1.0690449676497003,4.0,2.357142857142857,1.1507283885330317,4.0,2.2333333333333334,1.5465943304527265,7.0
2025-03-18,18.9,14.0,25.1,0.5057127010537992,14.1,1023.1316749585407,0.0,3.0,1.0,4.0,2.0,2.0,2.0,2.5714285714285716,1.51185789203691,4.0,2.2142857142857144,1.3114039117603027,4.0,2.1666666666666665,1.5992095748737336,7.0
2025-03-19,18.4,12.4,24.1,0.5057127010537992,8.7,1023.1316749585407,3.0,0.0,3.0,1.0,3.0,2.0,1.0,2.5714285714285716,1.51185789203691,4.0,2.2857142857142856,1.3259870882635933,4.0,2.2333333333333334,1.5905612397739597,7.0
2025-03-20,18.0,13.0,22.0,0.5057127010537992,12.3,1023.1316749585407,0.0,3.0,0.0,3.0,3.0,1.0,1.0,2.142857142857143,1.7728105208558365,4.0,2.2142857142857144,1.4238934396479717,4.0,2.2,1.6273524086899485,7.0
2025-03-21,17.4,13.0,21.5,0.5057127010537992,20.4,1023.1316749585407,2.0,0.0,3.0,0.0,4.0,4.0,4.0,1.8571428571428572,1.5735915849388853,4.0,2.0714285714285716,1.3280573269766138,4.0,2.1333333333333333,1.5916448515084467,7.0
2025-03-22,15.7,13.0,19.0,0.7,15.6,1025.0,5.0,2.0,0.0,3.0,4.0,2.0,1.0,2.0,1.8257418583505534,5.0,2.2857142857142856,1.5406577730392879,5.0,2.2666666666666666,1.6595249285580975,7.0
2025-03-23,16.9,13.4,21.0,2.1,13.5,1025.1,2.0,5.0,2.0,0.0,1.0,1.0,3.0,2.142857142857143,1.7728105208558367,5.0,2.357142857142857,1.4990839693802183,5.0,2.2333333333333334,1.6543220995910723,7.0
2025-03-24,16.5,13.0,23.0,1.6,9.7,1026.8,4.0,2.0,5.0,2.0,3.0,1.0,5.0,2.2857142857142856,1.8898223650461365,5.0,2.5714285714285716,1.5045717874984454,5.0,2.2,1.6060231457944802,7.0
2025-03-25,13.2,10.0,19.0,1.1,8.4,1026.6,7.0,4.0,2.0,5.0,0.0,2.0,2.0,3.2857142857142856,2.2886885410853197,7.0,2.9285714285714284,1.8999710813299533,7.0,2.3666666666666667,1.828572711411704,7.0
2025-03-26,13.6,11.0,20.4,4.8,5.8,1024.3,3.0,7.0,4.0,2.0,3.0,3.0,0.0,3.2857142857142856,2.2886885410853197,7.0,2.9285714285714284,1.8999710813299533,7.0,2.466666666666667,1.77595692191724,7.0
2025-03-27,13.6,10.2,19.0,1.3,9.3,1023.4,0.0,3.0,7.0,4.0,0.0,3.0,2.0,3.2857142857142856,2.2886885410853197,7.0,2.7142857142857144,2.0542103640523828,7.0,2.4,1.8307714597761908,7.0
2025-03-28,18.4,9.6,23.2,0.1,10.1,1023.1,0.0,0.0,3.0,7.0,2.0,4.0,2.0,3.0,2.5819888974716125,7.0,2.4285714285714284,2.138089935299396,7.0,2.3333333333333335,1.881549862495672,7.0
2025-03-29,17.8,11.6,23.2,0.0,9.3,1022.1,2.0,0.0,0.0,3.0,5.0,4.0,7.0,2.5714285714285716,2.4397501823713337,7.0,2.2857142857142856,2.091321681049182,7.0,2.1666666666666665,1.6626388110747223,7.0
2025-03-30,19.2,13.0,26.0,0.0,10.7,1021.8,1.0,2.0,0.0,0.0,2.0,1.0,2.0,2.4285714285714284,2.507132682112035,7.0,2.2857142857142856,2.091321681049182,7.0,2.1333333333333333,1.6760654528683725,7.0
2025-03-31,19.5,12.5,26.0,0.0,7.8,1023.0,3.0,1.0,2.0,0.0,4.0,3.0,0.0,2.2857142857142856,2.4299715851758235,7.0,2.2857142857142856,2.091321681049182,7.0,2.2333333333333334,1.633345062120688,7.0
2025-04-01,20.4,13.8,27.0,0.0,7.2,1023.7,7.0,3.0,1.0,2.0,7.0,0.0,1.0,2.2857142857142856,2.4299715851758235,7.0,2.7857142857142856,2.3263894583856577,7.0,2.433333333333333,1.8323403789601502,7.0
2025-04-02,22.0,15.1,29.0,0.0,8.7,1024.4,6.0,7.0,3.0,1.0,3.0,3.0,1.0,2.7142857142857144,2.8115408417381933,7.0,3.0,2.4806946917841697,7.0,2.6,1.9226418606016933,7.0
2025-04-03,20.7,13.5,27.0,0.0,8.7,1023.7,2.0,6.0,7.0,3.0,0.0,0.0,2.0,3.0,2.581988897471613,7.0,3.142857142857143,2.348719548282323,7.0,2.6,1.9226418606016933,7.0
2025-04-04,20.3,14.0,26.0,0.0,10.2,1022.9,4.0,2.0,6.0,7.0,0.0,2.0,2.0,3.5714285714285716,2.2253945610567505,7.0,3.2857142857142856,2.3346411823981548,7.0,2.6666666666666665,1.9357495800804447,7.0
2025-04-05,19.4,14.5,24.1,0.0,17.6,1023.2,8.0,4.0,2.0,6.0,2.0,5.0,1.0,4.428571428571429,2.6367367999823146,8.0,3.5,2.62385506166316,8.0,2.9,2.139126473345025,8.0
2025-04-06,19.7,14.6,25.4,0.0,9.5,1024.0,4.0,8.0,4.0,2.0,1.0,2.0,4.0,4.857142857142857,2.1930626551751407,8.0,3.642857142857143,2.590133434553365,8.0,2.9,2.139126473345025,8.0
2025-04-07,20.1,14.7,26.5,0.0,11.4,1025.6,4.0,4.0,8.0,4.0,3.0,4.0,2.0,5.0,2.08166599946614,8.0,3.642857142857143,2.590133434553365,8.0,2.966666666666667,2.141274730450153,8.0
2025-04-08,21.6,16.4,28.1,0.3,6.8,1026.6,2.0,4.0,4.0,8.0,7.0,7.0,1.0,4.285714285714286,2.1380899352993996,8.0,3.2857142857142856,2.4314785444432605,8.0,3.0,2.117252611449485,8.0
2025-04-09,21.4,15.6,28.6,0.0,9.2,1026.5,6.0,2.0,4.0,4.0,6.0,3.0,1.0,4.285714285714286,2.1380899352993996,8.0,3.5,2.5343790014670113,8.0,3.1666666666666665,2.1509153357603834,8.0
2025-04-10,20.8,13.9,28.7,0.0,9.7,1023.3,1.0,6.0,2.0,4.0,2.0,0.0,2.0,4.142857142857143,2.340126166724883,8.0,3.5714285714285716,2.4405007592795296,8.0,3.1333333333333333,2.1772068999195917,8.0
2025-04-11,20.8,15.0,26.1,0.0,12.1,1020.6,6.0,1.0,6.0,2.0,4.0,0.0,3.0,4.428571428571429,2.439750182371338,8.0,4.0,2.287087499587463,8.0,3.2333333333333334,2.2388934048232234,8.0
2025-04-12,19.4,14.8,25.9,0.0,18.2,1021.0,3.0,6.0,1.0,6.0,8.0,2.0,3.0,3.7142857142857144,1.8898223650461394,6.0,4.071428571428571,2.234839031005477,8.0,3.2333333333333334,2.2388934048232234,8.0
2025-04-13,19.7,13.6,26.5,0.9,11.7,1022.8,1.0,3.0,6.0,1.0,4.0,1.0,4.0,3.2857142857142856,2.1380899352993965,6.0,4.071428571428571,2.234839031005477,8.0,3.1333333333333333,2.270247340821205,8.0
2025-04-14,19.3,14.6,24.9,0.8,13.1,1024.4,3.0,1.0,3.0,6.0,4.0,3.0,4.0,3.142857142857143,2.1157009420498163,6.0,4.071428571428571,2.234839031005477,8.0,3.1,2.2644174100409487,8.0
2025-04-15,21.5,14.6,29.2,0.4,8.7,1022.8,2.0,3.0,1.0,3.0,2.0,7.0,1.0,3.142857142857143,2.115700942049816,6.0,3.7142857142857144,2.127785827444231,8.0,3.1333333333333333,2.2396633572979208,8.0
2025-04-16,21.8,15.0,28.9,0.5,7.4,1024.7,6.0,2.0,3.0,1.0,6.0,6.0,3.0,3.142857142857143,2.115700942049816,6.0,3.7142857142857144,2.127785827444231,8.0,3.2333333333333334,2.29967513947654,8.0
2025-04-17,21.7,17.0,27.4,0.0,10.7,1023.9,5.0,6.0,2.0,3.0,1.0,2.0,0.0,3.7142857142857144,1.9760470401187107,6.0,3.9285714285714284,2.0926349130034323,8.0,3.4,2.237609561948675,8.0
2025-04-18,21.4,15.7,27.1,0.7,8.5,1023.2,5.0,5.0,6.0,2.0,6.0,4.0,3.0,3.5714285714285716,1.8126539343499342,6.0,4.0,2.1122354181147673,8.0,3.466666666666667,2.2550071998253958,8.0
2025-04-19,21.5,17.0,26.5,8.1,11.5,1022.9,5.0,5.0,5.0,6.0,3.0,8.0,0.0,3.857142857142857,1.8644544714716127,6.0,3.7857142857142856,1.8050600428356292,6.0,3.6333333333333333,2.1732437750393143,8.0
2025-04-20,21.4,15.8,27.9,0.4,8.2,1023.0,5.0,5.0,5.0,5.0,1.0,4.0,2.0,4.428571428571429,1.3972762620115522,6.0,3.857142857142857,1.833749536506381,6.0,3.7333333333333334,2.1644993581113323,8.0
2025-04-21,21.3,16.5,27.5,0.2,8.8,1024.1,3.0,5.0,5.0,5.0,3.0,4.0,5.0,4.428571428571429,1.3972762620115522,6.0,3.7857142857142856,1.8471837786446472,6.0,3.6666666666666665,2.154919525392896,8.0
2025-04-22,20.9,14.7,28.3,0.5,5.4,1025.9,4.0,3.0,5.0,5.0,2.0,2.0,2.0,4.714285714285714,0.9511897312113566,6.0,3.9285714285714284,1.774359503694686,6.0,3.7333333333333334,2.132399220779639,8.0
2025-04-23,21.5,14.2,28.5,0.0,9.0,1026.1,6.0,4.0,3.0,5.0,6.0,6.0,4.0,4.714285714285714,0.9511897312113566,6.0,3.9285714285714284,1.774359503694686,6.0,3.8,2.1719211264017733,8.0
2025-04-24,21.9,15.1,28.7,0.0,10.5,1025.2,5.0,6.0,4.0,3.0,5.0,1.0,7.0,4.714285714285714,0.9511897312113566,6.0,4.214285714285714,1.5776599725577727,6.0,3.7333333333333334,2.0998084203800245,8.0
2025-04-25,22.3,17.0,29.2,0.0,7.7,1024.0,3.0,5.0,6.0,4.0,5.0,6.0,3.0,4.428571428571429,1.1338934190276921,6.0,4.0,1.519109050625501,6.0,3.7333333333333334,2.0998084203800245,8.0
2025-04-26,21.9,14.8,29.2,0.0,10.7,1022.5,4.0,3.0,5.0,6.0,5.0,3.0,0.0,4.285714285714286,1.1126972805283832,6.0,4.071428571428571,1.4917354742965419,6.0,3.8666666666666667,1.9780403631273358,8.0
2025-04-27,21.9,14.8,28.0,0.0,8.1,1022.5,3.0,4.0,3.0,5.0,5.0,1.0,0.0,4.0,1.1547005383792588,6.0,4.214285714285714,1.2513728724621087,6.0,3.966666666666667,1.847334208572158,8.0
2025-04-28,22.1,14.8,28.4,0.0,8.9,1021.6,4.0,3.0,4.0,3.0,3.0,3.0,2.0,4.142857142857143,1.0690449676497065,6.0,4.285714285714286,1.2043875831929907,6.0,4.033333333333333,1.8096167118144555,8.0
2025-04-29,21.6,14.6,28.1,0.0,7.8,1020.5,2.0,4.0,3.0,4.0,4.0,2.0,1.0,3.857142857142857,1.3451854182691039,6.0,4.285714285714286,1.2043875831929907,6.0,4.066666666666666,1.760355241055806,8.0
2025-04-30,22.1,16.0,28.0,0.1,8.3,1021.5,7.0,2.0,4.0,3.0,6.0,6.0,3.0,4.0,1.6329931618554572,7.0,4.357142857142857,1.3363062095621228,7.0,4.2,1.8270005567822796,8.0
2025-05-01,22.7,16.3,28.6,0.3,8.7,1022.2,5.0,7.0,2.0,4.0,5.0,5.0,7.0,4.0,1.6329931618554572,7.0,4.357142857142857,1.3363062095621228,7.0,4.133333333333334,1.7564331673207405,8.0
2025-05-02,22.5,17.1,28.4,0.0,9.1,1022.9,7.0,5.0,7.0,2.0,3.0,5.0,6.0,4.571428571428571,1.9023794624226906,7.0,4.5,1.5063966175050882,7.0,4.166666666666667,1.801978478445736,8.0
2025-05-03,22.4,17.8,27.0,1.8,10.2,1022.6,4.0,7.0,5.0,7.0,4.0,5.0,2.0,4.571428571428571,1.9023794624226906,7.0,4.428571428571429,1.504571787498445,7.0,4.233333333333333,1.7554512797005501,8.0
2025-05-04,20.5,16.5,26.1,0.4,11.2,1022.5,7.0,4.0,7.0,5.0,3.0,5.0,4.0,5.142857142857143,1.9518001458970755,7.0,4.571428571428571,1.6508406117111145,7.0,4.333333333333333,1.8257418583505538,8.0
2025-05-05,20.6,15.8,26.0,0.1,9.6,1023.2,4.0,7.0,4.0,7.0,4.0,3.0,8.0,5.142857142857143,1.9518001458970755,7.0,4.642857142857143,1.5984195491000026,7.0,4.2,1.6897255439251382,7.0
2025-05-06,22.5,18.2,28.7,0.0,9.1,1024.7,9.0,4.0,7.0,4.0,2.0,4.0,4.0,6.142857142857143,1.8644544714716225,9.0,5.0,1.96116135138184,9.0,4.366666666666666,1.9025089303036289,9.0
2025-05-07,21.9,16.5,29.3,4.1,8.1,1024.6,5.0,9.0,4.0,7.0,7.0,6.0,4.0,5.857142857142857,1.8644544714716211,9.0,4.928571428571429,1.9400351192017795,9.0,4.4,1.9046223265772542,9.0
2025-05-08,20.7,15.9,29.0,0.6,8.1,1024.3,3.0,5.0,9.0,4.0,5.0,5.0,2.0,5.571428571428571,2.149196970742249,9.0,4.785714285714286,2.006856379383569,9.0,4.433333333333334,1.8695995022599292,9.0
2025-05-09,21.9,15.2,28.6,0.4,7.2,1025.4,1.0,3.0,5.0,9.0,7.0,3.0,6.0,4.714285714285714,2.6276913640612234,9.0,4.642857142857143,2.205138853368958,9.0,4.266666666666667,1.9464084224865135,9.0
2025-05-10,22.9,16.8,29.0,0.0,8.5,1025.5,9.0,1.0,3.0,5.0,4.0,4.0,1.0,5.428571428571429,3.0472470011002266,9.0,5.0,2.480694691784169,9.0,4.533333333333333,2.0296650536197,9.0
2025-05-11,22.9,18.7,28.5,0.0,8.4,1025.0,10.0,9.0,1.0,3.0,7.0,3.0,6.0,5.857142857142857,3.4846602621858547,10.0,5.5,2.7386127875258297,10.0,4.666666666666667,2.248882225544018,10.0
2025-05-12,21.7,17.9,28.0,2.2,8.0,1023.6,6.0,10.0,9.0,1.0,4.0,4.0,3.0,6.142857142857143,3.387652649872847,10.0,5.642857142857143,2.7063214561791837,10.0,4.766666666666667,2.238893404823222,10.0
2025-05-13,22.6,14.7,30.4,0.0,6.2,1023.0,2.0,6.0,10.0,9.0,9.0,2.0,1.0,5.142857142857143,3.436498771936903,10.0,5.642857142857143,2.7063214561791837,10.0,4.8,2.187740134602765,10.0
2025-05-14,24.7,16.7,31.4,0.0,8.0,1023.7,2.0,2.0,6.0,10.0,5.0,7.0,3.0,4.714285714285714,3.6384193323605882,10.0,5.285714285714286,2.8400588138160208,10.0,4.766666666666667,2.2234383645425253,10.0
2025-05-15,25.1,19.4,32.3,0.0,7.5,1023.7,4.0,2.0,2.0,6.0,3.0,5.0,2.0,4.857142857142857,3.5790395093549665,10.0,5.214285714285714,2.86030045298019,10.0,4.833333333333333,2.166887698716889,10.0
2025-05-16,25.7,17.9,32.0,0.0,11.2,1023.3,4.0,4.0,2.0,2.0,1.0,7.0,6.0,5.285714285714286,3.1997023671109277,10.0,5.0,2.82842712474619,10.0,4.766666666666667,2.16051292334807,10.0
2025-05-17,24.7,18.4,30.5,0.0,19.6,1024.1,6.0,4.0,4.0,2.0,9.0,4.0,5.0,4.857142857142857,2.794552524023093,10.0,5.142857142857143,2.824539250572025,10.0,4.8,2.171921126401773,10.0
2025-05-18,24.1,17.2,29.6,0.0,18.7,1024.7,4.0,6.0,4.0,4.0,10.0,7.0,5.0,4.0,1.6329931618554574,6.0,4.928571428571429,2.786348194992195,10.0,4.766666666666667,2.1764148522732065,10.0
2025-05-19,23.1,15.8,30.6,0.0,9.4,1022.5,2.0,4.0,6.0,4.0,6.0,4.0,5.0,3.4285714285714284,1.511857892036912,6.0,4.785714285714286,2.8870685539427074,10.0,4.666666666666667,2.2334963055994606,10.0
2025-05-20,23.3,17.5,29.2,0.0,7.6,1021.6,3.0,2.0,4.0,6.0,2.0,9.0,5.0,3.5714285714285716,1.397276262011548,6.0,4.357142857142857,2.6488645711858356,10.0,4.6,2.2529673919001842,10.0
2025-05-21,24.5,17.4,31.6,0.0,7.6,1022.8,6.0,3.0,2.0,4.0,2.0,5.0,3.0,4.142857142857143,1.4638501094228065,6.0,4.428571428571429,2.68082322931095,10.0,4.7,2.246069363623238,10.0
2025-05-22,25.4,17.0,34.2,0.0,5.5,1023.3,6.0,6.0,3.0,2.0,4.0,3.0,4.0,4.428571428571429,1.6183471874253816,6.0,4.642857142857143,2.677747125911943,10.0,4.766666666666667,2.2542424881547904,10.0
2025-05-23,25.8,18.0,33.0,0.0,7.5,1021.9,8.0,6.0,6.0,3.0,4.0,1.0,6.0,5.0,2.0816659994661406,8.0,5.142857142857143,2.5975474485084473,10.0,4.833333333333333,2.3205726601992813,10.0
2025-05-24,25.9,19.0,33.4,0.0,8.7,1020.6,4.0,8.0,6.0,6.0,6.0,9.0,5.0,4.714285714285714,2.0586634591635584,8.0,4.785714285714286,2.3592231912080863,10.0,4.8,2.325273435904719,10.0
2025-05-25,25.7,18.9,33.3,0.0,9.5,1020.8,6.0,4.0,8.0,6.0,4.0,10.0,3.0,5.0,2.0816659994661406,8.0,4.5,1.870828693386971,8.0,4.9,2.309649921226308,10.0
2025-05-26,26.1,18.3,33.2,0.0,9.4,1022.2,4.0,6.0,4.0,8.0,2.0,6.0,4.0,5.285714285714286,1.7043362064927046,8.0,4.357142857142857,1.8232322463624395,8.0,4.9,2.309649921226308,10.0
2025-05-27,26.2,18.4,33.8,0.3,8.2,1022.8,4.0,4.0,6.0,4.0,3.0,2.0,3.0,5.428571428571429,1.5118578920369223,8.0,4.5,1.6984155512168944,8.0,4.933333333333334,2.2884015402012396,10.0
2025-05-28,24.0,17.6,31.9,0.0,7.0,1023.0,4.0,4.0,4.0,6.0,6.0,2.0,4.0,5.142857142857143,1.5735915849388975,8.0,4.642857142857143,1.5495479666983214,8.0,4.933333333333334,2.2884015402012396,10.0
2025-05-29,23.5,16.2,32.1,0.2,8.8,1023.4,6.0,4.0,4.0,4.0,6.0,4.0,2.0,5.142857142857143,1.5735915849388975,8.0,4.785714285714286,1.5776599725577718,8.0,5.066666666666666,2.227312178440617,10.0
2025-05-30,23.7,17.2,30.9,2.0,8.0,1023.0,8.0,6.0,4.0,4.0,8.0,4.0,7.0,5.142857142857143,1.5735915849388975,8.0,5.071428571428571,1.7743595036946846,8.0,5.1,2.2644174100409473,10.0
2025-05-31,24.6,18.4,32.1,0.0,8.8,1023.2,8.0,8.0,6.0,4.0,4.0,6.0,5.0,5.714285714285714,1.7994708216848874,8.0,5.214285714285714,1.928673175989187,8.0,5.2,2.325273435904719,10.0
2025-06-01,24.8,17.8,32.7,0.0,7.4,1025.3,7.0,8.0,8.0,6.0,6.0,4.0,7.0,5.857142857142857,1.8644544714716218,8.0,5.428571428571429,1.9499225118444576,8.0,5.2,2.325273435904719,10.0
2025-06-02,24.6,16.6,32.2,0.0,8.4,1024.8,12.0,7.0,8.0,8.0,4.0,2.0,4.0,7.0,2.768874620972704,12.0,6.142857142857143,2.38124540321439,12.0,5.466666666666667,2.622624814863962,12.0
2025-06-03,24.2,15.8,32.5,0.0,8.7,1022.4,11.0,12.0,7.0,8.0,4.0,3.0,7.0,8.0,2.7688746209727073,12.0,6.714285714285714,2.524604201380161,12.0,5.6,2.799014604931652,12.0
2025-06-04,23.8,17.4,30.2,0.0,9.0,1022.0,15.0,11.0,12.0,7.0,4.0,6.0,4.0,9.571428571428571,3.2071349029491105,15.0,7.357142857142857,3.342204313073881,15.0,5.966666666666667,3.264050089766661,15.0
2025-06-05,24.0,18.1,31.9,0.2,8.8,1023.3,2.0,15.0,11.0,12.0,6.0,6.0,9.0,9.0,4.163331998932279,15.0,7.071428571428571,3.626065587982605,15.0,5.733333333333333,3.2898310755640825,15.0
2025-06-06,24.4,18.5,32.7,0.4,8.2,1023.9,4.0,2.0,15.0,11.0,8.0,8.0,5.0,8.428571428571429,4.577377082170645,15.0,6.785714285714286,3.7040221678305607,15.0,5.7,3.3025590913296523,15.0
2025-06-07,25.4,17.9,33.1,0.0,7.9,1023.8,15.0,4.0,2.0,15.0,8.0,4.0,3.0,9.428571428571429,5.19156825558338,15.0,7.571428571428571,4.200994126198182,15.0,6.1,3.670478687188287,15.0
2025-06-08,23.7,18.3,32.5,0.0,11.2,1023.2,3.0,15.0,4.0,2.0,7.0,6.0,1.0,8.857142857142858,5.698788509515912,15.0,7.357142857142857,4.360789322643723,15.0,6.166666666666667,3.5919770114206906,15.0
2025-06-09,25.1,18.4,33.2,0.0,7.8,1023.1,6.0,3.0,15.0,4.0,12.0,4.0,9.0,8.0,5.597618541248896,15.0,7.5,4.27425207132555,15.0,6.066666666666666,3.5519138438344746,15.0
2025-06-10,25.3,17.7,33.2,0.0,9.8,1022.3,12.0,6.0,3.0,15.0,11.0,4.0,10.0,8.142857142857142,5.698788509515911,15.0,8.071428571428571,4.3049932674705795,15.0,6.133333333333334,3.645813218335315,15.0
2025-06-11,27.3,18.6,33.0,0.0,11.0,1021.7,13.0,12.0,6.0,3.0,15.0,4.0,6.0,7.857142857142857,5.3363086938623185,15.0,8.714285714285714,4.32218910753783,15.0,6.366666666666666,3.8549863216657316,15.0
2025-06-12,27.2,18.3,33.4,0.0,11.9,1022.1,12.0,13.0,12.0,6.0,2.0,6.0,2.0,9.285714285714286,4.82059075613097,15.0,9.142857142857142,4.329809781878729,15.0,6.7,3.8965059502956825,15.0
2025-06-13,27.3,19.4,34.4,0.0,14.3,1022.5,9.0,12.0,13.0,12.0,4.0,8.0,2.0,10.0,4.242640687119301,15.0,9.214285714285714,4.317737502773544,15.0,6.933333333333334,3.814069537486386,15.0
2025-06-14,26.6,19.5,34.6,0.0,8.0,1022.1,6.0,9.0,12.0,13.0,15.0,8.0,4.0,8.714285714285714,3.817254061682125,13.0,9.071428571428571,4.393426658338315,15.0,7.0,3.778341179534416,15.0
2025-06-15,26.2,19.3,34.5,0.0,9.1,1021.6,5.0,6.0,9.0,12.0,3.0,7.0,4.0,9.0,3.36650164612071,13.0,8.928571428571429,4.497251908140648,15.0,7.033333333333333,3.7553027641689183,15.0
2025-06-16,26.0,19.8,34.0,0.0,7.2,1020.6,10.0,5.0,6.0,9.0,6.0,12.0,6.0,9.571428571428571,3.1014589500826455,13.0,8.785714285714286,4.4233396959688775,15.0,7.166666666666667,3.7882152410658616,15.0
2025-06-17,25.9,18.3,34.3,0.0,10.4,1020.3,3.0,10.0,5.0,6.0,12.0,11.0,4.0,8.285714285714286,3.7289089429432307,13.0,8.214285714285714,4.6273197330731195,15.0,7.133333333333334,3.821295441414432,15.0
2025-06-18,26.2,19.0,34.5,0.0,11.2,1021.4,6.0,3.0,10.0,5.0,13.0,15.0,2.0,7.285714285714286,3.1471831698777843,12.0,7.571428571428571,4.2192650784464565,15.0,7.266666666666667,3.7039897718386134,15.0
2025-06-19,26.0,19.0,34.8,0.0,9.5,1022.3,6.0,6.0,3.0,10.0,12.0,2.0,3.0,6.428571428571429,2.3704530408864195,10.0,7.857142857142857,3.9390967894281927,15.0,7.366666666666666,3.624469838361937,15.0
2025-06-20,25.2,18.6,33.4,0.0,12.4,1022.0,5.0,6.0,6.0,3.0,9.0,4.0,6.0,5.857142857142857,2.115700942049825,10.0,7.928571428571429,3.872273943628662,15.0,7.333333333333333,3.642027981234076,15.0
2025-06-21,26.4,18.2,33.0,0.0,10.9,1022.0,6.0,5.0,6.0,6.0,6.0,15.0,6.0,5.857142857142857,2.115700942049825,10.0,7.285714285714286,3.3149677206589763,13.0,7.333333333333333,3.642027981234076,15.0
2025-06-22,25.2,17.7,32.6,0.0,13.4,1021.5,6.0,6.0,5.0,6.0,5.0,3.0,8.0,6.0,2.0816659994661437,10.0,7.5,3.1070639120954904,13.0,7.266666666666667,3.6477043639029723,15.0
2025-06-23,24.4,17.8,33.8,0.0,10.4,1021.0,3.0,6.0,6.0,5.0,10.0,6.0,4.0,5.0,1.4142135623731036,6.0,7.285714285714286,3.3149677206589763,13.0,7.233333333333333,3.682983548170146,15.0
2025-06-24,24.9,17.0,35.1,0.0,8.1,1021.2,10.0,3.0,6.0,6.0,3.0,12.0,6.0,6.0,2.0816659994661437,10.0,7.142857142857143,3.134354131902744,13.0,7.366666666666666,3.7091065318170386,15.0
2025-06-25,24.3,18.3,33.6,0.2,8.7,1021.3,12.0,10.0,3.0,6.0,6.0,13.0,4.0,6.857142857142857,3.078342163598865,12.0,7.071428571428571,2.9990841092749423,12.0,7.633333333333334,3.746109092556347,15.0
2025-06-26,25.9,17.5,34.8,0.0,9.7,1021.0,8.0,12.0,10.0,3.0,6.0,12.0,4.0,7.142857142857143,3.0783421635988657,12.0,6.785714285714286,2.6654072117399967,12.0,7.766666666666667,3.6829835481701467,15.0
2025-06-27,26.4,20.7,35.0,0.0,7.9,1020.9,7.0,8.0,12.0,10.0,5.0,9.0,4.0,7.428571428571429,2.9358214555806517,12.0,6.642857142857143,2.5901334345533606,12.0,7.866666666666666,3.6173273934307324,15.0
2025-06-28,26.2,20.0,34.2,0.0,7.9,1020.2,11.0,7.0,8.0,12.0,6.0,6.0,6.0,8.142857142857142,3.1320159337915094,12.0,7.0,2.8284271247461863,12.0,8.033333333333333,3.6434479059920934,15.0
2025-06-29,26.1,19.1,33.6,0.0,9.3,1019.8,11.0,11.0,7.0,8.0,6.0,5.0,8.0,8.857142857142858,3.132015933791512,12.0,7.428571428571429,2.9538576007104176,12.0,8.133333333333333,3.6834516546242377,15.0
2025-06-30,26.0,19.2,33.9,0.0,9.7,1020.5,9.0,11.0,11.0,7.0,3.0,10.0,8.0,9.714285714285714,1.7994708216849093,12.0,7.357142857142857,2.8984649214884213,12.0,8.166666666666666,3.686726735600093,15.0
2025-07-01,26.1,19.2,33.5,0.0,9.3,1021.4,12.0,9.0,11.0,11.0,10.0,3.0,7.0,10.0,2.0000000000000324,12.0,8.0,2.8554940297339333,12.0,8.333333333333334,3.7447280950353576,15.0
2025-07-02,26.6,21.6,33.3,0.0,11.0,1021.5,10.0,12.0,9.0,11.0,12.0,6.0,12.0,9.714285714285714,1.7994708216849093,12.0,8.285714285714286,2.8400588138160185,12.0,8.266666666666667,3.6946684171443165,15.0
2025-07-03,26.1,19.5,33.8,0.0,9.4,1021.6,11.0,10.0,12.0,9.0,8.0,6.0,11.0,10.142857142857142,1.676163419695091,12.0,8.642857142857142,2.844891314867157,12.0,8.266666666666667,3.6946684171443165,15.0
2025-07-04,25.7,20.0,32.2,0.0,9.2,1021.4,8.0,11.0,10.0,12.0,7.0,5.0,15.0,10.285714285714286,1.3801311186847571,12.0,8.857142857142858,2.6561146539532223,12.0,8.033333333333333,3.4689095308660534,15.0
2025-07-05,25.9,20.3,32.5,0.0,8.6,1021.3,12.0,8.0,11.0,10.0,11.0,6.0,2.0,10.428571428571429,1.5118578920369543,12.0,9.285714285714286,2.6436737675081967,12.0,8.366666666666667,3.3474986372568987,15.0
2025-07-06,26.7,21.1,33.7,0.0,10.1,1020.8,8.0,12.0,8.0,11.0,11.0,6.0,4.0,10.0,1.7320508075689143,12.0,9.428571428571429,2.502745744924214,12.0,8.5,3.2456867930563944,15.0
2025-07-07,25.4,18.4,33.4,0.0,9.5,1020.3,6.0,8.0,12.0,8.0,9.0,3.0,15.0,9.571428571428571,2.2990681342044663,12.0,9.642857142857142,1.9848325973644318,12.0,8.2,3.033150177620622,13.0
2025-07-08,25.6,19.0,33.4,0.0,11.2,1020.6,11.0,6.0,8.0,12.0,12.0,10.0,3.0,9.428571428571429,2.1491969707422673,12.0,9.714285714285714,2.016416144037253,12.0,8.466666666666667,2.9093586606143917,13.0
2025-07-09,24.6,20.7,31.8,0.5,13.0,1021.1,11.0,11.0,6.0,8.0,10.0,12.0,6.0,9.571428571428571,2.2253945610567745,12.0,9.642857142857142,1.945691210268033,12.0,8.633333333333333,2.9063940608220387,13.0
2025-07-10,24.9,19.4,30.4,0.1,13.0,1020.5,16.0,11.0,11.0,6.0,11.0,8.0,12.0,10.285714285714286,3.3022358947782697,16.0,10.214285714285714,2.516975334635769,16.0,8.766666666666667,3.147887450703863,16.0
2025-07-11,25.1,21.5,30.5,1.6,11.0,1020.5,9.0,16.0,11.0,11.0,8.0,7.0,13.0,10.428571428571429,3.207134902949114,16.0,10.357142857142858,2.3731557327466186,16.0,8.633333333333333,3.0454412888246876,16.0
2025-07-12,25.6,18.4,32.9,0.0,11.1,1021.9,9.0,9.0,16.0,11.0,12.0,11.0,12.0,10.0,3.1622776601684,16.0,10.214285714285714,2.391606200815725,16.0,8.533333333333333,2.979624291675083,16.0
2025-07-13,26.2,18.3,32.4,0.0,9.5,1022.0,8.0,9.0,9.0,16.0,8.0,11.0,9.0,10.0,3.1622776601684,16.0,10.0,2.4494897427831788,16.0,8.5,2.97981716634219,16.0
2025-07-14,26.1,19.2,32.2,0.0,5.4,1021.7,8.0,8.0,9.0,9.0,6.0,9.0,6.0,10.285714285714286,2.811540841738217,16.0,9.928571428571429,2.4950500446433392,16.0,8.566666666666666,2.9441155024818637,16.0
2025-07-15,25.4,18.9,32.5,0.0,8.5,1020.5,16.0,8.0,8.0,9.0,11.0,12.0,5.0,11.0,3.559026084010458,16.0,10.214285714285714,2.9398736610366694,16.0,8.933333333333334,3.161550616208855,16.0
2025-07-16,26.4,19.2,32.3,0.0,10.3,1021.3,12.0,16.0,8.0,8.0,11.0,10.0,10.0,11.142857142857142,3.5790395093549834,16.0,10.357142857142858,2.9770181999170533,16.0,9.0,3.205598550811616,16.0
2025-07-17,27.2,21.2,32.0,0.0,23.2,1022.8,9.0,12.0,16.0,8.0,16.0,11.0,3.0,10.142857142857142,2.9113897843110266,16.0,10.214285714285714,2.991746889452625,16.0,9.2,2.998850354431825,16.0
2025-07-18,27.0,22.5,32.6,0.0,20.0,1022.4,12.0,9.0,12.0,16.0,9.0,8.0,6.0,10.571428571428571,2.9358214555806623,16.0,10.5,2.954787510256743,16.0,9.4,2.978080844644987,16.0
2025-07-19,26.7,19.9,33.7,0.0,11.5,1020.4,8.0,12.0,9.0,12.0,9.0,12.0,6.0,10.428571428571429,3.0472470011002426,16.0,10.214285714285714,2.991746889452625,16.0,9.466666666666667,2.9211869733608893,16.0
2025-07-20,24.6,19.9,31.6,0.0,11.3,1020.0,13.0,8.0,12.0,9.0,8.0,8.0,5.0,11.142857142857142,2.968084198523344,16.0,10.571428571428571,3.005489483090408,16.0,9.733333333333333,2.8639655812482685,16.0
2025-07-21,26.0,21.0,31.0,0.0,10.0,1020.0,9.0,13.0,8.0,12.0,8.0,6.0,6.0,11.285714285714286,2.8115408417382204,16.0,10.785714285714286,2.750624304759573,16.0,9.833333333333334,2.7802670838376815,16.0
2025-07-22,27.3,18.3,33.6,0.0,13.1,1020.7,13.0,9.0,13.0,8.0,16.0,11.0,6.0,10.857142857142858,2.11570094204985,13.0,10.928571428571429,2.8138198978581475,16.0,10.066666666666666,2.740920224698439,16.0
2025-07-23,25.7,18.9,33.4,0.0,10.8,1020.8,14.0,13.0,9.0,13.0,12.0,11.0,3.0,11.142857142857142,2.41029537806551,14.0,11.142857142857142,2.9314512776791317,16.0,10.433333333333334,2.4869775775556144,16.0
2025-07-24,25.3,18.9,31.7,0.0,9.6,1019.8,16.0,14.0,13.0,9.0,9.0,16.0,10.0,12.142857142857142,2.7945525240231177,16.0,11.142857142857142,2.9314512776791317,16.0,10.633333333333333,2.6843522731632685,16.0
2025-07-25,26.7,20.6,31.6,0.0,11.8,1019.0,23.0,16.0,14.0,13.0,12.0,9.0,12.0,13.714285714285714,4.956957592256441,23.0,12.142857142857142,4.240049761267197,23.0,11.0,3.503692633346359,23.0
2025-07-26,26.0,20.4,30.8,0.0,13.7,1019.9,23.0,23.0,16.0,14.0,8.0,9.0,8.0,15.857142857142858,5.304984179322063,23.0,13.142857142857142,5.0208357082054835,23.0,11.5,4.083186720332964,23.0
2025-07-27,23.0,18.6,30.3,0.0,10.6,1021.5,11.0,23.0,23.0,16.0,13.0,8.0,7.0,15.571428571428571,5.533448076836708,23.0,13.357142857142858,4.845412467274796,23.0,11.633333333333333,3.9955434944562898,23.0
2025-07-28,21.8,19.0,28.1,10.9,13.6,1021.3,24.0,11.0,23.0,23.0,9.0,8.0,11.0,17.714285714285715,5.468524655221204,24.0,14.5,5.34573877746782,24.0,12.066666666666666,4.585835262792514,24.0
2025-07-29,23.7,16.0,29.4,0.0,7.2,1021.7,20.0,24.0,11.0,23.0,13.0,16.0,11.0,18.714285714285715,5.089672082242843,24.0,14.785714285714286,5.535599077142167,24.0,12.366666666666667,4.802896635568378,24.0
2025-07-30,23.8,19.1,32.6,0.3,6.4,1022.9,24.0,20.0,24.0,11.0,14.0,12.0,9.0,20.142857142857142,4.947341758580137,24.0,15.642857142857142,5.982116204631464,24.0,12.866666666666667,5.2043306458433625,24.0
2025-07-31,24.3,18.7,31.2,0.0,10.7,1022.0,25.0,24.0,20.0,24.0,16.0,9.0,12.0,21.428571428571427,4.859943170351682,25.0,16.785714285714285,6.141643120515901,25.0,13.3,5.651670488479034,25.0
2025-08-01,24.3,19.2,31.0,0.0,15.4,1020.3,29.0,25.0,24.0,20.0,23.0,12.0,10.0,22.285714285714285,5.6484300389366835,29.0,18.0,6.770978795281664,29.0,13.933333333333334,6.296870231523252,29.0
2025-08-02,23.8,17.0,31.7,0.9,11.8,1021.0,20.0,29.0,25.0,24.0,23.0,8.0,11.0,21.857142857142858,5.698788509515933,29.0,18.857142857142858,6.137615959827543,29.0,14.233333333333333,6.366308589557318,29.0
2025-08-03,26.3,18.5,32.1,0.0,16.2,1021.5,18.0,20.0,29.0,25.0,11.0,13.0,8.0,22.857142857142858,3.7606990231681015,29.0,19.214285714285715,5.911898971612214,29.0,14.566666666666666,6.290021289001491,29.0
2025-08-04,27.3,20.4,33.3,0.3,16.3,1021.8,27.0,18.0,20.0,29.0,24.0,9.0,12.0,23.285714285714285,4.070801956792906,29.0,20.5,5.4596421409917,29.0,15.066666666666666,6.664022464120215,29.0
2025-08-05,26.7,21.1,32.7,0.0,10.3,1021.4,23.0,27.0,18.0,20.0,20.0,13.0,8.0,23.714285714285715,3.8172540616821613,29.0,21.214285714285715,5.041040360093147,29.0,15.566666666666666,6.678237085841792,29.0
2025-08-06,27.3,20.9,33.4,0.0,10.9,1019.8,25.0,23.0,27.0,18.0,24.0,14.0,6.0,23.857142857142858,3.848314411469546,29.0,22.0,4.6739869326041115,29.0,16.2,6.6405234525704335,29.0
2025-08-07,25.7,18.6,33.3,0.0,12.3,1018.6,27.0,25.0,23.0,27.0,25.0,16.0,11.0,24.142857142857142,4.0178174601215435,29.0,22.785714285714285,4.509452831016752,29.0,16.733333333333334,6.8477700036572875,29.0
2025-08-08,24.2,19.2,32.9,2.0,12.2,1018.9,15.0,27.0,25.0,23.0,29.0,23.0,11.0,22.142857142857142,4.634241089562652,27.0,22.214285714285715,4.964157243969744,29.0,16.866666666666667,6.770795976908444,29.0
2025-08-09,23.6,17.9,32.3,3.7,8.6,1020.9,25.0,15.0,27.0,25.0,20.0,23.0,16.0,22.857142857142858,4.634241089562653,27.0,22.357142857142858,5.017004053250289,29.0,17.166666666666668,6.928617980985588,29.0
2025-08-10,23.4,19.6,32.3,0.2,9.3,1021.1,35.0,25.0,15.0,27.0,18.0,11.0,9.0,25.285714285714285,5.936168397046671,35.0,24.071428571428573,4.937521734546702,35.0,18.033333333333335,7.476322779204399,35.0
2025-08-11,22.3,16.0,30.0,3.0,8.1,1020.8,24.0,35.0,25.0,15.0,27.0,24.0,9.0,24.857142857142858,5.899959644736921,35.0,24.071428571428573,4.937521734546702,35.0,18.533333333333335,7.35190959633235,35.0
2025-08-12,22.3,17.4,30.0,2.2,6.6,1020.8,43.0,24.0,35.0,25.0,23.0,20.0,8.0,27.714285714285715,8.920281866142405,43.0,25.714285714285715,6.910733807508575,43.0,19.7,8.334183864641767,43.0
2025-08-13,23.3,17.1,31.3,0.4,9.9,1021.2,36.0,43.0,24.0,35.0,25.0,24.0,8.0,29.285714285714285,9.32227235735807,43.0,26.571428571428573,7.40804433566114,43.0,20.633333333333333,8.543936480025623,43.0
2025-08-14,23.6,17.9,31.6,1.0,10.2,1021.0,31.0,36.0,43.0,24.0,27.0,25.0,16.0,29.857142857142858,9.28131764044619,43.0,27.0,7.483314773547898,43.0,21.133333333333333,8.70090496020022,43.0
2025-08-15,22.6,17.9,31.2,0.2,9.8,1019.9,32.0,31.0,36.0,43.0,15.0,29.0,12.0,32.285714285714285,6.575568054403798,43.0,27.214285714285715,7.587221762011065,43.0,21.8,8.743076078265865,43.0
2025-08-16,23.6,18.4,31.5,1.2,11.6,1018.3,29.0,32.0,31.0,36.0,25.0,20.0,9.0,32.857142857142854,5.984105932344808,43.0,27.857142857142858,7.304973467620371,43.0,22.466666666666665,8.49232242851654,43.0
2025-08-17,25.4,20.4,33.1,0.0,11.6,1018.4,29.0,29.0,32.0,31.0,35.0,18.0,12.0,32.0,6.055300708195027,43.0,28.642857142857142,6.732323211505525,43.0,23.033333333333335,8.335562920127368,43.0
2025-08-18,22.5,19.0,30.5,1.1,8.6,1019.3,29.0,29.0,29.0,32.0,24.0,27.0,8.0,32.714285714285715,5.186980037050694,43.0,28.785714285714285,6.7159806137596805,43.0,23.733333333333334,7.899949075930733,43.0
2025-08-19,19.4,16.0,24.9,15.7,10.0,1019.5,20.0,29.0,29.0,29.0,43.0,23.0,13.0,29.428571428571427,4.8599431703517,36.0,28.571428571428573,6.958274385045668,43.0,23.966666666666665,7.672087039406545,43.0
2025-08-20,19.3,15.5,26.5,0.4,9.1,1018.6,43.0,20.0,29.0,29.0,36.0,25.0,9.0,30.428571428571427,6.778818551368777,43.0,29.857142857142858,7.853045884899051,43.0,25.1,7.893034904268446,43.0
2025-08-21,21.1,16.4,31.2,1.5,14.9,1018.5,29.0,43.0,20.0,29.0,31.0,27.0,13.0,30.142857142857142,6.792853387410747,43.0,30.0,7.8151726197777185,43.0,25.633333333333333,7.581662693328047,43.0
2025-08-22,21.4,16.5,28.4,1.7,13.5,1019.1,22.0,29.0,43.0,20.0,32.0,15.0,14.0,28.714285714285715,7.364651739090977,43.0,30.5,6.958669191955972,43.0,25.9,7.293596624720751,43.0
2025-08-23,19.8,17.0,26.3,9.9,13.1,1019.9,24.0,22.0,29.0,43.0,29.0,25.0,16.0,28.0,7.5718777944003985,43.0,30.428571428571427,7.024290664590952,43.0,26.166666666666668,7.06171481242014,43.0
2025-08-24,18.8,15.0,24.0,19.8,12.4,1021.3,23.0,24.0,22.0,29.0,29.0,35.0,23.0,27.142857142857142,7.776643908280163,43.0,29.571428571428573,7.154496012076144,43.0,26.166666666666668,7.06171481242014,43.0
2025-08-25,19.6,17.0,25.0,1.7,14.4,1022.1,17.0,23.0,24.0,22.0,29.0,24.0,23.0,25.428571428571427,8.58015428876708,43.0,29.071428571428573,7.790174143548617,43.0,25.966666666666665,7.237275794077508,43.0
2025-08-26,20.6,16.0,29.0,0.5,14.6,1021.7,40.0,17.0,23.0,24.0,20.0,43.0,11.0,28.285714285714285,9.724784242924317,43.0,28.857142857142858,7.409527576107613,43.0,26.933333333333334,7.104798443273406,43.0
2025-08-27,21.2,17.0,28.0,1.0,15.6,1021.2,36.0,40.0,17.0,23.0,43.0,36.0,24.0,27.285714285714285,8.199883855158909,40.0,28.857142857142858,7.409527576107613,43.0,27.333333333333332,7.269840074763932,43.0
2025-08-28,21.4,16.0,30.0,0.2,14.3,1020.9,23.0,36.0,40.0,17.0,29.0,31.0,20.0,26.428571428571427,8.30375703837615,40.0,28.285714285714285,7.538910056179546,43.0,27.433333333333334,7.185633815700137,43.0
2025-08-29,22.2,18.0,30.0,0.0,10.7,1022.2,24.0,23.0,36.0,40.0,22.0,32.0,24.0,26.714285714285715,8.159131606453537,40.0,27.714285714285715,7.538910056179546,43.0,27.433333333333334,7.185633815700137,43.0
2025-08-30,24.7,19.0,30.0,0.0,14.7,1023.1,22.0,24.0,23.0,36.0,24.0,29.0,25.0,26.428571428571427,8.30375703837615,40.0,27.214285714285715,7.6779261165076145,43.0,27.333333333333332,7.241324575600474,43.0
2025-08-31,25.4,19.0,31.0,0.0,17.4,1022.4,20.0,22.0,24.0,23.0,23.0,29.0,29.0,26.0,8.582928793055851,40.0,26.571428571428573,7.890737371357414,43.0,27.033333333333335,7.355426490053088,43.0
2025-09-01,23.5,18.0,31.0,0.0,11.5,1021.1,13.0,20.0,22.0,24.0,17.0,29.0,20.0,25.428571428571427,9.37829307242962,40.0,25.428571428571427,8.635475005547107,43.0,26.8,7.689670635518702,43.0
2025-09-02,22.8,18.0,29.0,1.4,11.6,1020.8,30.0,13.0,20.0,22.0,40.0,20.0,18.0,24.0,7.325753658612003,36.0,26.142857142857142,8.565199201573634,43.0,27.2,7.526504890190994,43.0
2025-09-03,23.1,18.0,28.0,0.6,11.2,1020.8,21.0,30.0,13.0,20.0,36.0,43.0,27.0,21.857142857142858,5.0803074522635185,30.0,24.571428571428573,7.132960176470994,40.0,27.0,7.611243951073872,43.0
2025-09-04,23.5,17.0,30.0,0.2,12.5,1020.7,20.0,21.0,30.0,13.0,23.0,29.0,23.0,21.428571428571427,5.094347941825467,30.0,23.928571428571427,7.108654375686531,40.0,26.9,7.68496068237536,43.0
2025-09-05,25.6,20.0,31.0,0.0,16.9,1021.8,32.0,20.0,21.0,30.0,24.0,22.0,25.0,22.571428571428573,6.477065767180491,32.0,24.642857142857142,7.396539137244623,40.0,27.133333333333333,7.731410779649348,43.0
2025-09-06,24.8,18.0,31.0,0.0,15.3,1022.6,26.0,32.0,20.0,21.0,22.0,24.0,27.0,23.142857142857142,6.59364773673806,32.0,24.785714285714285,7.4024795370675305,40.0,27.1,7.734160677107138,43.0
2025-09-07,22.7,18.0,29.0,0.0,12.6,1022.2,20.0,26.0,32.0,20.0,20.0,23.0,15.0,23.142857142857142,6.59364773673806,32.0,24.571428571428573,7.500915695015942,40.0,27.266666666666666,7.515195334756124,43.0
2025-09-08,21.9,17.0,28.0,0.0,10.7,1021.9,18.0,20.0,26.0,32.0,13.0,17.0,25.0,23.857142857142858,5.49025110016451,32.0,24.642857142857142,7.427673233949505,40.0,27.033333333333335,7.694527089200269,43.0
2025-09-09,21.9,17.0,29.0,0.0,10.8,1022.1,17.0,18.0,20.0,26.0,30.0,40.0,35.0,22.0,5.259911279353209,32.0,23.0,6.214127824191007,36.0,26.433333333333334,7.753456774498906,43.0
2025-09-10,21.9,16.0,29.0,0.0,7.5,1022.4,20.0,17.0,18.0,20.0,21.0,36.0,24.0,21.857142857142858,5.304984179322082,32.0,21.857142857142858,4.9901000892867025,32.0,26.3,7.830752815353859,43.0
2025-09-11,21.9,16.0,29.0,0.0,7.6,1022.2,12.0,20.0,17.0,18.0,20.0,23.0,43.0,20.714285714285715,6.4990841845675185,32.0,21.071428571428573,5.622267345999332,32.0,25.266666666666666,7.592797555094147,43.0
2025-09-12,22.6,16.0,30.0,0.0,7.3,1022.7,20.0,12.0,20.0,17.0,32.0,24.0,36.0,19.0,4.203173404306208,26.0,20.785714285714285,5.563321800017478,32.0,24.733333333333334,7.371582590262245,43.0
2025-09-13,25.0,19.0,30.0,0.0,15.3,1023.8,14.0,20.0,12.0,20.0,26.0,22.0,31.0,17.285714285714285,3.1997023671109734,20.0,20.214285714285715,5.8333071689628,32.0,24.166666666666668,7.525053938784038,43.0
2025-09-14,24.6,19.0,29.0,0.0,13.6,1023.3,16.0,14.0,20.0,12.0,20.0,20.0,32.0,16.714285714285715,2.9840847683606806,20.0,19.928571428571427,5.941565265331861,32.0,23.633333333333333,7.51771853383877,43.0
2025-09-15,23.4,18.0,29.0,0.1,18.6,1022.6,9.0,16.0,14.0,20.0,18.0,13.0,29.0,15.428571428571429,4.0766466144427955,20.0,19.642857142857142,6.380344129339065,32.0,22.966666666666665,7.902349425125515,43.0
2025-09-16,22.4,18.0,26.0,3.0,19.3,1022.4,13.0,9.0,16.0,14.0,17.0,30.0,29.0,14.857142857142858,4.099941927579473,20.0,18.428571428571427,5.853523405927112,32.0,22.433333333333334,8.020161376540193,43.0
2025-09-17,22.1,18.0,27.0,0.0,16.1,1022.5,13.0,13.0,9.0,16.0,20.0,21.0,29.0,13.857142857142858,3.436498771936935,20.0,17.857142857142858,5.972464287907459,32.0,21.9,8.100021285625498,43.0
2025-09-18,22.6,16.0,30.0,0.0,13.1,1022.8,10.0,13.0,13.0,9.0,12.0,20.0,20.0,13.571428571428571,3.690399384761474,20.0,17.142857142857142,6.286213766368736,32.0,21.566666666666666,8.381767295058108,43.0
2025-09-19,22.8,18.0,29.0,0.2,9.0,1023.2,17.0,10.0,13.0,13.0,20.0,32.0,43.0,13.142857142857142,2.9113897843110457,17.0,16.071428571428573,4.615430402703317,26.0,20.7,7.372596043036201,40.0
2025-09-20,22.2,16.0,29.0,0.2,8.5,1023.5,5.0,17.0,10.0,13.0,14.0,26.0,29.0,11.857142857142858,4.180453381654996,17.0,14.571428571428571,4.552502029134642,20.0,19.9,7.734160677107134,40.0
2025-09-21,23.0,18.0,30.0,1.4,10.8,1023.0,14.0,5.0,17.0,10.0,16.0,20.0,22.0,11.571428571428571,3.909694909544029,17.0,14.142857142857142,4.276179870598827,20.0,19.633333333333333,7.796919521387177,40.0
2025-09-22,24.2,17.0,30.0,0.0,14.8,1023.6,13.0,14.0,5.0,17.0,9.0,18.0,24.0,12.142857142857142,3.7606990231680815,17.0,13.785714285714286,4.135746075908908,20.0,19.266666666666666,7.842999660726811,40.0
2025-09-23,24.1,20.0,28.0,0.0,18.6,1025.2,10.0,13.0,14.0,5.0,13.0,17.0,23.0,11.714285714285714,3.817254061682138,17.0,13.285714285714286,4.140393356054164,20.0,18.833333333333332,7.987418267169473,40.0
2025-09-24,23.9,18.0,29.0,0.0,15.4,1025.0,4.0,10.0,13.0,14.0,13.0,20.0,17.0,10.428571428571429,4.720774754816679,17.0,12.142857142857142,4.347539407653396,20.0,18.4,8.430650156955005,40.0
2025-09-25,23.4,17.0,30.0,0.1,9.2,1024.0,16.0,4.0,10.0,13.0,10.0,12.0,40.0,11.285714285714286,5.154748157905368,17.0,12.428571428571429,4.467218816673781,20.0,17.6,7.384046176117429,36.0
2025-09-26,22.6,16.0,28.0,0.0,8.1,1023.7,16.0,16.0,4.0,10.0,17.0,20.0,36.0,11.142857142857142,4.980915960897555,16.0,12.142857142857142,4.054572781386565,17.0,16.933333333333334,6.517527208960479,32.0
2025-09-27,24.3,20.0,29.0,0.0,13.8,1024.1,22.0,16.0,16.0,4.0,5.0,14.0,23.0,13.571428571428571,5.593363414414848,22.0,12.714285714285714,4.826665857163062,22.0,16.9,6.48791980902013,32.0
2025-09-28,23.9,18.0,29.0,0.0,17.8,1025.1,10.0,22.0,16.0,16.0,14.0,16.0,24.0,13.0,5.744562646538049,22.0,12.285714285714286,4.778615367987381,22.0,16.433333333333334,6.4630692683752065,32.0
2025-09-29,23.3,18.0,28.0,0.0,18.7,1025.1,6.0,10.0,22.0,16.0,13.0,9.0,22.0,12.0,6.324555320336776,22.0,12.071428571428571,4.9994505192576755,22.0,15.9,6.6454547598728855,32.0
2025-09-30,22.5,16.0,29.0,0.0,10.6,1024.0,8.0,6.0,10.0,22.0,10.0,13.0,20.0,11.714285714285714,6.473388749701513,22.0,11.714285714285714,5.105480786951843,22.0,15.5,6.750478910213803,32.0
2025-10-01,21.3,16.0,28.0,0.0,7.1,1022.0,28.0,8.0,6.0,10.0,4.0,13.0,13.0,15.142857142857142,7.904188160474847,28.0,12.785714285714286,6.715980613759687,28.0,16.0,7.105121999001115,32.0
2025-10-02,22.2,18.0,27.0,0.0,8.3,1021.7,12.0,28.0,8.0,6.0,16.0,10.0,30.0,14.571428571428571,7.9761549395086275,28.0,12.928571428571429,6.673302558176676,28.0,15.4,6.625967723726251,32.0
2025-10-03,22.0,16.0,29.0,0.0,8.0,1023.6,17.0,12.0,28.0,8.0,16.0,17.0,21.0,14.714285714285714,8.014867137894147,28.0,12.928571428571429,6.673302558176676,28.0,15.266666666666667,6.549194914108792,32.0
2025-10-04,21.5,15.0,27.0,0.0,14.0,1026.0,8.0,17.0,12.0,28.0,22.0,5.0,20.0,12.714285714285714,7.631388814501293,28.0,13.142857142857142,6.443328605347072,28.0,14.866666666666667,6.616246114200871,32.0
2025-10-05,21.1,15.0,26.0,0.0,14.8,1025.3,13.0,8.0,17.0,12.0,10.0,14.0,32.0,13.142857142857142,7.53720928524106,28.0,13.071428571428571,6.438636808831842,28.0,14.233333333333333,5.775592719744684,28.0
2025-10-06,20.3,14.0,26.0,0.0,7.7,1024.7,19.0,13.0,8.0,17.0,6.0,13.0,26.0,15.0,7.071067811865494,28.0,13.5,6.630349799334782,28.0,14.0,5.413902920037096,28.0
2025-10-07,20.5,15.0,28.0,0.0,6.5,1025.1,10.0,19.0,13.0,8.0,8.0,10.0,20.0,15.285714285714286,6.775305299745701,28.0,13.5,6.630349799334782,28.0,13.666666666666666,5.339077366590296,28.0
2025-10-08,20.8,14.0,26.0,0.0,4.7,1025.1,13.0,10.0,19.0,13.0,28.0,4.0,18.0,13.142857142857142,3.8047589248453972,19.0,14.142857142857142,6.049248432111787,28.0,13.5,5.276819836436231,28.0
2025-10-09,20.6,13.0,26.0,0.0,6.6,1026.0,11.0,13.0,10.0,19.0,12.0,16.0,17.0,13.0,3.872983346207446,19.0,13.785714285714286,6.078696361108175,28.0,13.3,5.253242020327822,28.0
2025-10-10,19.8,14.0,26.0,0.0,5.5,1025.8,18.0,11.0,13.0,10.0,17.0,16.0,20.0,13.142857142857142,4.059087394500235,19.0,13.928571428571429,6.1577254256407645,28.0,13.233333333333333,5.177426689624566,28.0
2025-10-11,19.8,13.0,25.0,0.2,10.0,1024.5,17.0,18.0,11.0,13.0,8.0,22.0,12.0,14.428571428571429,3.552329886011133,19.0,13.571428571428571,5.787443778949893,28.0,13.4,5.216684109992504,28.0
2025-10-12,19.7,14.0,25.0,0.0,12.1,1024.3,16.0,17.0,18.0,11.0,13.0,10.0,20.0,14.857142857142858,3.5321651258386457,19.0,14.0,5.724441524658199,28.0,13.266666666666667,5.091800936958278,28.0
2025-10-13,19.3,15.0,24.0,0.0,10.3,1024.9,11.0,16.0,17.0,18.0,19.0,6.0,14.0,13.714285714285714,3.2513733362117634,18.0,14.357142857142858,5.32926813935077,28.0,13.166666666666666,5.1063404355446345,28.0
2025-10-14,19.2,13.0,25.0,0.0,13.2,1025.3,20.0,11.0,16.0,17.0,10.0,8.0,16.0,15.142857142857142,3.5321651258386457,20.0,15.214285714285714,5.191391860623676,28.0,13.3,5.2335126991738345,28.0
2025-10-15,19.1,13.0,24.0,0.0,15.6,1024.1,14.0,20.0,11.0,16.0,13.0,28.0,9.0,15.285714285714286,3.450327796711809,20.0,14.214285714285714,3.662251754329326,20.0,13.466666666666667,5.1710956174738705,28.0
2025-10-16,18.7,14.0,24.0,0.0,12.0,1023.8,17.0,14.0,20.0,11.0,11.0,12.0,13.0,16.142857142857142,2.9113897843110514,20.0,14.571428571428571,3.6734868305883177,20.0,13.6,5.210069825463656,28.0
2025-10-17,18.8,14.0,25.0,0.0,8.2,1025.3,13.0,17.0,14.0,20.0,18.0,17.0,13.0,15.428571428571429,2.9920529661724267,20.0,14.285714285714286,3.625307868699906,20.0,13.6,5.210069825463656,28.0
2025-10-18,18.8,14.0,22.0,0.0,10.6,1026.1,12.0,13.0,17.0,14.0,17.0,8.0,10.0,14.714285714285714,3.147183169877813,20.0,14.571428571428571,3.227627986243571,20.0,13.666666666666666,5.175095090469575,28.0
2025-10-19,19.6,14.0,24.0,0.0,12.6,1025.1,9.0,12.0,13.0,17.0,16.0,13.0,17.0,13.714285714285714,3.72890894294325,20.0,14.285714285714286,3.5394169756434235,20.0,13.4,5.203447133292076,28.0
2025-10-20,19.1,14.0,24.0,0.0,12.4,1024.4,16.0,9.0,12.0,13.0,11.0,19.0,5.0,14.428571428571429,3.598941643369784,20.0,14.071428571428571,3.3157963590223405,20.0,13.766666666666667,4.973608509844277,28.0
2025-10-21,18.2,13.0,23.0,0.0,15.5,1025.0,10.0,16.0,9.0,12.0,20.0,10.0,14.0,13.0,2.943920288775988,17.0,14.071428571428571,3.3157963590223405,20.0,13.633333333333333,5.020532554066031,28.0
2025-10-22,18.0,12.0,24.0,0.0,15.7,1026.6,9.0,10.0,16.0,9.0,14.0,13.0,13.0,12.285714285714286,3.2513733362117603,17.0,13.785714285714286,3.577248006038107,20.0,13.5,5.09055921323466,28.0
2025-10-23,17.8,12.0,23.0,0.0,10.3,1026.9,5.0,9.0,10.0,16.0,17.0,11.0,10.0,10.571428571428571,3.5050983275386844,16.0,13.357142857142858,4.235511827342801,20.0,13.333333333333334,5.2871564180101345,28.0
2025-10-24,17.8,12.0,25.0,0.0,7.3,1026.3,11.0,5.0,9.0,10.0,13.0,18.0,4.0,10.285714285714286,3.3523268393901318,16.0,12.857142857142858,4.054572781386563,20.0,13.566666666666666,5.008154270327773,28.0
2025-10-25,18.0,12.0,25.0,0.0,7.6,1024.7,15.0,11.0,5.0,9.0,12.0,17.0,16.0,10.714285714285714,3.773340063934794,16.0,12.714285714285714,3.9307186938968015,20.0,13.533333333333333,4.994709845104279,28.0
2025-10-26,18.1,12.0,24.0,0.0,8.5,1024.8,13.0,15.0,11.0,5.0,9.0,16.0,16.0,11.285714285714286,3.7733400639347945,16.0,12.5,3.81797368730108,20.0,13.433333333333334,4.973608509844277,28.0
2025-10-27,18.5,12.0,25.0,0.0,7.7,1025.0,9.0,13.0,15.0,11.0,16.0,11.0,22.0,10.285714285714286,3.199702367110952,15.0,12.357142857142858,3.914610558430577,20.0,13.0,4.763365949873451,28.0
2025-10-28,18.6,13.0,25.0,0.0,6.2,1025.5,17.0,9.0,13.0,15.0,10.0,20.0,10.0,11.285714285714286,4.0708019567928835,17.0,12.142857142857142,3.5269761041947487,17.0,13.233333333333333,4.782751576621785,28.0
2025-10-29,18.9,13.0,26.0,0.0,10.3,1024.9,14.0,17.0,9.0,13.0,9.0,14.0,6.0,12.0,4.041451884327406,17.0,12.142857142857142,3.5269761041947487,17.0,13.5,4.58445649770072,28.0
2025-10-30,18.7,13.0,24.0,0.0,9.6,1024.6,7.0,14.0,17.0,9.0,5.0,17.0,8.0,12.285714285714286,3.4982989063394014,17.0,11.428571428571429,3.479926739155646,17.0,13.466666666666667,4.62924238482619,28.0
2025-10-31,18.1,12.0,24.0,0.0,10.4,1025.4,17.0,7.0,14.0,17.0,11.0,13.0,28.0,13.142857142857142,3.8483144114695245,17.0,11.714285714285714,3.7709123855879434,17.0,13.1,3.7997277579430313,20.0
2025-11-01,17.7,13.0,23.0,0.0,11.8,1026.0,11.0,17.0,7.0,14.0,15.0,12.0,12.0,12.571428571428571,3.8234863173611378,17.0,11.642857142857142,3.7745533175798536,17.0,13.066666666666666,3.8140695374863873,20.0
2025-11-02,16.8,11.0,23.0,0.0,10.2,1026.8,12.0,11.0,17.0,7.0,13.0,9.0,17.0,12.428571428571429,3.8234863173611378,17.0,11.857142857142858,3.6973408918207693,17.0,12.9,3.7448815643534714,20.0
2025-11-03,16.2,11.0,23.0,0.0,7.4,1027.8,15.0,12.0,11.0,17.0,9.0,16.0,8.0,13.285714285714286,3.5923198500080873,17.0,11.785714285714286,3.6199993928723155,17.0,13.133333333333333,3.645813218335317,20.0
2025-11-04,17.0,11.0,23.0,0.0,9.7,1026.9,7.0,15.0,12.0,11.0,17.0,10.0,13.0,11.857142857142858,3.848314411469523,17.0,11.571428571428571,3.817254061682154,17.0,12.933333333333334,3.814069537486388,20.0
2025-11-05,16.6,10.0,23.0,0.0,6.6,1025.8,12.0,7.0,15.0,12.0,14.0,9.0,19.0,11.571428571428571,3.7352886036263873,17.0,11.785714285714286,3.745326758438155,17.0,12.7,3.640291765495049,20.0
2025-11-06,16.8,10.0,23.0,0.0,7.6,1024.5,15.0,12.0,7.0,15.0,7.0,5.0,10.0,12.714285714285714,3.3022358947782826,17.0,12.5,3.2757852845950617,17.0,12.866666666666667,3.6268475276065533,20.0
2025-11-07,16.9,9.0,24.0,0.0,8.5,1024.7,15.0,15.0,12.0,7.0,17.0,11.0,13.0,12.428571428571429,2.935821455580676,15.0,12.785714285714286,3.3091614422009945,17.0,12.933333333333334,3.6477043639029745,20.0
2025-11-08,16.7,11.0,23.0,0.0,10.0,1026.0,16.0,15.0,15.0,12.0,11.0,15.0,11.0,13.142857142857142,3.1320159337915308,16.0,12.857142857142858,3.370851133265555,17.0,13.1,3.670478687188289,20.0
2025-11-09,16.3,11.0,22.0,0.0,7.2,1026.4,12.0,16.0,15.0,15.0,12.0,13.0,18.0,13.142857142857142,3.1320159337915308,16.0,12.785714285714286,3.3781781942473414,17.0,12.9,3.5559566344665847,20.0
2025-11-10,16.0,9.0,22.0,0.0,6.1,1025.5,16.0,12.0,16.0,15.0,15.0,9.0,17.0,13.285714285714286,3.251373336211761,16.0,13.285714285714286,3.2916811563645023,17.0,12.866666666666667,3.520710482111615,20.0
2025-11-11,16.2,9.0,23.0,0.0,7.6,1024.7,10.0,16.0,12.0,16.0,7.0,17.0,16.0,13.714285714285714,2.3603873774083786,16.0,12.785714285714286,3.214835117881655,17.0,12.666666666666666,3.506971709996058,20.0
2025-11-12,17.0,11.0,23.0,0.0,7.7,1025.0,14.0,10.0,16.0,12.0,12.0,14.0,11.0,14.0,2.236067977499842,16.0,12.785714285714286,3.214835117881655,17.0,12.766666666666667,3.5005746654664818,20.0
2025-11-13,17.2,11.0,24.0,0.0,7.5,1026.1,11.0,14.0,10.0,16.0,15.0,7.0,20.0,13.428571428571429,2.4397501823713794,16.0,13.071428571428571,2.8138198978582,17.0,12.466666666666667,3.234867511366113,17.0
2025-11-14,16.8,11.0,23.0,0.0,8.0,1025.1,9.0,11.0,14.0,10.0,15.0,17.0,14.0,12.571428571428571,2.819996622760596,16.0,12.5,2.766558539746896,16.0,12.3,3.2816102019041535,17.0
2025-11-15,17.0,11.0,23.0,0.0,7.2,1024.5,21.0,9.0,11.0,14.0,16.0,11.0,17.0,13.285714285714286,4.151878519188087,21.0,13.214285714285714,3.533979483388564,21.0,12.433333333333334,3.5494859592217973,21.0
2025-11-16,16.9,12.0,22.0,0.7,9.8,1026.5,8.0,21.0,9.0,11.0,12.0,12.0,13.0,12.714285714285714,4.6084807950229605,21.0,12.928571428571429,3.7919811285291485,21.0,12.266666666666667,3.638238805960302,21.0
2025-11-17,17.3,12.0,24.0,0.0,7.2,1028.0,10.0,8.0,21.0,9.0,16.0,15.0,12.0,11.857142857142858,4.450789122113517,21.0,12.571428571428571,3.8172540616821533,21.0,12.2,3.661542919552382,21.0
2025-11-18,16.2,9.0,24.0,0.0,6.3,1026.9,5.0,10.0,8.0,21.0,10.0,7.0,9.0,11.142857142857142,5.145501965424819,21.0,12.428571428571429,4.0708019567928995,21.0,12.066666666666666,3.8500634417821185,21.0
2025-11-19,15.3,9.0,23.0,0.0,14.2,1026.2,12.0,5.0,10.0,8.0,14.0,12.0,16.0,10.857142857142858,5.014265364224089,21.0,12.428571428571429,4.0708019567928995,21.0,11.933333333333334,3.777732702007401,21.0
2025-11-20,14.5,9.0,21.0,0.0,17.8,1027.9,16.0,12.0,5.0,10.0,11.0,15.0,10.0,11.571428571428571,5.380741673076413,21.0,12.5,4.127767137141079,21.0,12.133333333333333,3.830308651768958,21.0
2025-11-21,14.2,8.0,22.0,0.0,13.5,1028.5,11.0,16.0,12.0,5.0,9.0,15.0,9.0,11.857142857142858,5.273473599964639,21.0,12.214285714285714,4.079565803226794,21.0,12.2,3.791096647818872,21.0
2025-11-22,14.0,8.0,22.0,0.0,8.7,1028.0,13.0,11.0,16.0,12.0,21.0,16.0,5.0,10.714285714285714,3.545621041711701,16.0,12.0,3.941885530867414,21.0,12.466666666666667,3.540244812627139,21.0
2025-11-23,14.2,8.0,22.0,0.0,4.5,1027.0,16.0,13.0,11.0,16.0,8.0,12.0,11.0,11.857142857142858,3.804758924845394,16.0,12.285714285714286,4.084277008396836,21.0,12.633333333333333,3.586212422630583,21.0
2025-11-24,15.2,8.0,22.0,0.0,7.2,1026.4,17.0,16.0,13.0,11.0,10.0,16.0,15.0,12.857142857142858,4.14039335605415,17.0,12.357142857142858,4.162232072359272,21.0,12.7,3.649751999132605,21.0
2025-11-25,15.7,10.0,22.0,0.0,7.9,1025.9,16.0,17.0,16.0,13.0,5.0,10.0,13.0,14.428571428571429,2.3704530408864537,17.0,12.785714285714286,4.209486930705515,21.0,12.8,3.699021305790179,21.0
2025-11-26,15.6,9.0,22.0,0.0,6.5,1025.1,18.0,16.0,17.0,16.0,12.0,14.0,9.0,15.285714285714286,2.4299715851758683,18.0,13.071428571428571,4.428305557421533,21.0,13.1,3.744881564353472,21.0
2025-11-27,16.0,11.0,22.0,0.0,6.8,1025.4,19.0,18.0,16.0,17.0,16.0,11.0,17.0,15.714285714285714,2.8115408417382315,19.0,13.642857142857142,4.651007216922851,21.0,13.166666666666666,3.83345826882863,21.0
2025-11-28,15.5,9.0,22.0,0.0,7.1,1025.9,18.0,19.0,18.0,16.0,11.0,9.0,14.0,16.714285714285715,1.976047040118763,19.0,14.285714285714286,4.581376538662948,21.0,13.3,3.9317452472986085,21.0
2025-11-29,14.8,10.0,22.0,0.0,11.1,1025.6,22.0,18.0,19.0,18.0,13.0,21.0,7.0,18.0,2.0816659994661837,22.0,14.357142857142858,4.700362389583052,22.0,13.8,4.054797073879881,22.0
2025-11-30,14.0,8.0,21.0,0.0,9.6,1025.0,19.0,22.0,18.0,19.0,16.0,8.0,17.0,18.428571428571427,1.9023794624227393,22.0,15.142857142857142,4.469678062010985,22.0,13.866666666666667,4.125056600099326,22.0
2025-12-01,13.2,5.0,21.0,0.0,6.0,1024.2,14.0,19.0,22.0,18.0,17.0,10.0,11.0,18.0,2.5166114784236253,22.0,15.428571428571429,4.2374572512350195,22.0,13.966666666666667,4.089375075209798,22.0
2025-12-02,13.5,6.0,20.0,0.0,5.5,1023.8,14.0,14.0,19.0,22.0,16.0,5.0,12.0,17.714285714285715,2.870208222079967,22.0,16.071428571428573,3.0499504589743887,22.0,14.033333333333333,4.07247559492557,22.0
2025-12-03,14.1,6.0,22.0,0.0,4.7,1023.8,18.0,14.0,14.0,19.0,18.0,12.0,15.0,17.714285714285715,2.870208222079967,22.0,16.5,2.848751413406388,22.0,14.133333333333333,4.133407489138275,22.0
2025-12-04,14.5,7.0,21.0,0.0,5.0,1024.7,16.0,18.0,14.0,14.0,19.0,16.0,7.0,17.285714285714285,2.8702082220799667,22.0,16.5,2.848751413406388,22.0,14.433333333333334,3.918860965174425,22.0
2025-12-05,14.6,8.0,21.0,0.0,7.0,1025.2,9.0,16.0,18.0,14.0,18.0,11.0,12.0,16.0,4.203173404306186,22.0,16.357142857142858,3.1770122117182478,22.0,14.333333333333334,4.020064618912225,22.0
2025-12-06,15.2,8.0,22.0,0.0,5.4,1025.4,27.0,9.0,16.0,18.0,22.0,13.0,15.0,16.714285714285715,5.589105048046193,27.0,17.357142857142858,4.106414173294947,27.0,14.733333333333333,4.638172450239526,27.0
2025-12-07,15.5,9.0,23.0,0.0,8.1,1025.3,13.0,27.0,9.0,16.0,19.0,16.0,15.0,15.857142857142858,5.639993245521133,27.0,17.142857142857142,4.258153136263232,27.0,14.666666666666666,4.6485691779620595,27.0
2025-12-08,15.1,8.0,23.0,0.0,6.6,1025.6,9.0,13.0,27.0,9.0,14.0,17.0,16.0,15.142857142857142,6.202917900165264,27.0,16.571428571428573,4.783212401631477,27.0,14.433333333333334,4.75382483635153,27.0
2025-12-09,15.9,10.0,22.0,0.0,9.2,1024.5,12.0,9.0,13.0,27.0,14.0,16.0,12.0,14.857142857142858,6.309478885734065,27.0,16.285714285714285,4.936965300022541,27.0,14.433333333333334,4.75382483635153,27.0
2025-12-10,15.3,10.0,21.0,0.0,10.2,1024.6,16.0,12.0,9.0,13.0,18.0,18.0,16.0,14.571428571428571,6.187545093630789,27.0,16.142857142857142,4.912419783759163,27.0,14.433333333333334,4.75382483635153,27.0
2025-12-11,15.2,12.0,20.0,0.0,12.5,1024.3,15.0,16.0,12.0,9.0,16.0,19.0,10.0,14.428571428571429,6.160550377391708,27.0,15.857142857142858,4.849379704300727,27.0,14.6,4.680111993944384,27.0
2025-12-12,14.6,11.0,20.0,0.0,9.7,1024.4,16.0,15.0,16.0,12.0,9.0,18.0,14.0,15.428571428571429,5.682051943243256,27.0,15.714285714285714,4.810702354423669,27.0,14.666666666666666,4.685512030558214,27.0
2025-12-13,13.3,9.0,19.0,0.0,8.2,1024.0,18.0,16.0,15.0,16.0,27.0,22.0,11.0,14.142857142857142,3.023715784073844,18.0,15.428571428571429,4.5185819033832635,27.0,14.9,4.670892995917414,27.0
2025-12-14,13.6,8.0,19.0,0.0,11.7,1022.8,21.0,18.0,16.0,15.0,13.0,19.0,9.0,15.285714285714286,3.9036002917941546,21.0,15.571428571428571,4.66928236479634,27.0,15.3,4.662025606817352,27.0
2025-12-15,13.2,12.0,15.0,3.2,14.5,1021.4,18.0,21.0,18.0,16.0,9.0,14.0,21.0,16.571428571428573,2.8199966227605917,21.0,15.857142857142858,4.688072309384985,27.0,15.2,4.566746370644325,27.0
2025-12-16,13.1,12.0,16.0,4.1,15.2,1020.6,18.0,18.0,21.0,18.0,12.0,14.0,8.0,17.428571428571427,1.9880595947760602,21.0,16.142857142857142,4.688072309384984,27.0,15.533333333333333,4.384402867637409,27.0
2025-12-17,12.9,10.0,16.0,0.0,14.9,1021.7,26.0,18.0,18.0,21.0,16.0,18.0,10.0,18.857142857142858,3.6709931185158458,26.0,16.714285714285715,5.369838436597986,27.0,16.066666666666666,4.653017807041327,27.0
2025-12-18,12.8,11.0,16.0,2.1,16.1,1023.3,15.0,26.0,18.0,18.0,15.0,16.0,5.0,18.857142857142858,3.6709931185158458,26.0,16.642857142857142,5.386695045803483,27.0,16.4,4.165540077580702,27.0
2025-12-19,11.4,6.0,16.0,0.0,11.7,1023.5,24.0,15.0,26.0,18.0,16.0,9.0,12.0,20.0,3.872983346207447,26.0,17.714285714285715,5.239327194454428,27.0,16.8,4.302365027236324,27.0
2025-12-20,11.2,5.0,18.0,0.0,4.8,1022.2,19.0,24.0,15.0,26.0,18.0,27.0,16.0,20.142857142857142,3.804758924845399,26.0,17.142857142857142,4.537995878513648,26.0,16.9,4.317965676821309,27.0
2025-12-21,12.9,7.0,18.0,0.0,4.5,1022.8,21.0,19.0,24.0,15.0,21.0,13.0,11.0,20.142857142857142,3.804758924845399,26.0,17.714285714285715,4.479501542128803,26.0,17.233333333333334,4.231925732134115,27.0
2025-12-22,13.6,8.0,19.0,0.0,4.3,1023.7,29.0,21.0,19.0,24.0,18.0,9.0,13.0,21.714285714285715,4.889249625940791,29.0,19.142857142857142,4.671635240916833,29.0,17.766666666666666,4.665968749125535,29.0
2025-12-23,14.1,7.0,20.0,0.0,5.2,1024.0,25.0,29.0,21.0,19.0,18.0,12.0,16.0,22.714285714285715,4.715728494951286,29.0,20.071428571428573,4.428305557421524,29.0,18.066666666666666,4.834740183678766,29.0
2025-12-24,15.2,7.0,22.0,0.0,6.0,1024.7,23.0,25.0,29.0,21.0,26.0,16.0,17.0,22.285714285714285,4.498677054212217,29.0,20.571428571428573,4.327271048279154,29.0,18.266666666666666,4.912568913850813,29.0
2025-12-25,14.6,7.0,22.0,0.0,5.1,1024.0,29.0,23.0,25.0,29.0,15.0,15.0,16.0,24.285714285714285,3.773340063934807,29.0,21.571428571428573,4.552502029134633,29.0,18.7,5.266353839101653,29.0
2025-12-26,14.0,10.0,19.0,0.0,11.8,1021.8,28.0,29.0,23.0,25.0,24.0,16.0,18.0,24.857142857142858,4.017817460121533,29.0,22.428571428571427,4.552502029134632,29.0,19.033333333333335,5.530375888785897,29.0
2025-12-27,13.6,9.0,19.0,0.0,11.1,1021.2,21.0,28.0,29.0,23.0,19.0,18.0,19.0,25.142857142857142,3.5790395093550047,29.0,22.642857142857142,4.3959271859502,29.0,19.1,5.542002625716476,29.0
2025-12-28,14.0,11.0,19.0,0.0,13.1,1021.2,18.0,21.0,28.0,29.0,21.0,21.0,18.0,24.714285714285715,4.270608298368693,29.0,22.428571428571427,4.552502029134632,29.0,19.1,5.542002625716476,29.0
2025-12-29,12.8,7.0,18.0,0.0,10.2,1024.0,36.0,18.0,21.0,28.0,29.0,18.0,22.0,25.714285714285715,5.9361683970466625,36.0,23.714285714285715,5.621778686892237,36.0,19.566666666666666,6.32827989557839,36.0
2025-12-30,13.4,7.0,19.0,0.0,7.7,1025.4,32.0,36.0,18.0,21.0,25.0,18.0,19.0,26.714285714285715,6.369570517030868,36.0,24.714285714285715,5.77032956569237,36.0,20.0,6.7210426120583024,36.0
2025-12-31,13.0,5.0,19.0,0.0,11.0,1025.6,26.0,32.0,36.0,18.0,23.0,26.0,14.0,27.142857142857142,6.175990377490679,36.0,24.714285714285715,5.77032956569237,36.0,20.4,6.708717951421433,36.0
